pay_dt_quarter,consume_large_area_name,good_mid_class_merged,order_fst,order_re,order_wake,members,amt,qty,orders,tag_price_avg,tag_price_std,tag_price_min,tag_price_p10,tag_price_p25,tag_price_p50,tag_price_p75,tag_price_p90,tag_price_max,barg_price_avg,barg_price_std
2022Q1,可隆-东北,防水夹克,310,578,157,815,2460667.01,1212,1045,2824.97,460.64,1949.75,2249.17,2525.56,2824.97,3124.39,3400.77,3792.32,2062.87,396.2
2022Q1,可隆-东北,卫衣,360,355,100,623,1057887.18,1339,815,1107.2,319.95,499.29,707.26,899.23,1107.2,1315.16,1507.13,1779.09,829.84,183.45
2022Q1,可隆-东北,长袖T恤,202,312,105,549,613106.91,906,619,871.48,146.21,593.68,688.72,776.44,871.48,966.51,1054.24,1178.52,664.58,152.38
2022Q1,可隆-东北,三合一夹克,186,295,53,515,2813769.14,893,534,4626.75,836.72,3036.99,3580.85,4082.88,4626.75,5170.62,5672.65,6383.86,3289.08,747.18
2022Q1,可隆-东北,POLO,289,330,64,578,857822.95,1075,683,999.29,175.86,665.16,779.47,884.98,999.29,1113.6,1219.11,1368.59,789.15,95.63
2022Q1,可隆-东北,短袖T恤,322,380,46,677,585164.4,1089,748,716.3,186.46,362.02,483.22,595.1,716.3,837.5,949.38,1107.87,499.97,97.68
2022Q1,可隆-东北,长裤,161,236,58,369,752989.7,770,455,1446.39,258.36,955.5,1123.44,1278.46,1446.39,1614.33,1769.34,1988.95,1001.05,185.56
2022Q1,可隆-东北,衬衫,84,182,24,238,369896.75,458,290,1168.36,303.28,592.13,789.26,971.23,1168.36,1365.49,1547.46,1805.24,801.28,148.25
2022Q1,可隆-东北,针织夹克,120,209,39,336,498177.89,482,368,1513.55,253.39,1032.1,1196.81,1348.84,1513.55,1678.26,1830.29,2045.67,1032.92,239.03
2022Q1,可隆-东北,羽绒服,223,313,62,525,1324722.55,725,598,3131.14,950.44,1325.3,1943.09,2513.35,3131.14,3748.92,4319.18,5127.06,1923.09,446.07
2022Q1,可隆-东北,鞋,247,210,54,408,952818.14,697,511,2159.32,479.46,1248.36,1560.0,1847.68,2159.32,2470.97,2758.64,3166.18,1390.6,211.9
2022Q1,可隆-东北,马夹,105,134,25,279,552573.56,413,264,1809.46,443.57,966.68,1255.0,1521.14,1809.46,2097.77,2363.91,2740.95,1336.49,299.34
2022Q1,可隆-东北,软壳夹克,230,277,75,434,2110641.62,999,582,2683.51,458.09,1813.13,2110.89,2385.75,2683.51,2981.27,3256.12,3645.5,2246.27,602.04
2022Q1,可隆-东北,配件,102,220,55,337,140124.6,473,377,381.61,86.85,216.59,273.04,325.16,381.61,438.07,490.18,564.0,284.33,56.44
2022Q1,可隆-东北,抓绒夹克,114,252,13,319,573540.28,526,379,1636.45,472.5,738.71,1045.83,1329.33,1636.45,1943.57,2227.07,2628.69,1098.11,289.23
2022Q1,可隆-东北,防风夹克,150,328,27,467,1656396.53,777,505,2781.87,848.14,1170.4,1721.69,2230.58,2781.87,3333.17,3842.05,4562.97,2031.94,318.68
2022Q1,可隆-东北,其他,30,44,19,90,35712.47,160,93,275.62,64.14,153.76,195.45,233.93,275.62,317.31,355.8,410.31,218.99,35.25
2022Q1,可隆-东北,棉服,111,128,27,272,864269.42,344,266,2945.05,885.93,1261.78,1837.63,2369.19,2945.05,3520.9,4052.46,4805.5,2492.47,506.02
2022Q1,可隆-东北,连衣裙,59,75,15,114,287312.45,244,149,1707.33,313.08,1112.47,1315.98,1503.82,1707.33,1910.83,2098.68,2364.8,1254.3,175.15
2022Q1,可隆-东北,短裤,191,277,55,386,396278.81,695,523,753.97,173.51,424.29,537.08,641.19,753.97,866.75,970.86,1118.35,581.66,83.19
2022Q1,可隆-华东,防水夹克,677,527,170,1108,3057275.29,1566,1374,3185.97,560.6,2120.83,2485.22,2821.58,3185.97,3550.36,3886.72,4363.23,2078.98,516.96
2022Q1,可隆-华东,卫衣,251,555,111,847,1449535.24,1361,917,1308.3,250.62,832.12,995.03,1145.4,1308.3,1471.2,1621.57,1834.6,998.3,267.51
2022Q1,可隆-华东,长袖T恤,293,348,93,735,1065491.56,1151,734,918.49,282.84,381.09,564.93,734.64,918.49,1102.33,1272.04,1512.46,846.29,210.47
2022Q1,可隆-华东,三合一夹克,140,226,56,320,1274552.85,593,422,3952.73,984.56,2082.07,2722.04,3312.77,3952.73,4592.7,5183.43,6020.3,2166.95,560.89
2022Q1,可隆-华东,POLO,383,654,96,997,962249.98,1358,1133,850.61,233.31,407.32,558.97,698.96,850.61,1002.26,1142.24,1340.55,757.33,189.83
2022Q1,可隆-华东,短袖T恤,483,1027,178,1409,1612357.6,3200,1688,692.5,117.58,469.09,545.52,616.07,692.5,768.93,839.48,939.42,485.01,80.3
2022Q1,可隆-华东,长裤,230,529,94,767,1390613.96,1362,853,1282.53,270.43,768.72,944.5,1106.75,1282.53,1458.3,1620.56,1850.42,971.8,166.06
2022Q1,可隆-华东,衬衫,205,286,49,452,930961.03,826,540,1307.22,194.6,937.48,1063.97,1180.73,1307.22,1433.71,1550.47,1715.89,1105.74,198.79
2022Q1,可隆-华东,针织夹克,150,280,87,436,844895.4,851,517,1222.33,386.65,487.69,739.02,971.01,1222.33,1473.65,1705.65,2034.3,970.77,241.07
2022Q1,可隆-华东,羽绒服,286,377,81,655,2973982.83,1116,744,3649.43,763.88,2198.05,2694.57,3152.91,3649.43,4145.96,4604.29,5253.59,3057.2,679.71
2022Q1,可隆-华东,鞋,269,460,38,641,2139995.26,1454,767,1896.3,395.01,1145.79,1402.54,1639.54,1896.3,2153.05,2390.05,2725.81,1496.38,343.75
2022Q1,可隆-华东,马夹,214,166,63,318,1372286.71,791,443,1975.08,562.49,906.36,1271.98,1609.47,1975.08,2340.7,2678.19,3156.3,1697.61,348.41
2022Q1,可隆-华东,软壳夹克,245,390,121,767,2783024.23,1290,756,2555.39,691.56,1241.42,1690.94,2105.87,2555.39,3004.9,3419.84,4007.67,2079.32,277.63
2022Q1,可隆-华东,配件,131,194,26,326,181981.37,650,351,444.1,82.43,287.48,341.06,390.52,444.1,497.68,547.13,617.2,294.92,63.23
2022Q1,可隆-华东,抓绒夹克,168,179,69,337,587397.1,454,416,1746.57,399.24,988.0,1247.51,1487.06,1746.57,2006.08,2245.62,2584.98,1267.59,273.72
2022Q1,可隆-华东,防风夹克,329,398,44,568,2269316.77,1252,771,2582.86,516.71,1601.11,1936.97,2247.0,2582.86,2918.73,3228.75,3667.96,1741.69,459.35
2022Q1,可隆-华东,其他,73,94,16,162,65367.93,278,183,310.35,64.86,187.11,229.27,268.19,310.35,352.51,391.43,446.56,248.28,58.78
2022Q1,可隆-华东,棉服,143,254,58,359,1883646.51,706,455,3246.86,523.8,2251.63,2592.1,2906.39,3246.86,3587.33,3901.61,4346.85,2560.29,655.65
2022Q1,可隆-华东,连衣裙,27,74,23,114,181399.18,195,124,1676.79,373.15,967.8,1210.35,1434.24,1676.79,1919.34,2143.23,2460.41,992.36,189.31
2022Q1,可隆-华东,短裤,166,176,52,414,246718.45,429,394,824.01,131.15,574.83,660.08,738.77,824.01,909.26,987.94,1099.42,562.19,157.33
2022Q1,可隆-华北,防水夹克,362,425,139,783,3273908.2,1533,926,2997.05,526.51,1996.68,2338.91,2654.82,2997.05,3339.29,3655.2,4102.73,2114.81,561.91
2022Q1,可隆-华北,卫衣,317,465,102,698,573251.39,1018,884,1059.98,159.32,757.28,860.83,956.42,1059.98,1163.54,1259.13,1394.55,637.5,158.2
2022Q1,可隆-华北,长袖T恤,340,379,141,644,929500.24,1321,860,1009.64,169.56,687.48,797.69,899.43,1009.64,1119.85,1221.59,1365.71,734.38,174.44
2022Q1,可隆-华北,三合一夹克,165,233,72,338,1697954.48,599,470,4348.49,1300.83,1876.9,2722.45,3502.95,4348.49,5194.03,5974.53,7080.24,2768.93,646.63
2022Q1,可隆-华北,POLO,238,408,71,717,742277.91,1018,717,1017.74,169.07,696.51,806.4,907.84,1017.74,1127.64,1229.08,1372.79,717.36,194.67
2022Q1,可隆-华北,短袖T恤,204,448,127,706,783800.65,1381,779,786.22,177.18,449.59,564.75,671.06,786.22,901.39,1007.69,1158.29,557.83,77.58
2022Q1,可隆-华北,长裤,289,327,120,713,1144475.22,1190,736,1346.86,241.32,888.35,1045.21,1190.0,1346.86,1503.72,1648.51,1853.63,1003.56,214.89
2022Q1,可隆-华北,衬衫,146,233,46,299,554266.5,753,425,1004.75,257.85,514.84,682.44,837.15,1004.75,1172.36,1327.07,1546.24,751.37,168.6
2022Q1,可隆-华北,针织夹克,145,200,67,416,903927.49,639,412,1789.0,535.9,770.79,1119.12,1440.66,1789.0,2137.33,2458.87,2914.38,1320.0,352.93
2022Q1,可隆-华北,羽绒服,241,358,58,543,2840285.58,906,657,3815.65,726.92,2434.5,2907.0,3343.15,3815.65,4288.15,4724.3,5342.18,3078.55,534.01
2022Q1,可隆-华北,鞋,250,273,26,498,1042333.84,632,549,1903.98,472.47,1006.28,1313.38,1596.87,1903.98,2211.09,2494.57,2896.17,1578.61,219.66
2022Q1,可隆-华北,马夹,43,57,28,106,213541.28,184,128,1979.53,505.49,1019.09,1347.66,1650.96,1979.53,2308.1,2611.39,3041.06,1178.06,143.39
2022Q1,可隆-华北,软壳夹克,339,370,122,789,2629808.92,1437,831,2981.17,948.78,1178.49,1795.19,2364.46,2981.17,3597.88,4167.15,4973.61,1915.07,273.19
2022Q1,可隆-华北,配件,234,323,121,580,342673.14,1086,678,479.15,145.31,203.05,297.5,384.69,479.15,573.6,660.79,784.31,331.12,42.1
2022Q1,可隆-华北,抓绒夹克,130,141,30,230,285307.32,322,301,1579.66,402.44,815.01,1076.6,1318.07,1579.66,1841.24,2082.71,2424.78,924.23,206.9
2022Q1,可隆-华北,防风夹克,203,279,71,548,1834962.0,935,553,2543.14,707.89,1198.15,1658.27,2083.01,2543.14,3003.26,3428.0,4029.7,1909.39,489.42
2022Q1,可隆-华北,其他,48,75,12,134,35280.37,176,135,276.0,69.98,143.04,188.53,230.52,276.0,321.49,363.48,422.96,197.16,29.26
2022Q1,可隆-华北,棉服,213,216,55,457,1425821.9,803,484,2949.06,560.45,1884.2,2248.5,2584.77,2949.06,3313.35,3649.63,4126.01,1781.67,414.21
2022Q1,可隆-华北,连衣裙,39,83,25,111,169281.04,220,147,1549.07,434.92,722.72,1005.42,1266.37,1549.07,1831.76,2092.71,2462.39,816.68,211.26
2022Q1,可隆-华北,短裤,217,156,29,389,379722.14,642,402,938.9,255.45,453.54,619.59,772.86,938.9,1104.94,1258.22,1475.35,584.19,140.2
2022Q1,可隆-华南,防水夹克,215,594,60,797,2905842.19,1256,869,3434.03,735.17,2037.21,2515.07,2956.17,3434.03,3911.89,4352.99,4977.89,2538.89,627.08
2022Q1,可隆-华南,卫衣,311,543,89,769,1204745.2,1606,943,1248.39,199.33,869.66,999.23,1118.83,1248.39,1377.96,1497.56,1666.99,730.5,166.59
2022Q1,可隆-华南,长袖T恤,182,218,39,452,491634.48,743,439,919.57,270.78,405.09,581.1,743.57,919.57,1095.58,1258.05,1488.21,616.92,74.48
2022Q1,可隆-华南,三合一夹克,151,243,64,426,1774175.22,672,458,4715.08,955.49,2899.65,3520.72,4094.01,4715.08,5336.15,5909.44,6721.61,3002.34,770.21
2022Q1,可隆-华南,POLO,130,385,62,520,604734.19,872,577,881.8,237.36,430.82,585.1,727.52,881.8,1036.08,1178.5,1380.25,675.78,168.4
2022Q1,可隆-华南,短袖T恤,473,600,128,1063,926595.38,2009,1201,641.62,147.22,361.91,457.6,545.93,641.62,737.31,825.64,950.78,470.41,66.56
2022Q1,可隆-华南,长裤,321,621,158,921,1669063.81,1514,1100,1371.55,428.83,556.78,835.52,1092.82,1371.55,1650.29,1907.59,2272.09,1120.56,269.29
2022Q1,可隆-华南,衬衫,98,148,32,305,231385.95,341,278,1147.72,282.72,610.55,794.32,963.95,1147.72,1331.5,1501.13,1741.44,778.37,174.78
2022Q1,可隆-华南,针织夹克,98,203,54,296,805799.5,719,355,1504.83,329.42,878.93,1093.06,1290.71,1504.83,1718.96,1916.61,2196.62,1130.16,221.74
2022Q1,可隆-华南,羽绒服,246,407,75,672,3398962.5,1244,728,4085.47,949.02,2282.33,2899.2,3468.61,4085.47,4702.34,5271.75,6078.42,2791.57,528.38
2022Q1,可隆-华南,鞋,129,460,56,620,900520.72,700,645,2009.2,394.33,1259.97,1516.29,1752.88,2009.2,2265.51,2502.11,2837.29,1299.53,166.54
2022Q1,可隆-华南,马夹,86,106,37,226,452839.52,313,229,1995.51,279.97,1463.57,1645.55,1813.53,1995.51,2177.49,2345.47,2583.45,1401.4,193.3
2022Q1,可隆-华南,软壳夹克,185,248,54,497,1092878.57,603,487,2760.47,515.83,1780.39,2115.68,2425.18,2760.47,3095.75,3405.25,3843.7,1910.03,327.76
2022Q1,可隆-华南,配件,74,188,24,211,122334.73,459,286,449.0,120.37,220.3,298.54,370.76,449.0,527.24,599.47,701.78,282.33,40.68
2022Q1,可隆-华南,抓绒夹克,161,223,58,377,720542.46,754,442,1823.47,334.6,1187.74,1405.22,1605.98,1823.47,2040.96,2241.72,2526.13,1076.6,227.24
2022Q1,可隆-华南,防风夹克,128,356,68,431,1745626.08,1054,552,2511.52,466.56,1625.06,1928.32,2208.26,2511.52,2814.78,3094.72,3491.29,1733.61,462.89
2022Q1,可隆-华南,其他,73,35,26,102,46604.06,183,134,323.09,57.81,213.24,250.82,285.51,323.09,360.66,395.35,444.5,249.15,46.4
2022Q1,可隆-华南,棉服,165,167,51,425,1106696.6,600,383,2754.83,751.92,1326.19,1814.94,2266.09,2754.83,3243.58,3694.73,4333.86,1701.42,290.51
2022Q1,可隆-华南,连衣裙,62,50,15,108,177914.31,169,127,1553.59,218.62,1138.21,1280.31,1411.49,1553.59,1695.7,1826.87,2012.7,1126.09,138.12
2022Q1,可隆-华南,短裤,240,228,64,449,419520.73,829,532,805.02,120.02,576.98,654.99,727.01,805.02,883.04,955.05,1057.08,509.91,109.7
2022Q1,可隆-华西,防水夹克,376,494,44,807,4503998.81,1599,914,3505.06,876.05,1840.56,2410.0,2935.62,3505.06,4074.49,4600.12,5344.76,2811.29,586.34
2022Q1,可隆-华西,卫衣,285,291,119,533,792221.76,1059,695,1065.63,151.58,777.62,876.15,967.1,1065.63,1164.15,1255.1,1383.94,740.05,183.06
2022Q1,可隆-华西,长袖T恤,233,387,65,574,647969.42,1007,685,919.77,158.31,618.98,721.88,816.87,919.77,1022.67,1117.66,1252.23,682.34,103.67
2022Q1,可隆-华西,三合一夹克,60,212,13,247,1306177.51,444,285,4155.54,1167.43,1937.43,2696.26,3396.71,4155.54,4914.37,5614.83,6607.14,3395.64,717.12
2022Q1,可隆-华西,POLO,127,203,33,354,508117.37,539,363,1105.9,349.75,441.37,668.71,878.56,1105.9,1333.24,1543.1,1840.39,958.81,172.91
2022Q1,可隆-华西,短袖T恤,375,506,126,838,1252650.23,2201,1007,818.23,252.32,338.83,502.83,654.22,818.23,982.23,1133.62,1348.09,542.83,105.76
2022Q1,可隆-华西,长裤,295,374,101,668,1018881.01,1245,770,1401.63,257.69,912.03,1079.53,1234.14,1401.63,1569.13,1723.74,1942.78,791.98,107.57
2022Q1,可隆-华西,衬衫,152,205,36,310,358720.68,504,393,1059.71,156.98,761.46,863.49,957.68,1059.71,1161.75,1255.93,1389.36,713.41,140.57
2022Q1,可隆-华西,针织夹克,113,168,13,336,459579.38,455,294,1421.16,429.61,604.9,884.15,1141.92,1421.16,1700.41,1958.18,2323.35,1011.48,280.72
2022Q1,可隆-华西,羽绒服,112,250,30,329,1160144.74,705,392,3460.25,868.58,1809.95,2374.52,2895.67,3460.25,4024.82,4545.97,5284.26,1798.86,371.96
2022Q1,可隆-华西,鞋,191,254,54,385,1002983.16,706,499,2029.26,431.98,1208.51,1489.29,1748.48,2029.26,2310.05,2569.23,2936.41,1538.81,371.78
2022Q1,可隆-华西,马夹,171,134,32,234,585341.34,507,337,1681.63,289.76,1131.09,1319.43,1493.29,1681.63,1869.97,2043.83,2290.12,1220.18,227.16
2022Q1,可隆-华西,软壳夹克,259,399,125,597,2944094.28,1439,783,2723.88,460.41,1849.11,2148.37,2424.62,2723.88,3023.15,3299.39,3690.74,2258.3,610.65
2022Q1,可隆-华西,配件,170,281,58,360,236790.66,772,509,435.64,70.84,301.04,347.09,389.59,435.64,481.69,524.2,584.41,305.57,83.22
2022Q1,可隆-华西,抓绒夹克,220,153,57,349,794779.0,568,430,1686.55,514.45,709.09,1043.49,1352.16,1686.55,2020.95,2329.62,2766.91,1341.19,229.94
2022Q1,可隆-华西,防风夹克,267,219,74,509,982469.37,906,560,1766.99,396.47,1013.7,1271.4,1509.29,1766.99,2024.7,2262.58,2599.58,1326.36,191.61
2022Q1,可隆-华西,其他,46,100,15,120,61973.08,234,161,360.56,64.23,238.51,280.27,318.81,360.56,402.31,440.85,495.45,259.55,69.51
2022Q1,可隆-华西,棉服,84,114,27,235,725349.35,337,225,2706.29,453.08,1845.43,2139.93,2411.78,2706.29,3000.79,3272.64,3657.76,2148.65,475.21
2022Q1,可隆-华西,连衣裙,38,43,7,88,139721.87,156,88,1444.33,449.2,590.85,882.83,1152.35,1444.33,1736.32,2005.84,2387.66,876.21,153.19
2022Q1,可隆-华西,短裤,152,147,47,279,251706.68,439,346,844.43,164.2,532.46,639.19,737.7,844.43,951.16,1049.68,1189.24,587.55,159.58
2022Q1,可隆-安徽,防水夹克,465,382,111,799,4015198.66,1632,958,3234.9,829.66,1658.54,2197.82,2695.62,3234.9,3774.18,4271.98,4977.19,2362.97,412.99
2022Q1,可隆-安徽,卫衣,183,192,51,356,661178.41,717,426,1159.52,230.49,721.59,871.41,1009.7,1159.52,1309.33,1447.63,1643.54,905.0,137.24
2022Q1,可隆-安徽,长袖T恤,95,260,30,382,376962.48,601,385,877.82,229.51,441.75,590.93,728.64,877.82,1027.0,1164.7,1359.78,608.37,161.62
2022Q1,可隆-安徽,三合一夹克,135,168,11,286,1116768.88,350,314,4213.63,1330.26,1686.14,2550.81,3348.96,4213.63,5078.3,5876.45,7007.17,3032.25,557.78
2022Q1,可隆-安徽,POLO,160,183,38,331,502766.51,666,381,930.8,184.3,580.64,700.43,811.01,930.8,1050.6,1161.18,1317.83,730.17,151.24
2022Q1,可隆-安徽,短袖T恤,220,296,51,551,428799.0,818,567,797.11,218.49,381.99,524.0,655.1,797.11,939.13,1070.22,1255.94,512.98,124.32
2022Q1,可隆-安徽,长裤,351,219,40,450,1006350.61,964,610,1399.96,299.31,831.28,1025.82,1205.41,1399.96,1594.51,1774.09,2028.5,1021.22,158.31
2022Q1,可隆-安徽,衬衫,120,111,24,223,325011.31,341,255,1145.05,319.9,537.23,745.17,937.11,1145.05,1352.98,1544.93,1816.85,956.81,132.53
2022Q1,可隆-安徽,针织夹克,65,170,21,217,608050.49,464,256,1816.6,277.1,1290.12,1470.23,1636.49,1816.6,1996.71,2162.97,2398.5,1222.71,173.72
2022Q1,可隆-安徽,羽绒服,158,202,51,376,1232327.78,522,411,3099.87,742.09,1689.9,2172.26,2617.51,3099.87,3582.22,4027.47,4658.25,2393.9,479.07
2022Q1,可隆-安徽,鞋,204,265,49,392,1883090.05,967,518,2297.92,512.48,1324.22,1657.33,1964.81,2297.92,2631.03,2938.52,3374.12,1833.5,344.63
2022Q1,可隆-安徽,马夹,114,135,21,216,522754.63,345,270,1764.12,484.76,843.08,1158.17,1449.03,1764.12,2079.22,2370.07,2782.12,1454.14,360.95
2022Q1,可隆-安徽,软壳夹克,131,187,45,313,1153870.76,645,363,2515.46,376.07,1800.92,2045.37,2271.01,2515.46,2759.91,2985.56,3305.22,1881.98,225.99
2022Q1,可隆-安徽,配件,93,135,29,231,127637.67,489,257,416.28,119.96,188.36,266.33,338.31,416.28,494.25,566.22,668.19,291.6,60.14
2022Q1,可隆-安徽,抓绒夹克,121,98,28,186,469459.01,386,247,1705.7,381.47,980.91,1228.86,1457.74,1705.7,1953.65,2182.53,2506.77,1215.98,217.5
2022Q1,可隆-安徽,防风夹克,85,137,31,203,812361.77,416,253,2317.0,490.58,1384.9,1703.78,1998.12,2317.0,2635.88,2930.23,3347.22,1857.13,517.14
2022Q1,可隆-安徽,其他,36,54,16,91,27125.13,164,106,339.77,61.07,223.73,263.43,300.07,339.77,379.47,416.11,468.02,178.02,40.05
2022Q1,可隆-安徽,棉服,60,153,19,225,1077625.84,474,232,3370.25,836.77,1780.39,2324.29,2826.36,3370.25,3914.15,4416.22,5127.47,2315.57,458.0
2022Q1,可隆-安徽,连衣裙,18,35,7,65,97671.35,84,60,1520.06,298.93,952.1,1146.4,1325.76,1520.06,1714.37,1893.72,2147.81,1138.98,239.48
2022Q1,可隆-安徽,短裤,71,75,20,173,159748.52,247,166,846.96,190.22,485.54,609.19,723.32,846.96,970.61,1084.74,1246.43,651.35,127.78
2022Q1,可隆-山西,防水夹克,325,268,146,519,2246244.42,964,739,2933.16,519.92,1945.3,2283.25,2595.21,2933.16,3271.11,3583.06,4025.0,2460.31,461.65
2022Q1,可隆-山西,卫衣,161,231,41,410,616395.42,609,433,1105.01,276.13,580.37,759.85,925.53,1105.01,1284.5,1450.17,1684.88,997.31,152.45
2022Q1,可隆-山西,长袖T恤,122,245,11,395,214551.32,449,378,717.77,197.94,341.69,470.35,589.11,717.77,846.43,965.19,1133.44,448.15,112.56
2022Q1,可隆-山西,三合一夹克,149,159,28,275,1784965.76,570,336,3982.03,679.58,2690.83,3132.55,3540.3,3982.03,4423.75,4831.5,5409.14,3045.31,842.28
2022Q1,可隆-山西,POLO,106,132,36,264,363932.5,426,274,1030.32,304.88,451.05,649.22,832.15,1030.32,1228.49,1411.42,1670.57,792.79,169.89
2022Q1,可隆-山西,短袖T恤,246,364,118,628,442577.06,1068,728,636.35,140.75,368.92,460.41,544.86,636.35,727.84,812.3,931.94,449.44,94.77
2022Q1,可隆-山西,长裤,149,186,34,347,709505.31,629,369,1345.32,363.45,654.76,891.0,1109.07,1345.32,1581.56,1799.63,2108.57,1155.86,210.66
2022Q1,可隆-山西,衬衫,109,171,37,280,405819.94,438,317,1165.55,174.21,834.55,947.79,1052.31,1165.55,1278.78,1383.3,1531.38,899.82,244.11
2022Q1,可隆-山西,针织夹克,95,115,22,201,408690.23,332,232,1661.42,454.93,797.04,1092.75,1365.71,1661.42,1957.13,2230.09,2616.78,1244.56,319.04
2022Q1,可隆-山西,羽绒服,96,94,27,183,918664.97,279,217,3592.47,677.76,2304.73,2745.27,3151.93,3592.47,4033.02,4439.67,5015.77,3162.38,460.74
2022Q1,可隆-山西,鞋,78,246,48,293,567078.01,459,372,2069.04,616.71,897.29,1298.15,1668.18,2069.04,2469.9,2839.93,3364.13,1298.12,233.55
2022Q1,可隆-山西,马夹,38,38,13,80,114609.12,94,89,1729.61,372.16,1022.5,1264.41,1487.71,1729.61,1971.52,2194.82,2511.16,1415.92,196.73
2022Q1,可隆-山西,软壳夹克,190,314,80,475,1985124.75,1120,584,2552.51,674.43,1271.09,1709.47,2114.13,2552.51,2990.89,3395.55,3968.82,1914.6,279.8
2022Q1,可隆-山西,配件,104,155,16,233,121664.03,479,275,431.07,74.97,288.62,337.35,382.34,431.07,479.81,524.79,588.52,255.58,44.74
2022Q1,可隆-山西,抓绒夹克,87,82,25,161,579788.72,373,194,1771.69,450.3,916.13,1208.82,1479.0,1771.69,2064.38,2334.56,2717.31,1368.86,258.23
2022Q1,可隆-山西,防风夹克,159,186,38,381,1317586.55,771,383,2470.6,747.45,1050.44,1536.29,1984.76,2470.6,2956.44,3404.91,4040.24,1634.1,207.89
2022Q1,可隆-山西,其他,36,77,17,92,41277.95,214,130,289.84,61.3,173.37,213.21,250.0,289.84,329.69,366.47,418.58,196.93,37.65
2022Q1,可隆-山西,棉服,73,182,47,275,1123063.73,491,302,2605.86,696.84,1281.87,1734.81,2152.91,2605.86,3058.8,3476.9,4069.21,2153.19,544.33
2022Q1,可隆-山西,连衣裙,36,46,5,76,165424.76,141,87,1575.07,496.03,632.62,955.03,1252.65,1575.07,1897.49,2195.11,2616.73,1156.39,269.18
2022Q1,可隆-山西,短裤,24,35,8,74,61653.61,105,67,912.16,200.94,530.37,660.98,781.55,912.16,1042.77,1163.34,1334.14,577.46,155.29
2022Q1,可隆-西北,防水夹克,206,320,85,688,2876627.68,1175,611,3373.56,1065.69,1348.75,2041.45,2680.86,3373.56,4066.26,4705.68,5611.51,2379.71,375.56
2022Q1,可隆-西北,卫衣,128,189,35,329,563757.35,595,352,1227.64,216.48,816.33,957.04,1086.93,1227.64,1368.35,1498.23,1682.24,947.91,235.17
2022Q1,可隆-西北,长袖T恤,198,448,133,581,973975.31,1075,779,1080.57,224.86,653.33,799.49,934.41,1080.57,1226.73,1361.65,1552.78,864.07,210.25
2022Q1,可隆-西北,三合一夹克,110,110,47,227,1349791.69,365,267,4511.63,768.77,3050.97,3550.67,4011.93,4511.63,5011.33,5472.6,6126.05,3580.85,966.35
2022Q1,可隆-西北,POLO,98,202,17,268,207391.16,486,317,941.19,212.74,536.99,675.27,802.91,941.19,1079.47,1207.12,1387.94,455.11,85.33
2022Q1,可隆-西北,短袖T恤,142,292,94,467,646417.03,849,528,919.08,207.35,525.13,659.9,784.31,919.08,1053.86,1178.27,1354.51,773.24,100.25
2022Q1,可隆-西北,长裤,223,314,63,443,1182351.12,916,600,1629.4,422.43,826.78,1101.36,1354.82,1629.4,1903.98,2157.44,2516.5,1185.0,269.58
2022Q1,可隆-西北,衬衫,76,134,34,189,209776.29,380,244,972.65,266.64,466.03,639.35,799.33,972.65,1145.96,1305.94,1532.59,594.46,83.81
2022Q1,可隆-西北,针织夹克,110,172,9,259,450712.2,442,291,1723.53,302.62,1148.56,1345.26,1526.83,1723.53,1920.23,2101.8,2359.02,1040.03,173.28
2022Q1,可隆-西北,羽绒服,172,210,59,350,1474353.48,612,441,3884.49,735.01,2487.97,2965.72,3406.73,3884.49,4362.25,4803.26,5428.02,2370.16,401.35
2022Q1,可隆-西北,鞋,109,196,26,301,647827.02,440,331,2263.91,499.61,1314.66,1639.4,1939.17,2263.91,2588.66,2888.42,3313.09,1421.72,357.26
2022Q1,可隆-西北,马夹,81,64,22,149,334908.72,276,167,1539.67,291.16,986.47,1175.72,1350.42,1539.67,1728.92,1903.62,2151.1,1103.25,155.49
2022Q1,可隆-西北,软壳夹克,176,198,16,427,1226645.47,621,390,2432.72,720.31,1064.14,1532.34,1964.52,2432.72,2900.92,3333.1,3945.36,2006.9,561.56
2022Q1,可隆-西北,配件,39,57,12,99,56076.68,191,108,465.3,106.54,262.87,332.12,396.05,465.3,534.56,598.48,689.05,328.68,60.86
2022Q1,可隆-西北,抓绒夹克,139,142,22,212,417027.94,412,303,1814.63,539.17,790.21,1140.67,1464.17,1814.63,2165.09,2488.59,2946.89,1061.58,278.54
2022Q1,可隆-西北,防风夹克,209,253,61,390,1067368.84,786,523,2015.36,343.75,1362.24,1585.68,1791.92,2015.36,2238.8,2445.05,2737.23,1321.55,199.86
2022Q1,可隆-西北,其他,21,34,7,65,20064.34,88,62,280.33,52.6,180.38,214.57,246.14,280.33,314.52,346.08,390.79,219.14,58.32
2022Q1,可隆-西北,棉服,71,139,17,223,637102.66,323,227,2596.33,565.62,1521.66,1889.31,2228.68,2596.33,2963.99,3303.36,3784.13,1903.02,305.41
2022Q1,可隆-西北,连衣裙,22,26,6,57,75113.79,70,54,1503.97,221.02,1084.04,1227.7,1360.31,1503.97,1647.63,1780.24,1968.11,1206.64,184.95
2022Q1,可隆-西北,短裤,89,101,19,184,125256.27,256,209,646.99,138.33,384.16,474.07,557.07,646.99,736.9,819.9,937.48,514.63,101.23
2022Q1,可隆-电商,防水夹克,348,516,86,790,4090283.23,1558,950,3292.4,893.45,1594.85,2175.59,2711.66,3292.4,3873.15,4409.22,5168.65,2433.38,585.79
2022Q1,可隆-电商,卫衣,521,493,68,978,1799647.76,1971,1082,1254.87,357.0,576.58,808.62,1022.82,1254.87,1486.92,1701.12,2004.57,923.11,150.07
2022Q1,可隆-电商,长袖T恤,323,428,106,812,947272.9,1420,857,1136.05,166.23,820.22,928.27,1028.01,1136.05,1244.1,1343.84,1485.13,656.46,95.78
2022Q1,可隆-电商,三合一夹克,275,245,104,530,3169178.9,1108,624,3313.86,981.35,1449.29,2087.16,2675.98,3313.86,3951.73,4540.55,5374.7,2807.62,474.29
2022Q1,可隆-电商,POLO,284,354,86,609,841571.67,1279,724,824.31,193.66,456.34,582.23,698.43,824.31,950.19,1066.39,1231.0,657.72,157.3
2022Q1,可隆-电商,短袖T恤,187,666,146,1061,945085.27,1559,999,751.85,211.75,349.52,487.16,614.21,751.85,889.49,1016.54,1196.53,611.68,162.77
2022Q1,可隆-电商,长裤,532,594,131,1125,1304892.65,1554,1257,1397.2,426.45,586.95,864.14,1120.01,1397.2,1674.39,1930.26,2292.74,809.28,224.55
2022Q1,可隆-电商,衬衫,184,216,95,376,572036.78,698,495,1122.17,316.23,521.33,726.88,916.62,1122.17,1327.72,1517.46,1786.26,808.14,146.47
2022Q1,可隆-电商,针织夹克,130,156,46,297,463975.17,407,332,1579.0,228.01,1145.78,1293.99,1430.8,1579.0,1727.21,1864.02,2057.82,1182.93,183.62
2022Q1,可隆-电商,羽绒服,190,279,95,532,2380564.93,946,564,3425.59,1062.37,1407.09,2097.63,2735.05,3425.59,4116.12,4753.54,5656.55,2534.37,324.76
2022Q1,可隆-电商,鞋,115,269,42,437,1217197.78,695,426,2107.78,305.4,1527.51,1726.03,1909.27,2107.78,2306.29,2489.53,2749.12,1918.01,524.31
2022Q1,可隆-电商,马夹,157,233,12,340,1101327.71,776,402,1822.46,546.47,784.18,1139.38,1467.26,1822.46,2177.67,2505.54,2970.04,1350.05,337.35
2022Q1,可隆-电商,软壳夹克,182,191,49,419,1143888.84,665,422,2463.42,438.78,1629.73,1914.94,2178.21,2463.42,2748.63,3011.9,3384.86,1669.52,224.38
2022Q1,可隆-电商,配件,164,238,99,383,205522.35,786,501,384.45,97.48,199.23,262.6,321.08,384.45,447.81,506.3,589.16,260.52,68.04
2022Q1,可隆-电商,抓绒夹克,171,270,29,436,820182.64,814,470,1490.64,278.64,961.23,1142.34,1309.53,1490.64,1671.76,1838.95,2075.79,1050.66,151.89
2022Q1,可隆-电商,防风夹克,503,613,81,962,2761686.79,1670,1197,2275.37,407.27,1501.55,1766.28,2010.64,2275.37,2540.1,2784.46,3130.64,1695.39,390.32
2022Q1,可隆-电商,其他,63,111,19,148,95594.76,323,193,346.17,56.88,238.1,275.07,309.2,346.17,383.14,417.27,465.62,312.04,72.07
2022Q1,可隆-电商,棉服,131,235,31,396,1171777.2,604,397,2582.44,706.87,1239.38,1698.85,2122.97,2582.44,3041.9,3466.03,4066.87,2033.33,321.12
2022Q1,可隆-电商,连衣裙,41,64,15,124,259992.0,227,120,1651.13,388.28,913.41,1165.79,1398.75,1651.13,1903.51,2136.48,2466.52,1228.04,265.65
2022Q1,可隆-电商,短裤,200,193,56,555,456541.19,608,449,870.76,192.53,504.95,630.1,745.61,870.76,995.9,1111.42,1275.06,711.44,105.96
2022Q1,可隆-新疆,防水夹克,123,316,60,420,1352388.22,743,499,2666.58,447.37,1816.57,2107.36,2375.78,2666.58,2957.37,3225.8,3606.06,1850.46,500.68
2022Q1,可隆-新疆,卫衣,89,114,32,212,242046.81,345,235,1209.97,278.34,681.13,862.05,1029.05,1209.97,1390.9,1557.9,1794.49,685.24,165.13
2022Q1,可隆-新疆,长袖T恤,83,273,15,312,370802.84,575,371,913.78,290.81,361.24,550.27,724.76,913.78,1102.81,1277.3,1524.49,624.14,127.5
2022Q1,可隆-新疆,三合一夹克,41,125,30,148,1027088.47,329,196,3867.5,1227.59,1535.08,2333.01,3069.56,3867.5,4665.43,5401.98,6445.43,2993.07,830.9
2022Q1,可隆-新疆,POLO,93,92,26,212,261452.33,345,211,1031.04,220.12,612.8,755.88,887.96,1031.04,1174.12,1306.19,1493.3,749.6,179.81
2022Q1,可隆-新疆,短袖T恤,97,160,35,229,136509.05,365,292,670.38,160.7,365.05,469.5,565.92,670.38,774.83,871.25,1007.85,373.39,46.07
2022Q1,可隆-新疆,长裤,110,182,43,302,523250.99,564,335,1407.73,412.16,624.63,892.53,1139.83,1407.73,1675.63,1922.93,2273.26,935.64,135.54
2022Q1,可隆-新疆,衬衫,60,68,11,103,199645.31,244,139,1128.7,341.66,479.54,701.62,906.62,1128.7,1350.78,1555.77,1846.19,826.86,171.92
2022Q1,可隆-新疆,针织夹克,69,69,15,144,156710.97,201,153,1311.09,296.18,748.35,940.87,1118.57,1311.09,1503.6,1681.31,1933.06,752.21,133.55
2022Q1,可隆-新疆,羽绒服,63,55,25,132,465808.71,225,143,2949.44,825.24,1381.48,1917.89,2413.03,2949.44,3485.85,3981.0,4682.46,2186.54,545.94
2022Q1,可隆-新疆,鞋,103,99,20,224,330823.65,248,222,2147.25,460.6,1272.11,1571.5,1847.86,2147.25,2446.64,2723.0,3114.51,1446.11,214.41
2022Q1,可隆-新疆,马夹,36,54,17,87,205375.01,163,107,2005.87,556.31,948.87,1310.47,1644.26,2005.87,2367.47,2701.26,3174.13,1257.93,346.22
2022Q1,可隆-新疆,软壳夹克,108,183,48,276,450363.01,339,339,2878.53,699.29,1549.89,2004.42,2424.0,2878.53,3333.07,3752.64,4347.03,1370.73,198.17
2022Q1,可隆-新疆,配件,29,54,16,112,44602.6,176,99,417.92,113.66,201.97,275.84,344.04,417.92,491.79,559.99,656.6,261.03,46.74
2022Q1,可隆-新疆,抓绒夹克,38,103,16,153,359211.41,284,157,1493.43,438.04,661.16,945.89,1208.71,1493.43,1778.16,2040.98,2413.32,1266.94,201.03
2022Q1,可隆-新疆,防风夹克,49,104,22,179,250465.72,195,175,2317.99,466.27,1432.08,1735.15,2014.91,2317.99,2621.06,2900.83,3297.16,1334.63,175.37
2022Q1,可隆-新疆,其他,28,36,9,81,21213.86,104,73,305.81,95.27,124.8,186.72,243.89,305.81,367.74,424.9,505.88,195.12,43.73
2022Q1,可隆-新疆,棉服,54,71,13,124,430475.7,207,138,2708.32,447.31,1858.43,2149.19,2417.57,2708.32,2999.08,3267.46,3647.68,2055.1,391.64
2022Q1,可隆-新疆,连衣裙,22,32,7,52,107337.21,115,61,1319.05,187.94,961.97,1084.13,1196.89,1319.05,1441.21,1553.97,1713.72,1030.96,164.67
2022Q1,可隆-新疆,短裤,63,81,16,139,128695.76,240,160,761.99,153.98,469.44,569.52,661.91,761.99,862.08,954.46,1085.34,530.97,99.51
2022Q1,可隆-青海,防水夹克,57,61,20,117,592904.38,241,138,3225.31,818.66,1669.85,2201.98,2693.18,3225.31,3757.43,4248.63,4944.49,2423.37,651.08
2022Q1,可隆-青海,卫衣,71,116,19,170,278822.27,330,206,1048.28,232.14,607.21,758.1,897.39,1048.28,1199.18,1338.46,1535.78,848.91,216.32
2022Q1,可隆-青海,长袖T恤,50,94,34,143,207771.14,276,178,1028.81,160.83,723.23,827.77,924.27,1028.81,1133.35,1229.84,1366.55,753.85,141.56
2022Q1,可隆-青海,三合一夹克,38,52,9,85,347897.79,152,99,3695.95,1086.55,1631.49,2337.75,2989.69,3695.95,4402.21,5054.14,5977.71,2225.9,405.97
2022Q1,可隆-青海,POLO,59,50,12,97,134095.78,178,121,990.03,170.92,665.29,776.39,878.94,990.03,1101.13,1203.68,1348.96,771.18,175.81
2022Q1,可隆-青海,短袖T恤,96,84,31,149,129919.86,295,211,665.67,118.81,439.92,517.15,588.44,665.67,742.9,814.18,915.18,426.33,112.56
2022Q1,可隆-青海,长裤,56,62,9,97,280503.45,269,127,1394.52,347.48,734.31,960.17,1168.66,1394.52,1620.39,1828.88,2124.24,1069.11,249.81
2022Q1,可隆-青海,衬衫,17,36,12,55,83910.02,106,65,1069.41,152.44,779.78,878.86,970.32,1069.41,1168.49,1259.95,1389.52,755.18,202.71
2022Q1,可隆-青海,针织夹克,20,32,4,64,75415.91,84,56,1457.37,305.07,877.74,1076.03,1259.08,1457.37,1655.67,1838.71,2098.02,899.36,156.71
2022Q1,可隆-青海,羽绒服,33,35,11,80,382530.94,125,79,3931.26,926.71,2170.51,2772.87,3328.9,3931.26,4533.62,5089.65,5877.35,3074.9,523.76
2022Q1,可隆-青海,鞋,50,58,18,108,391475.56,216,126,2218.73,681.73,923.43,1366.56,1775.6,2218.73,2661.86,3070.9,3650.37,1736.77,234.63
2022Q1,可隆-青海,马夹,33,46,4,79,189755.81,141,83,1852.18,544.97,816.72,1170.96,1497.94,1852.18,2206.41,2533.39,2996.62,1257.69,170.62
2022Q1,可隆-青海,软壳夹克,68,74,23,129,498877.28,262,165,2714.52,512.12,1741.48,2074.36,2381.64,2714.52,3047.4,3354.67,3789.98,1898.16,499.21
2022Q1,可隆-青海,配件,42,44,12,95,52342.04,153,98,418.94,101.32,226.44,292.29,353.08,418.94,484.8,545.59,631.71,308.11,57.35
2022Q1,可隆-青海,抓绒夹克,34,35,19,80,156941.3,142,88,1577.78,269.16,1066.37,1241.33,1402.83,1577.78,1752.74,1914.24,2143.03,1091.63,273.91
2022Q1,可隆-青海,防风夹克,77,109,22,136,481767.01,339,208,2244.59,643.89,1021.2,1439.73,1826.06,2244.59,2663.12,3049.45,3596.76,1491.44,195.09
2022Q1,可隆-青海,其他,10,14,4,27,8842.37,37,28,306.06,75.22,163.14,212.03,257.16,306.06,354.95,400.08,464.02,235.07,55.22
2022Q1,可隆-青海,棉服,26,45,6,58,368854.31,129,77,3057.9,939.8,1272.29,1883.16,2447.04,3057.9,3668.77,4232.65,5031.48,2506.8,680.84
2022Q1,可隆-青海,连衣裙,3,7,1,10,16042.17,14,11,1545.23,235.01,1098.71,1251.47,1392.47,1545.23,1697.99,1838.99,2038.75,1118.96,141.21
2022Q1,可隆-青海,短裤,27,17,6,56,33221.1,67,50,691.55,136.67,431.88,520.71,602.72,691.55,780.39,862.39,978.56,498.88,89.27
2022Q1,可隆-线下山,防水夹克,209,228,39,471,1363822.16,741,476,3249.83,821.72,1688.55,2222.67,2715.71,3249.83,3783.95,4276.98,4975.44,1857.26,338.22
2022Q1,可隆-线下山,卫衣,92,150,31,235,408633.23,456,273,1316.73,372.45,609.07,851.17,1074.64,1316.73,1558.83,1782.3,2098.88,917.04,118.66
2022Q1,可隆-线下山,长袖T恤,168,151,60,285,432283.55,722,379,829.82,192.01,465.01,589.81,705.02,829.82,954.62,1069.83,1233.03,598.39,141.07
2022Q1,可隆-线下山,三合一夹克,58,79,13,129,588699.94,209,150,3784.33,677.12,2497.79,2937.92,3344.2,3784.33,4224.46,4630.73,5206.29,2795.65,720.31
2022Q1,可隆-线下山,POLO,117,141,22,289,298525.51,523,280,898.55,249.4,424.69,586.8,736.44,898.55,1060.66,1210.3,1422.29,571.91,86.91
2022Q1,可隆-线下山,短袖T恤,149,135,27,326,265066.35,541,311,793.67,117.28,570.84,647.07,717.44,793.67,869.91,940.28,1039.97,532.05,64.26
2022Q1,可隆-线下山,长裤,149,295,59,404,506610.88,540,503,1475.61,321.1,865.51,1074.23,1266.89,1475.61,1684.32,1876.98,2149.92,922.85,199.06
2022Q1,可隆-线下山,衬衫,45,173,21,204,334224.19,361,239,1147.28,318.41,542.3,749.27,940.32,1147.28,1354.25,1545.3,1815.94,898.49,179.17
2022Q1,可隆-线下山,针织夹克,77,96,14,151,211234.03,324,187,1466.56,257.62,977.08,1144.53,1299.11,1466.56,1634.01,1788.58,2007.55,696.46,147.5
2022Q1,可隆-线下山,羽绒服,89,74,22,142,863009.41,297,185,3748.57,774.17,2277.66,2780.87,3245.37,3748.57,4251.78,4716.28,5374.32,2807.83,592.0
2022Q1,可隆-线下山,鞋,87,88,35,159,671066.01,308,210,2430.66,705.85,1089.54,1548.34,1971.86,2430.66,2889.46,3312.97,3912.95,1930.48,259.13
2022Q1,可隆-线下山,马夹,34,57,8,130,212468.25,145,99,1963.16,451.76,1104.82,1398.46,1669.52,1963.16,2256.8,2527.86,2911.86,1336.01,371.75
2022Q1,可隆-线下山,软壳夹克,195,185,57,326,1367989.85,682,437,2716.09,584.89,1604.8,1984.98,2335.91,2716.09,3096.27,3447.21,3944.37,2035.19,363.59
2022Q1,可隆-线下山,配件,103,104,43,191,86639.42,388,250,329.91,81.94,174.22,227.48,276.64,329.91,383.17,432.34,501.99,251.17,35.52
2022Q1,可隆-线下山,抓绒夹克,72,148,13,196,483931.32,360,233,1624.79,240.6,1167.66,1324.05,1468.41,1624.79,1781.18,1925.54,2130.05,1180.86,283.04
2022Q1,可隆-线下山,防风夹克,136,105,31,315,673977.1,411,272,2575.33,448.39,1723.4,2014.85,2283.88,2575.33,2866.79,3135.82,3516.95,1654.44,231.34
2022Q1,可隆-线下山,其他,37,36,12,74,19869.15,135,85,268.0,51.87,169.45,203.17,234.29,268.0,301.71,332.83,376.92,146.08,25.24
2022Q1,可隆-线下山,棉服,131,107,21,235,1342973.34,426,259,3560.83,836.7,1971.09,2514.95,3016.97,3560.83,4104.68,4606.71,5317.9,2985.43,390.43
2022Q1,可隆-线下山,连衣裙,20,40,8,60,99235.37,127,68,1452.12,384.13,722.27,971.95,1202.43,1452.12,1701.8,1932.28,2258.79,762.16,168.48
2022Q1,可隆-线下山,短裤,50,70,21,151,109549.48,204,141,870.48,225.96,441.16,588.03,723.61,870.48,1017.36,1152.93,1345.0,583.98,110.92
2022Q2,可隆-东北,防水夹克,164,464,109,803,2145488.46,1188,737,2944.41,626.48,1754.1,2161.31,2537.2,2944.41,3351.62,3727.51,4260.02,1846.77,393.87
2022Q2,可隆-东北,卫衣,257,369,119,626,693966.77,1051,745,1106.48,259.95,612.58,781.54,937.51,1106.48,1275.44,1431.41,1652.37,650.83,169.01
2022Q2,可隆-东北,长袖T恤,151,248,90,536,487200.52,617,489,989.91,198.92,611.96,741.26,860.61,989.91,1119.2,1238.56,1407.64,820.18,156.98
2022Q2,可隆-东北,三合一夹克,57,163,27,181,1371018.62,361,247,4238.15,1313.6,1742.32,2596.16,3384.32,4238.15,5091.99,5880.15,6996.71,3435.88,690.01
2022Q2,可隆-东北,POLO,192,431,120,738,684339.87,1167,743,958.6,203.59,571.78,704.11,826.27,958.6,1090.94,1213.09,1386.14,616.72,79.03
2022Q2,可隆-东北,短袖T恤,256,314,95,656,839162.32,1129,665,816.04,214.57,408.36,547.83,676.57,816.04,955.52,1084.26,1266.65,757.52,206.11
2022Q2,可隆-东北,长裤,303,502,93,733,1233656.7,1243,898,1300.12,280.25,767.64,949.81,1117.96,1300.12,1482.28,1650.43,1888.65,945.4,131.52
2022Q2,可隆-东北,衬衫,64,150,15,203,198948.34,300,229,1030.43,248.74,557.82,719.5,868.74,1030.43,1192.11,1341.35,1552.79,678.1,121.31
2022Q2,可隆-东北,针织夹克,133,216,40,325,560405.86,648,389,1331.56,339.62,686.27,907.03,1110.8,1331.56,1552.31,1756.09,2044.77,962.61,221.86
2022Q2,可隆-东北,羽绒服,283,209,46,456,2116131.28,830,538,3567.5,780.06,2085.38,2592.42,3060.46,3567.5,4074.54,4542.58,5205.64,2535.97,442.16
2022Q2,可隆-东北,鞋,264,274,55,472,1785269.88,829,593,2415.95,751.36,988.36,1476.75,1927.57,2415.95,2904.34,3355.15,3993.81,2166.75,358.89
2022Q2,可隆-东北,马夹,188,197,58,343,1314207.89,730,443,2108.23,491.18,1174.98,1494.25,1788.96,2108.23,2427.5,2722.21,3139.71,1672.99,362.42
2022Q2,可隆-东北,软壳夹克,217,314,123,554,1981150.96,1119,654,2628.96,759.29,1186.3,1679.84,2135.41,2628.96,3122.5,3578.07,4223.47,1769.49,366.7
2022Q2,可隆-东北,配件,99,122,52,244,123312.52,325,273,491.56,108.21,285.95,356.29,421.22,491.56,561.9,626.83,718.81,380.76,66.06
2022Q2,可隆-东北,抓绒夹克,152,125,46,273,656121.22,510,323,1673.23,260.98,1177.37,1347.01,1503.59,1673.23,1842.87,1999.45,2221.28,1344.69,248.9
2022Q2,可隆-东北,防风夹克,270,288,88,585,1767434.04,1103,646,2390.16,598.87,1252.31,1641.57,2000.9,2390.16,2779.42,3138.74,3647.78,1627.77,255.9
2022Q2,可隆-东北,其他,36,94,17,135,32005.26,167,147,310.5,54.51,206.94,242.37,275.07,310.5,345.93,378.64,424.97,214.12,55.19
2022Q2,可隆-东北,棉服,245,281,73,448,2351575.04,1130,599,3195.86,769.78,1733.28,2233.64,2695.51,3195.86,3696.22,4158.08,4812.4,2060.3,360.17
2022Q2,可隆-东北,连衣裙,79,41,21,104,240288.36,224,141,1490.12,333.18,857.08,1073.64,1273.55,1490.12,1706.68,1906.59,2189.79,1118.33,171.65
2022Q2,可隆-东北,短裤,132,238,70,387,488153.81,712,440,853.96,231.68,413.78,564.37,703.38,853.96,1004.55,1143.56,1340.48,682.79,169.19
2022Q2,可隆-华东,防水夹克,474,728,312,1245,4872809.83,2563,1514,2736.84,577.46,1639.66,2015.01,2361.49,2736.84,3112.19,3458.67,3949.52,1790.4,376.83
2022Q2,可隆-华东,卫衣,352,509,185,919,1360591.53,1664,1046,1327.33,399.7,567.9,827.71,1067.52,1327.33,1587.13,1826.95,2166.69,860.37,112.9
2022Q2,可隆-华东,长袖T恤,152,371,95,580,453413.81,909,618,749.6,168.65,429.16,538.79,639.98,749.6,859.22,960.41,1103.76,498.99,125.17
2022Q2,可隆-华东,三合一夹克,304,543,87,684,4483743.91,1487,934,3991.33,730.34,2603.69,3078.41,3516.61,3991.33,4466.06,4904.26,5525.05,2824.23,642.3
2022Q2,可隆-华东,POLO,312,428,65,705,1083956.7,1249,805,1080.57,227.78,647.79,795.84,932.51,1080.57,1228.62,1365.29,1558.9,882.38,228.82
2022Q2,可隆-华东,短袖T恤,344,368,94,795,720027.3,1095,806,858.98,146.6,580.43,675.73,763.69,858.98,954.27,1042.23,1166.84,607.72,135.43
2022Q2,可隆-华东,长裤,503,1126,75,1281,2168366.65,2359,1704,1347.48,323.62,732.6,942.96,1137.13,1347.48,1557.84,1752.01,2027.09,907.03,183.19
2022Q2,可隆-华东,衬衫,172,349,53,521,549229.93,726,574,1058.17,318.21,453.56,660.4,851.33,1058.17,1265.01,1455.94,1726.42,771.94,92.97
2022Q2,可隆-华东,针织夹克,177,157,72,374,766798.74,669,406,1418.73,345.54,762.21,986.81,1194.13,1418.73,1643.33,1850.65,2144.36,1062.97,143.39
2022Q2,可隆-华东,羽绒服,446,382,103,722,2735695.48,1315,931,3118.69,455.11,2253.99,2549.8,2822.87,3118.69,3414.5,3687.57,4074.41,2280.67,355.89
2022Q2,可隆-华东,鞋,117,272,33,370,1259347.75,623,422,2477.03,580.9,1373.31,1750.9,2099.44,2477.03,2854.62,3203.16,3696.93,1972.58,442.74
2022Q2,可隆-华东,马夹,168,178,28,295,931207.71,668,374,1936.06,616.4,764.89,1165.56,1535.4,1936.06,2336.72,2706.56,3230.5,1366.67,199.38
2022Q2,可隆-华东,软壳夹克,335,425,132,783,2207972.04,1179,892,2566.91,421.85,1765.4,2039.6,2292.71,2566.91,2841.11,3094.22,3452.79,1862.05,258.29
2022Q2,可隆-华东,配件,144,158,63,402,151838.45,579,365,397.87,83.3,239.59,293.74,343.72,397.87,452.02,502.0,572.81,274.67,69.69
2022Q2,可隆-华东,抓绒夹克,121,272,29,303,683534.95,615,422,1696.08,472.65,798.05,1105.27,1388.86,1696.08,2003.3,2286.89,2688.64,1166.52,326.3
2022Q2,可隆-华东,防风夹克,292,507,136,905,2503331.17,1117,935,2620.21,445.01,1774.7,2063.96,2330.96,2620.21,2909.47,3176.47,3554.73,2129.73,270.89
2022Q2,可隆-华东,其他,72,86,18,191,58725.13,277,176,329.13,63.13,209.19,250.22,288.1,329.13,370.17,408.05,461.71,205.44,46.98
2022Q2,可隆-华东,棉服,189,363,32,543,1681052.39,1009,584,2758.54,496.4,1815.37,2138.03,2435.87,2758.54,3081.2,3379.04,3800.98,1832.98,352.29
2022Q2,可隆-华东,连衣裙,76,66,24,149,347698.82,252,166,1442.28,406.22,670.47,934.51,1178.24,1442.28,1706.32,1950.05,2295.33,1342.44,254.1
2022Q2,可隆-华东,短裤,191,154,36,312,415020.67,672,381,848.4,176.84,512.4,627.34,733.45,848.4,963.34,1069.45,1219.76,617.26,116.67
2022Q2,可隆-华北,防水夹克,455,352,105,877,3691253.81,1319,912,3516.91,824.89,1949.61,2485.79,2980.73,3516.91,4053.09,4548.02,5249.18,2722.26,465.06
2022Q2,可隆-华北,卫衣,261,351,115,571,862736.54,984,727,1107.6,246.32,639.59,799.7,947.49,1107.6,1267.71,1415.51,1624.88,807.11,99.47
2022Q2,可隆-华北,长袖T恤,183,313,59,509,452775.21,801,555,900.58,215.19,491.73,631.6,760.71,900.58,1040.46,1169.57,1352.48,609.86,105.29
2022Q2,可隆-华北,三合一夹克,169,401,87,528,2880841.08,883,657,4203.47,1055.82,2197.41,2883.69,3517.18,4203.47,4889.75,5523.25,6420.69,2987.4,650.2
2022Q2,可隆-华北,POLO,386,673,200,979,1272859.13,1701,1259,1023.51,170.78,699.02,810.03,912.5,1023.51,1134.52,1236.99,1382.15,728.12,203.53
2022Q2,可隆-华北,短袖T恤,372,477,166,824,760800.19,1722,1015,714.54,168.64,394.13,503.74,604.93,714.54,824.16,925.34,1068.68,454.72,103.57
2022Q2,可隆-华北,长裤,447,553,215,906,2047702.02,1942,1215,1250.14,211.26,848.75,986.07,1112.82,1250.14,1387.46,1514.21,1693.78,1057.66,241.0
2022Q2,可隆-华北,衬衫,93,209,51,339,481018.89,763,353,992.48,239.55,537.34,693.04,836.77,992.48,1148.19,1291.91,1495.53,614.75,160.51
2022Q2,可隆-华北,针织夹克,102,295,41,438,379476.27,513,438,1465.27,420.06,667.15,940.19,1192.23,1465.27,1738.3,1990.34,2347.39,792.08,116.42
2022Q2,可隆-华北,羽绒服,322,351,124,635,3893138.74,1417,797,3599.38,599.77,2459.82,2849.67,3209.53,3599.38,3989.23,4349.09,4858.89,2678.94,712.97
2022Q2,可隆-华北,鞋,188,328,82,526,1146798.01,848,598,2068.88,385.4,1336.61,1587.12,1818.36,2068.88,2319.39,2550.63,2878.23,1289.26,266.71
2022Q2,可隆-华北,马夹,166,297,31,382,997705.74,713,494,1830.08,422.8,1026.75,1301.57,1555.26,1830.08,2104.9,2358.58,2717.97,1323.69,332.41
2022Q2,可隆-华北,软壳夹克,314,425,180,799,2570328.62,1014,919,2683.62,407.76,1908.88,2173.92,2418.58,2683.62,2948.67,3193.32,3539.92,2349.69,372.68
2022Q2,可隆-华北,配件,177,300,71,564,253061.58,779,548,394.44,95.19,213.57,275.44,332.56,394.44,456.31,513.43,594.35,312.35,61.11
2022Q2,可隆-华北,抓绒夹克,146,239,71,347,580925.22,803,456,1584.45,245.92,1117.21,1277.05,1424.61,1584.45,1744.3,1891.85,2100.88,793.55,193.55
2022Q2,可隆-华北,防风夹克,303,189,101,514,1671290.98,884,593,2371.47,450.93,1514.7,1807.8,2078.36,2371.47,2664.57,2935.13,3318.42,1750.55,408.63
2022Q2,可隆-华北,其他,58,115,30,183,33705.31,212,203,242.54,40.12,166.3,192.38,216.46,242.54,268.62,292.69,326.8,154.87,25.2
2022Q2,可隆-华北,棉服,192,417,82,579,1785406.08,969,691,2907.39,776.56,1431.93,1936.7,2402.63,2907.39,3412.16,3878.09,4538.17,1721.19,376.67
2022Q2,可隆-华北,连衣裙,59,54,15,112,198707.15,183,128,1516.08,387.59,779.65,1031.59,1264.15,1516.08,1768.02,2000.57,2330.03,1130.15,301.73
2022Q2,可隆-华北,短裤,225,268,110,537,482566.91,966,603,722.48,129.18,477.04,561.01,638.52,722.48,806.45,883.96,993.77,494.35,80.67
2022Q2,可隆-华南,防水夹克,599,532,257,1216,5330906.92,2815,1388,3060.21,831.44,1480.48,2020.91,2519.77,3060.21,3600.64,4099.5,4806.22,2015.71,386.52
2022Q2,可隆-华南,卫衣,404,313,124,590,752080.5,1043,841,1171.34,292.35,615.88,805.9,981.31,1171.34,1361.37,1536.78,1785.28,800.02,130.22
2022Q2,可隆-华南,长袖T恤,505,288,94,813,893844.18,1396,887,979.97,233.65,536.03,687.9,828.09,979.97,1131.84,1272.03,1470.63,661.15,176.56
2022Q2,可隆-华南,三合一夹克,80,152,51,235,1224312.6,396,283,4135.59,724.45,2759.12,3230.02,3664.69,4135.59,4606.48,5041.15,5656.94,2982.0,815.58
2022Q2,可隆-华南,POLO,234,304,90,642,837322.97,1018,628,1076.28,200.12,696.06,826.13,946.2,1076.28,1206.35,1326.42,1496.52,816.84,190.96
2022Q2,可隆-华南,短袖T恤,377,317,90,765,622404.31,1138,784,773.74,154.61,479.97,580.47,673.24,773.74,874.24,967.01,1098.43,533.97,92.38
2022Q2,可隆-华南,长裤,442,440,79,939,1174976.43,1475,961,1295.18,391.4,551.52,805.93,1040.77,1295.18,1549.59,1784.44,2117.13,814.58,110.56
2022Q2,可隆-华南,衬衫,267,224,72,376,697164.7,892,563,1071.28,183.34,722.93,842.1,952.11,1071.28,1190.46,1300.46,1456.31,771.68,215.58
2022Q2,可隆-华南,针织夹克,127,119,36,303,505944.43,481,282,1615.42,400.2,855.05,1115.18,1355.3,1615.42,1875.55,2115.67,2455.84,1052.33,185.86
2022Q2,可隆-华南,羽绒服,279,472,62,688,2972803.16,1175,813,3447.45,1081.07,1393.41,2096.11,2744.76,3447.45,4150.15,4798.8,5717.71,2686.07,383.6
2022Q2,可隆-华南,鞋,405,362,79,660,2026794.83,1179,846,2561.59,668.47,1291.51,1726.01,2127.09,2561.59,2996.09,3397.17,3965.37,1612.0,376.76
2022Q2,可隆-华南,马夹,132,266,44,351,1103075.88,778,442,1887.91,351.75,1219.57,1448.22,1659.27,1887.91,2116.55,2327.6,2626.59,1366.04,271.35
2022Q2,可隆-华南,软壳夹克,308,334,130,561,2648269.72,1317,772,2667.23,386.31,1933.25,2184.34,2416.13,2667.23,2918.32,3150.11,3478.47,2080.18,433.82
2022Q2,可隆-华南,配件,166,190,52,327,221659.48,677,408,429.17,131.37,179.58,264.96,343.78,429.17,514.56,593.38,705.04,328.11,87.5
2022Q2,可隆-华南,抓绒夹克,194,211,42,386,691036.77,637,447,1619.44,431.14,800.27,1080.52,1339.2,1619.44,1899.69,2158.37,2524.84,1020.26,251.5
2022Q2,可隆-华南,防风夹克,346,373,228,847,2740256.68,1516,947,2314.08,640.51,1097.12,1513.45,1897.75,2314.08,2730.41,3114.71,3659.14,1735.06,401.3
2022Q2,可隆-华南,其他,71,92,15,147,57311.85,271,178,283.58,66.16,157.88,200.88,240.58,283.58,326.58,366.27,422.51,186.56,25.37
2022Q2,可隆-华南,棉服,151,195,57,328,1325275.44,679,403,2731.69,834.39,1146.35,1688.7,2189.34,2731.69,3274.05,3774.68,4483.91,2041.22,342.9
2022Q2,可隆-华南,连衣裙,48,40,15,80,155116.99,160,103,1604.87,302.94,1029.28,1226.19,1407.96,1604.87,1801.78,1983.55,2241.05,929.37,184.24
2022Q2,可隆-华南,短裤,117,249,23,370,327170.36,647,389,870.93,133.18,617.88,704.45,784.36,870.93,957.5,1037.41,1150.61,531.76,104.4
2022Q2,可隆-华西,防水夹克,167,404,55,539,1958246.92,822,626,3166.65,809.08,1629.41,2155.3,2640.75,3166.65,3692.55,4177.99,4865.71,2548.15,595.22
2022Q2,可隆-华西,卫衣,177,264,88,478,828191.23,937,529,1246.33,236.32,797.32,950.93,1092.72,1246.33,1399.94,1541.73,1742.6,863.17,116.59
2022Q2,可隆-华西,长袖T恤,243,316,75,508,592811.1,853,634,982.38,239.92,526.53,682.47,826.43,982.38,1138.32,1282.28,1486.21,743.96,147.79
2022Q2,可隆-华西,三合一夹克,195,151,49,431,1287891.59,467,395,4296.42,799.43,2777.5,3297.13,3776.79,4296.42,4816.05,5295.71,5975.23,2889.95,808.91
2022Q2,可隆-华西,POLO,167,197,24,357,490333.58,719,388,885.16,210.92,484.4,621.5,748.06,885.16,1022.26,1148.82,1328.1,698.91,152.82
2022Q2,可隆-华西,短袖T恤,441,461,72,746,792990.63,1344,974,777.75,207.96,382.63,517.81,642.58,777.75,912.93,1037.7,1214.46,576.05,142.98
2022Q2,可隆-华西,长裤,245,230,69,415,773315.7,838,544,1179.27,170.66,855.02,965.95,1068.34,1179.27,1290.2,1392.6,1537.66,940.22,149.33
2022Q2,可隆-华西,衬衫,164,309,56,454,660383.67,704,529,1132.72,190.71,770.36,894.33,1008.76,1132.72,1256.69,1371.11,1533.22,961.63,131.32
2022Q2,可隆-华西,针织夹克,141,221,35,305,524172.09,589,397,1426.84,209.7,1028.4,1164.71,1290.53,1426.84,1563.15,1688.97,1867.21,984.27,169.92
2022Q2,可隆-华西,羽绒服,110,198,36,247,1590704.15,586,344,3419.48,838.89,1825.59,2370.87,2874.2,3419.48,3964.75,4468.09,5181.14,2818.88,607.27
2022Q2,可隆-华西,鞋,216,356,49,555,1555111.3,997,621,2102.04,617.85,928.12,1329.73,1700.44,2102.04,2503.64,2874.35,3399.53,1606.62,234.74
2022Q2,可隆-华西,马夹,107,164,39,253,1154297.71,608,310,2060.64,630.62,862.47,1272.37,1650.74,2060.64,2470.54,2848.91,3384.94,1644.55,343.87
2022Q2,可隆-华西,软壳夹克,211,421,72,652,2331712.23,1182,704,2559.24,807.03,1025.88,1550.45,2034.67,2559.24,3083.81,3568.03,4254.01,1870.95,233.0
2022Q2,可隆-华西,配件,138,111,44,317,152005.92,436,293,426.26,99.84,236.57,301.46,361.36,426.26,491.15,551.05,635.91,333.46,88.42
2022Q2,可隆-华西,抓绒夹克,113,194,38,299,518237.77,532,345,1411.51,327.49,789.29,1002.15,1198.64,1411.51,1624.37,1820.86,2099.23,971.4,125.02
2022Q2,可隆-华西,防风夹克,175,387,33,540,2030660.37,1013,595,2764.51,714.96,1406.09,1870.81,2299.79,2764.51,3229.24,3658.21,4265.93,2163.42,398.97
2022Q2,可隆-华西,其他,59,68,12,120,47132.16,227,139,322.29,102.24,128.04,194.49,255.84,322.29,388.75,450.09,537.0,211.28,33.73
2022Q2,可隆-华西,棉服,163,280,38,410,1201923.2,740,481,2310.35,340.26,1663.85,1885.02,2089.17,2310.35,2531.52,2735.67,3024.9,1703.28,303.69
2022Q2,可隆-华西,连衣裙,38,53,14,90,118567.66,157,105,1292.6,181.2,948.33,1066.11,1174.83,1292.6,1410.38,1519.1,1673.11,777.92,97.72
2022Q2,可隆-华西,短裤,128,200,29,321,403945.86,569,357,843.98,119.18,617.54,695.01,766.51,843.98,921.44,992.95,1094.25,734.49,122.01
2022Q2,可隆-安徽,防水夹克,222,392,38,605,1464200.3,871,652,2702.74,647.09,1473.27,1893.88,2282.13,2702.74,3123.35,3511.6,4061.62,1773.93,329.1
2022Q2,可隆-安徽,卫衣,129,215,16,333,528041.04,587,360,1289.09,374.99,576.6,820.35,1045.35,1289.09,1532.84,1757.84,2076.58,854.61,179.53
2022Q2,可隆-安徽,长袖T恤,310,209,84,527,353791.08,670,603,736.18,198.08,359.82,488.58,607.43,736.18,864.94,983.79,1152.16,537.67,129.76
2022Q2,可隆-安徽,三合一夹克,172,158,47,285,1861931.75,585,377,4156.4,953.4,2344.95,2964.66,3536.69,4156.4,4776.11,5348.15,6158.54,3346.51,835.25
2022Q2,可隆-安徽,POLO,228,207,105,428,510430.41,664,540,1103.79,275.61,580.12,759.27,924.64,1103.79,1282.93,1448.3,1682.57,764.62,112.82
2022Q2,可隆-安徽,短袖T恤,239,310,67,434,651133.38,1199,616,763.18,121.76,531.83,610.98,684.04,763.18,842.33,915.38,1018.88,553.4,80.0
2022Q2,可隆-安徽,长裤,222,214,48,423,777181.72,597,484,1435.56,259.97,941.62,1110.6,1266.58,1435.56,1604.54,1760.52,1981.5,1256.5,269.83
2022Q2,可隆-安徽,衬衫,106,203,39,277,300044.6,546,348,960.15,217.39,547.1,688.41,818.84,960.15,1101.45,1231.89,1416.67,590.3,165.06
2022Q2,可隆-安徽,针织夹克,92,241,72,316,588748.72,503,405,1410.43,323.96,794.9,1005.48,1199.86,1410.43,1621.01,1815.39,2090.75,1139.12,305.44
2022Q2,可隆-安徽,羽绒服,80,105,37,193,1064498.44,322,222,3888.15,1146.74,1709.34,2454.72,3142.77,3888.15,4633.53,5321.57,6296.3,3102.67,612.05
2022Q2,可隆-安徽,鞋,185,218,57,412,853044.3,601,460,2010.85,578.36,911.97,1287.9,1634.92,2010.85,2386.78,2733.8,3225.4,1402.44,225.89
2022Q2,可隆-安徽,马夹,142,129,34,247,705949.28,458,305,2126.09,447.07,1276.64,1567.24,1835.49,2126.09,2416.68,2684.93,3064.94,1638.93,323.65
2022Q2,可隆-安徽,软壳夹克,179,190,61,428,1139760.67,710,430,2273.84,674.2,992.86,1431.09,1835.61,2273.84,2712.07,3116.59,3689.66,1523.36,397.99
2022Q2,可隆-安徽,配件,129,183,50,317,165781.82,562,362,444.83,73.74,304.72,352.65,396.9,444.83,492.76,537.0,599.68,294.39,46.94
2022Q2,可隆-安徽,抓绒夹克,90,64,24,185,311288.49,221,178,1682.84,346.31,1024.85,1249.95,1457.74,1682.84,1907.94,2115.73,2410.1,1421.82,206.96
2022Q2,可隆-安徽,防风夹克,128,267,74,425,1342590.46,808,469,2224.14,665.75,959.21,1391.95,1791.4,2224.14,2656.88,3056.33,3622.21,1632.88,371.63
2022Q2,可隆-安徽,其他,36,54,20,85,30180.15,154,110,315.35,90.81,142.8,201.83,256.32,315.35,374.38,428.87,506.06,208.31,32.22
2022Q2,可隆-安徽,棉服,132,195,41,305,1286485.68,613,368,2684.32,544.94,1648.94,2003.15,2330.11,2684.32,3038.53,3365.5,3828.7,2086.84,380.42
2022Q2,可隆-安徽,连衣裙,46,31,13,92,193254.03,148,90,1614.87,272.16,1097.76,1274.66,1437.96,1614.87,1791.77,1955.07,2186.41,1256.46,234.62
2022Q2,可隆-安徽,短裤,87,164,12,220,227225.8,417,263,861.15,153.3,569.88,669.52,761.5,861.15,960.8,1052.78,1183.08,527.88,74.21
2022Q2,可隆-山西,防水夹克,235,228,117,576,1848998.34,923,580,2969.7,587.9,1852.69,2234.82,2587.56,2969.7,3351.83,3704.57,4204.29,2008.23,424.62
2022Q2,可隆-山西,卫衣,167,205,105,438,602247.73,685,477,1008.31,204.33,620.09,752.9,875.49,1008.31,1141.12,1263.71,1437.39,838.6,228.4
2022Q2,可隆-山西,长袖T恤,205,245,81,578,698178.03,979,531,963.71,186.86,608.68,730.14,842.25,963.71,1085.17,1197.28,1356.11,690.87,88.14
2022Q2,可隆-山西,三合一夹克,73,194,49,240,1369011.1,445,316,4331.62,948.74,2529.02,3145.7,3714.94,4331.62,4948.3,5517.54,6323.97,3026.75,718.77
2022Q2,可隆-山西,POLO,202,230,108,467,640381.56,737,540,1088.22,335.44,450.89,668.92,870.18,1088.22,1306.25,1507.51,1792.63,838.43,164.36
2022Q2,可隆-山西,短袖T恤,193,297,36,473,419038.93,956,526,776.23,207.82,381.37,516.46,641.15,776.23,911.32,1036.01,1212.66,475.3,114.6
2022Q2,可隆-山西,长裤,185,301,32,384,896385.01,762,518,1516.14,429.44,700.21,979.34,1237.01,1516.14,1795.27,2052.93,2417.95,1097.89,209.25
2022Q2,可隆-山西,衬衫,141,142,44,293,460249.76,632,327,1010.21,197.72,634.54,763.06,881.69,1010.21,1138.73,1257.37,1425.43,727.7,110.64
2022Q2,可隆-山西,针织夹克,105,166,16,249,350009.44,382,287,1223.66,375.68,509.87,754.06,979.47,1223.66,1467.85,1693.26,2012.59,894.44,130.96
2022Q2,可隆-山西,羽绒服,55,107,40,201,802953.1,338,202,3377.43,875.33,1714.31,2283.28,2808.47,3377.43,3946.39,4471.59,5215.62,2453.28,541.94
2022Q2,可隆-山西,鞋,89,173,39,307,1147898.88,492,301,2720.04,751.94,1291.36,1780.12,2231.28,2720.04,3208.8,3659.97,4299.12,2252.23,616.87
2022Q2,可隆-山西,马夹,70,62,13,138,234497.71,220,145,1718.39,348.53,1056.19,1282.73,1491.85,1718.39,1944.93,2154.05,2450.29,1068.6,247.6
2022Q2,可隆-山西,软壳夹克,168,186,44,354,1217151.5,664,398,2566.76,551.21,1519.46,1877.75,2208.47,2566.76,2925.05,3255.78,3724.31,1790.93,293.28
2022Q2,可隆-山西,配件,115,215,31,287,192615.91,592,361,437.21,134.85,181.0,268.65,349.56,437.21,524.86,605.77,720.39,324.61,80.41
2022Q2,可隆-山西,抓绒夹克,118,143,56,268,659545.65,531,317,1743.16,459.23,870.61,1169.12,1444.66,1743.16,2041.66,2317.2,2707.55,1289.52,328.25
2022Q2,可隆-山西,防风夹克,142,188,37,339,965551.4,682,367,2254.64,695.35,933.47,1385.45,1802.66,2254.64,2706.62,3123.83,3714.88,1537.83,338.17
2022Q2,可隆-山西,其他,55,26,10,99,35757.55,157,91,280.37,79.37,129.56,181.15,228.78,280.37,331.97,379.59,447.06,231.01,38.18
2022Q2,可隆-山西,棉服,115,171,32,283,698252.79,412,318,3003.63,649.75,1769.09,2191.43,2581.29,3003.63,3425.96,3815.82,4368.11,1733.28,285.01
2022Q2,可隆-山西,连衣裙,36,45,16,76,197139.28,159,97,1625.22,365.01,931.69,1168.95,1387.96,1625.22,1862.48,2081.49,2391.75,1267.73,157.85
2022Q2,可隆-山西,短裤,114,111,20,239,189905.53,402,245,814.75,168.42,494.75,604.22,705.28,814.75,924.22,1025.27,1168.43,463.7,70.76
2022Q2,可隆-西北,防水夹克,415,318,56,715,3034041.61,1230,789,3712.99,999.34,1814.25,2463.82,3063.42,3712.99,4362.56,4962.16,5811.6,2526.95,673.02
2022Q2,可隆-西北,卫衣,105,250,45,436,487416.53,536,400,1290.63,334.79,654.54,872.15,1073.02,1290.63,1508.24,1709.12,1993.68,924.1,187.17
2022Q2,可隆-西北,长袖T恤,209,233,14,441,490276.54,721,456,891.99,254.98,407.53,573.27,726.26,891.99,1057.73,1210.71,1427.45,671.02,156.2
2022Q2,可隆-西北,三合一夹克,129,119,25,239,1512644.35,433,273,4789.81,1416.72,2098.04,3018.91,3868.94,4789.81,5710.68,6560.71,7764.92,3333.59,606.11
2022Q2,可隆-西北,POLO,153,232,48,341,414571.12,691,433,1000.75,202.43,616.13,747.71,869.17,1000.75,1132.33,1253.79,1425.86,630.46,168.75
2022Q2,可隆-西北,短袖T恤,232,175,62,381,346601.73,714,469,738.2,171.14,413.04,524.28,626.96,738.2,849.44,952.12,1097.59,521.49,65.58
2022Q2,可隆-西北,长裤,262,394,20,595,1391855.99,1418,676,1455.26,253.74,973.16,1138.09,1290.33,1455.26,1620.19,1772.44,1988.11,953.39,207.2
2022Q2,可隆-西北,衬衫,84,124,10,220,252826.05,338,218,1059.59,328.46,435.52,649.02,846.09,1059.59,1273.09,1470.16,1749.35,796.37,186.66
2022Q2,可隆-西北,针织夹克,88,247,28,300,779811.48,683,363,1491.11,395.24,740.16,997.06,1234.21,1491.11,1748.02,1985.16,2321.12,1140.74,186.87
2022Q2,可隆-西北,羽绒服,67,140,33,242,892388.72,387,240,3178.21,557.64,2118.7,2481.16,2815.75,3178.21,3540.67,3875.26,4349.25,2363.67,312.52
2022Q2,可隆-西北,鞋,132,231,51,409,810636.94,607,414,2148.1,391.3,1404.63,1658.98,1893.76,2148.1,2402.45,2637.23,2969.83,1421.9,255.28
2022Q2,可隆-西北,马夹,58,69,8,141,355661.6,258,135,1791.16,355.09,1116.5,1347.3,1560.35,1791.16,2021.96,2235.02,2536.84,1335.64,211.08
2022Q2,可隆-西北,软壳夹克,89,189,77,383,718852.05,476,355,2356.5,432.13,1535.46,1816.34,2075.62,2356.5,2637.38,2896.66,3263.96,1414.53,291.6
2022Q2,可隆-西北,配件,42,144,23,189,97169.02,297,209,428.37,63.29,308.12,349.26,387.23,428.37,469.5,507.48,561.27,321.97,67.75
2022Q2,可隆-西北,抓绒夹克,116,142,47,242,357027.99,386,305,1480.56,447.76,629.82,920.86,1189.52,1480.56,1771.61,2040.27,2420.86,976.52,241.62
2022Q2,可隆-西北,防风夹克,235,263,73,433,1912029.23,939,571,2414.71,575.44,1321.38,1695.41,2040.68,2414.71,2788.74,3134.01,3623.13,2024.58,283.12
2022Q2,可隆-西北,其他,43,38,17,86,31373.2,178,98,246.81,75.63,103.11,152.27,197.65,246.81,295.97,341.35,405.64,176.61,34.77
2022Q2,可隆-西北,棉服,68,105,24,226,557241.61,275,197,3156.63,912.5,1422.87,2016.0,2563.5,3156.63,3749.75,4297.25,5072.88,2113.94,541.05
2022Q2,可隆-西北,连衣裙,26,41,8,72,87278.26,101,75,1359.0,219.32,942.3,1084.86,1216.45,1359.0,1501.56,1633.15,1819.57,911.29,224.42
2022Q2,可隆-西北,短裤,131,98,24,212,264725.19,408,253,801.27,116.37,580.16,655.8,725.63,801.27,876.91,946.73,1045.64,624.62,115.59
2022Q2,可隆-电商,防水夹克,323,764,105,1121,4092955.7,1580,1192,3326.7,789.18,1827.26,2340.23,2813.73,3326.7,3839.66,4313.17,4983.97,2713.69,726.5
2022Q2,可隆-电商,卫衣,266,434,118,775,1052948.34,1433,818,1173.46,210.6,773.32,910.21,1036.57,1173.46,1310.35,1436.71,1615.72,783.91,134.61
2022Q2,可隆-电商,长袖T恤,598,282,190,967,1030673.87,1590,1070,938.05,284.54,397.42,582.37,753.09,938.05,1123.0,1293.72,1535.58,612.5,82.86
2022Q2,可隆-电商,三合一夹克,376,259,92,641,4268044.74,1346,727,4565.73,1270.25,2152.25,2977.92,3740.07,4565.73,5391.4,6153.55,7233.26,3170.09,516.28
2022Q2,可隆-电商,POLO,144,371,47,554,590535.46,799,562,1035.98,330.86,407.34,622.4,820.92,1035.98,1251.04,1449.56,1730.79,731.91,105.69
2022Q2,可隆-电商,短袖T恤,574,647,122,1145,1335661.46,2672,1343,758.8,175.79,424.79,539.05,644.53,758.8,873.06,978.54,1127.96,504.25,62.15
2022Q2,可隆-电商,长裤,277,684,85,926,1439544.42,1587,1046,1281.21,288.78,732.53,920.24,1093.5,1281.21,1468.91,1642.18,1887.64,904.33,145.45
2022Q2,可隆-电商,衬衫,232,359,98,573,1060669.98,1187,689,1170.63,355.15,495.84,726.69,939.78,1170.63,1401.48,1614.57,1916.45,897.99,117.97
2022Q2,可隆-电商,针织夹克,166,273,64,416,636001.98,697,503,1440.24,206.67,1047.58,1181.91,1305.91,1440.24,1574.58,1698.57,1874.24,1026.14,189.49
2022Q2,可隆-电商,羽绒服,359,317,52,704,1728138.51,748,728,3444.18,861.45,1807.43,2367.37,2884.24,3444.18,4004.12,4520.99,5253.22,2370.8,658.46
2022Q2,可隆-电商,鞋,290,404,133,721,1516007.58,1147,827,1860.18,295.29,1299.13,1491.07,1668.24,1860.18,2052.12,2229.3,2480.3,1273.66,180.13
2022Q2,可隆-电商,马夹,87,174,43,337,769094.27,505,304,2039.83,328.71,1415.28,1628.94,1826.17,2039.83,2253.49,2450.72,2730.12,1539.87,402.73
2022Q2,可隆-电商,软壳夹克,491,340,99,739,2411830.64,992,930,2898.69,504.98,1939.22,2267.46,2570.45,2898.69,3226.93,3529.92,3959.16,2427.66,315.26
2022Q2,可隆-电商,配件,228,262,47,504,278268.76,953,537,456.84,119.79,229.24,307.1,378.98,456.84,534.71,606.58,708.41,303.11,39.82
2022Q2,可隆-电商,抓绒夹克,169,182,62,363,800311.14,724,413,1653.44,411.01,872.53,1139.68,1386.29,1653.44,1920.6,2167.2,2516.56,1162.19,172.28
2022Q2,可隆-电商,防风夹克,331,483,69,829,2558114.57,1613,883,2443.56,511.13,1472.41,1804.64,2111.32,2443.56,2775.79,3082.47,3516.93,1562.09,404.43
2022Q2,可隆-电商,其他,95,115,25,174,73547.72,278,235,302.55,88.89,133.65,191.43,244.77,302.55,360.33,413.66,489.22,266.11,32.82
2022Q2,可隆-电商,棉服,289,355,61,669,2643237.24,1014,705,2994.27,435.63,2166.58,2449.74,2711.12,2994.27,3277.43,3538.81,3909.09,2476.43,481.48
2022Q2,可隆-电商,连衣裙,47,58,7,100,153909.99,180,112,1346.42,291.0,793.53,982.68,1157.28,1346.42,1535.57,1710.17,1957.52,859.1,215.19
2022Q2,可隆-电商,短裤,195,264,46,505,415499.91,731,505,850.25,163.28,540.02,646.15,744.12,850.25,956.39,1054.36,1193.14,635.08,147.34
2022Q2,可隆-新疆,防水夹克,113,221,91,371,1524396.77,691,425,3315.06,1057.41,1305.99,1993.31,2627.75,3315.06,4002.38,4636.82,5535.62,2289.36,496.24
2022Q2,可隆-新疆,卫衣,167,193,31,294,351372.9,540,391,1230.59,290.36,678.92,867.65,1041.86,1230.59,1419.33,1593.54,1840.34,724.63,166.73
2022Q2,可隆-新疆,长袖T恤,87,77,42,153,232509.02,309,206,900.72,278.5,371.57,552.59,719.69,900.72,1081.74,1248.84,1485.56,712.48,157.02
2022Q2,可隆-新疆,三合一夹克,86,93,23,178,1414955.68,369,202,4657.2,984.77,2786.13,3426.23,4017.1,4657.2,5297.3,5888.17,6725.22,3531.05,889.4
2022Q2,可隆-新疆,POLO,179,80,20,265,391917.18,456,279,1015.04,310.26,425.54,627.21,813.37,1015.04,1216.71,1402.86,1666.58,889.18,121.18
2022Q2,可隆-新疆,短袖T恤,141,241,82,351,440986.6,775,464,773.98,221.43,353.27,497.2,630.05,773.98,917.9,1050.76,1238.97,571.26,80.2
2022Q2,可隆-新疆,长裤,79,165,24,227,419450.84,414,268,1376.16,209.59,977.94,1114.17,1239.93,1376.16,1512.4,1638.16,1816.31,1045.97,235.29
2022Q2,可隆-新疆,衬衫,62,80,7,143,210048.14,260,149,928.0,220.43,509.18,652.46,784.72,928.0,1071.27,1203.53,1390.9,751.12,169.39
2022Q2,可隆-新疆,针织夹克,65,96,30,181,295796.23,278,191,1345.69,312.42,752.08,955.16,1142.61,1345.69,1548.76,1736.22,2001.78,1005.78,147.35
2022Q2,可隆-新疆,羽绒服,82,79,39,166,780567.53,295,200,3848.24,694.66,2528.39,2979.92,3396.71,3848.24,4299.77,4716.57,5307.03,2697.0,527.15
2022Q2,可隆-新疆,鞋,45,47,10,93,262723.35,193,102,2058.6,480.49,1145.67,1457.99,1746.28,2058.6,2370.92,2659.22,3067.64,1370.19,307.67
2022Q2,可隆-新疆,马夹,29,47,16,79,202606.4,151,92,1855.3,266.23,1349.46,1522.51,1682.25,1855.3,2028.35,2188.08,2414.38,1237.93,202.65
2022Q2,可隆-新疆,软壳夹克,123,222,37,332,1421193.96,592,382,2660.75,728.11,1277.34,1750.61,2187.48,2660.75,3134.02,3570.89,4189.78,2360.97,340.23
2022Q2,可隆-新疆,配件,78,99,26,177,89410.59,313,203,443.17,80.27,290.67,342.84,391.0,443.17,495.35,543.51,611.73,299.87,64.4
2022Q2,可隆-新疆,抓绒夹克,38,90,18,143,308724.31,213,146,1859.89,384.93,1128.54,1378.74,1609.69,1859.89,2110.1,2341.05,2668.24,1409.36,298.97
2022Q2,可隆-新疆,防风夹克,105,70,34,170,478752.47,288,209,2432.74,739.94,1026.86,1507.82,1951.78,2432.74,2913.7,3357.67,3986.61,1659.92,228.31
2022Q2,可隆-新疆,其他,28,40,8,71,18681.85,123,76,275.87,71.42,140.18,186.6,229.45,275.87,322.29,365.14,425.84,148.85,30.44
2022Q2,可隆-新疆,棉服,44,63,7,113,337247.33,160,114,3120.27,981.27,1255.85,1893.68,2482.44,3120.27,3758.1,4346.86,5180.94,2156.08,319.07
2022Q2,可隆-新疆,连衣裙,14,22,4,47,76555.68,70,40,1560.52,229.85,1123.81,1273.21,1411.12,1560.52,1709.92,1847.83,2043.2,1101.21,219.48
2022Q2,可隆-新疆,短裤,43,77,28,116,80457.82,164,148,708.28,129.95,461.38,545.85,623.82,708.28,792.75,870.72,981.17,502.47,129.79
2022Q2,可隆-青海,防水夹克,99,117,22,190,773036.6,351,238,3118.4,496.75,2174.56,2497.45,2795.51,3118.4,3441.29,3739.34,4161.58,2397.67,391.83
2022Q2,可隆-青海,卫衣,45,96,13,156,192492.19,246,154,1207.13,269.03,695.96,870.83,1032.25,1207.13,1382.0,1543.42,1772.1,824.28,116.14
2022Q2,可隆-青海,长袖T恤,45,67,25,120,156084.51,247,137,856.81,138.77,593.14,683.34,766.61,856.81,947.01,1030.27,1148.23,633.68,87.63
2022Q2,可隆-青海,三合一夹克,39,42,8,79,435477.61,123,89,4667.21,1367.96,2068.08,2957.25,3778.03,4667.21,5556.38,6377.16,7539.93,3476.66,825.13
2022Q2,可隆-青海,POLO,36,87,13,135,138606.93,231,136,995.05,225.54,566.52,713.12,848.45,995.05,1141.66,1276.98,1468.7,605.75,121.46
2022Q2,可隆-青海,短袖T恤,56,59,18,94,122306.53,229,133,731.07,149.13,447.72,544.66,634.14,731.07,828.01,917.49,1044.25,574.22,94.16
2022Q2,可隆-青海,长裤,31,45,7,71,120111.81,111,83,1401.55,259.38,908.72,1077.32,1232.95,1401.55,1570.14,1725.77,1946.25,1011.28,242.08
2022Q2,可隆-青海,衬衫,25,53,12,73,129636.26,184,90,1038.44,175.36,705.25,819.24,924.45,1038.44,1152.42,1257.64,1406.7,725.43,163.72
2022Q2,可隆-青海,针织夹克,42,39,9,70,168144.06,149,90,1448.43,424.04,642.75,918.38,1172.8,1448.43,1724.06,1978.48,2338.92,1006.38,151.46
2022Q2,可隆-青海,羽绒服,49,30,15,89,402169.57,155,94,3683.49,961.25,1857.11,2481.92,3058.68,3683.49,4308.31,4885.06,5702.13,2499.88,607.59
2022Q2,可隆-青海,鞋,49,55,15,103,278323.33,169,119,2535.37,451.4,1677.71,1971.12,2241.96,2535.37,2828.78,3099.62,3483.3,1612.41,445.81
2022Q2,可隆-青海,马夹,17,33,4,45,69551.11,69,54,1818.17,483.61,899.32,1213.66,1503.83,1818.17,2132.52,2422.68,2833.75,996.01,170.81
2022Q2,可隆-青海,软壳夹克,47,97,26,162,538405.55,318,170,2775.39,549.98,1730.43,2087.92,2417.91,2775.39,3132.88,3462.87,3930.35,1774.47,294.36
2022Q2,可隆-青海,配件,47,41,9,83,53076.85,169,97,450.58,71.94,313.89,360.65,403.82,450.58,497.35,540.52,601.67,318.67,70.0
2022Q2,可隆-青海,抓绒夹克,27,51,12,80,161893.94,141,90,1859.01,477.27,952.2,1262.42,1548.78,1859.01,2169.23,2455.59,2861.27,1161.9,149.29
2022Q2,可隆-青海,防风夹克,94,86,27,148,444161.56,259,207,2398.33,453.59,1536.5,1831.34,2103.49,2398.33,2693.17,2965.32,3350.88,1797.09,501.69
2022Q2,可隆-青海,其他,15,14,4,37,8859.0,45,33,315.25,93.51,137.58,198.36,254.47,315.25,376.03,432.13,511.61,227.51,59.41
2022Q2,可隆-青海,棉服,29,28,6,60,296940.07,102,63,3364.85,718.51,1999.69,2466.72,2897.82,3364.85,3831.88,4262.98,4873.72,2859.74,714.2
2022Q2,可隆-青海,连衣裙,5,6,1,10,17420.84,18,12,1567.66,256.83,1079.69,1246.63,1400.72,1567.66,1734.6,1888.7,2107.0,1143.53,151.41
2022Q2,可隆-青海,短裤,32,38,16,72,90487.08,141,86,897.08,165.08,583.43,690.73,789.78,897.08,1004.39,1103.44,1243.76,671.92,158.79
2022Q2,可隆-线下山,防水夹克,214,302,93,520,2663307.65,1101,609,3114.98,685.25,1813.0,2258.41,2669.56,3114.98,3560.39,3971.54,4554.01,2359.31,412.34
2022Q2,可隆-线下山,卫衣,145,120,59,274,479982.98,483,324,1281.77,310.25,692.3,893.96,1080.11,1281.77,1483.43,1669.58,1933.29,1011.95,152.81
2022Q2,可隆-线下山,长袖T恤,237,237,66,473,556259.18,897,540,890.63,135.94,632.35,720.71,802.27,890.63,978.99,1060.55,1176.1,654.77,113.84
2022Q2,可隆-线下山,三合一夹克,78,84,40,185,836609.31,286,202,3991.79,1212.2,1688.6,2476.54,3203.86,3991.79,4779.72,5507.05,6537.42,3403.85,814.71
2022Q2,可隆-线下山,POLO,110,224,45,327,544267.83,652,379,1142.24,174.63,810.44,923.95,1028.73,1142.24,1255.76,1360.54,1508.97,857.92,107.95
2022Q2,可隆-线下山,短袖T恤,70,207,17,287,158644.8,386,294,781.43,239.38,326.6,482.2,625.83,781.43,937.02,1080.66,1284.13,487.65,101.03
2022Q2,可隆-线下山,长裤,189,152,36,296,510614.62,583,377,1344.86,294.41,785.49,976.85,1153.49,1344.86,1536.22,1712.87,1963.12,878.42,143.71
2022Q2,可隆-线下山,衬衫,67,119,35,183,245614.2,323,221,1114.4,157.23,815.66,917.86,1012.2,1114.4,1216.6,1310.94,1444.59,794.9,104.93
2022Q2,可隆-线下山,针织夹克,43,112,18,141,365669.59,244,173,1778.95,558.68,717.46,1080.6,1415.81,1778.95,2142.1,2477.3,2952.18,1406.89,364.22
2022Q2,可隆-线下山,羽绒服,47,196,28,221,1328642.77,428,271,3689.25,636.99,2478.97,2893.01,3275.21,3689.25,4103.3,4485.49,5026.94,3046.12,456.93
2022Q2,可隆-线下山,鞋,106,77,26,197,383175.33,298,209,2071.47,562.08,1003.52,1368.87,1706.12,2071.47,2436.83,2774.07,3251.84,1373.97,254.7
2022Q2,可隆-线下山,马夹,72,61,20,129,311963.04,214,153,1879.3,268.49,1369.18,1543.7,1704.79,1879.3,2053.82,2214.91,2443.13,1407.37,222.11
2022Q2,可隆-线下山,软壳夹克,130,134,29,327,1018242.94,470,293,2769.73,588.26,1652.03,2034.4,2387.35,2769.73,3152.1,3505.05,4005.08,2121.69,315.34
2022Q2,可隆-线下山,配件,130,154,31,241,152987.94,433,315,397.94,114.92,179.6,254.3,323.25,397.94,472.64,541.59,639.27,338.62,44.63
2022Q2,可隆-线下山,抓绒夹克,32,152,17,176,411525.13,297,201,1737.81,337.59,1096.38,1315.82,1518.37,1737.81,1957.24,2159.8,2446.75,1408.25,200.06
2022Q2,可隆-线下山,防风夹克,141,201,42,262,677568.83,423,384,2316.12,720.14,947.86,1415.95,1848.03,2316.12,2784.21,3216.29,3828.4,1666.92,323.53
2022Q2,可隆-线下山,其他,27,39,9,66,26050.14,115,75,294.92,47.41,204.85,235.66,264.11,294.92,325.74,354.18,394.48,218.3,36.44
2022Q2,可隆-线下山,棉服,62,59,18,114,401013.4,176,139,3365.87,807.12,1832.34,2356.97,2841.24,3365.87,3890.5,4374.77,5060.83,2259.48,351.36
2022Q2,可隆-线下山,连衣裙,20,19,12,43,112528.5,95,51,1662.77,485.83,739.69,1055.48,1346.98,1662.77,1978.56,2270.05,2683.01,1246.14,171.28
2022Q2,可隆-线下山,短裤,97,140,7,221,244852.37,410,244,802.51,144.26,528.42,622.19,708.74,802.51,896.27,982.83,1105.45,623.71,125.38
2022Q3,可隆-东北,防水夹克,279,380,134,769,2290304.05,1279,793,3219.58,960.39,1394.83,2019.08,2595.32,3219.58,3843.83,4420.07,5236.4,1917.14,267.38
2022Q3,可隆-东北,卫衣,178,537,22,588,986506.11,1128,737,1323.26,363.62,632.39,868.74,1086.91,1323.26,1559.61,1777.78,2086.85,859.51,195.0
2022Q3,可隆-东北,长袖T恤,219,337,77,516,611109.89,979,633,978.89,222.5,556.15,700.77,834.27,978.89,1123.52,1257.01,1446.13,668.63,156.9
2022Q3,可隆-东北,三合一夹克,126,168,41,306,1403589.28,518,335,4184.97,1131.55,2035.02,2770.53,3449.46,4184.97,4920.48,5599.41,6561.23,3071.71,679.05
2022Q3,可隆-东北,POLO,159,372,60,560,764232.25,1090,591,928.33,260.82,432.77,602.31,758.8,928.33,1097.86,1254.36,1476.05,724.7,162.98
2022Q3,可隆-东北,短袖T恤,164,504,48,816,382516.62,954,716,704.49,129.44,458.55,542.69,620.35,704.49,788.62,866.29,976.31,416.24,73.98
2022Q3,可隆-东北,长裤,308,344,95,740,840623.38,928,747,1211.59,239.03,757.44,912.81,1056.22,1211.59,1366.96,1510.38,1713.55,868.16,108.51
2022Q3,可隆-东北,衬衫,119,159,33,277,419205.72,609,311,925.56,164.28,613.43,720.21,818.78,925.56,1032.34,1130.91,1270.55,649.03,162.19
2022Q3,可隆-东北,针织夹克,121,193,19,270,555642.41,561,333,1516.34,264.05,1014.65,1186.28,1344.71,1516.34,1687.98,1846.41,2070.85,986.18,263.41
2022Q3,可隆-东北,羽绒服,307,429,57,675,2029372.13,1015,793,3211.52,721.97,1839.77,2309.06,2742.24,3211.52,3680.8,4113.99,4727.66,2044.81,360.93
2022Q3,可隆-东北,鞋,172,360,58,497,1337110.05,840,590,2144.88,551.54,1096.96,1455.46,1786.38,2144.88,2503.38,2834.3,3303.11,1620.05,376.34
2022Q3,可隆-东北,马夹,110,88,33,245,349983.39,307,231,1757.46,400.01,997.44,1257.44,1497.45,1757.46,2017.46,2257.47,2597.48,1145.18,247.51
2022Q3,可隆-东北,软壳夹克,239,430,25,598,2690793.6,1079,694,2642.81,523.22,1648.69,1988.78,2302.71,2642.81,2982.9,3296.83,3741.57,2348.13,504.19
2022Q3,可隆-东北,配件,149,214,36,327,200981.4,647,399,378.86,66.0,253.45,296.36,335.96,378.86,421.76,461.37,517.47,309.05,80.82
2022Q3,可隆-东北,抓绒夹克,180,172,42,311,600309.63,625,394,1498.8,433.92,674.34,956.39,1216.75,1498.8,1780.85,2041.2,2410.03,909.45,132.29
2022Q3,可隆-东北,防风夹克,305,255,97,643,2088069.55,1246,657,2515.84,601.12,1373.71,1764.44,2125.11,2515.84,2906.57,3267.24,3778.19,1733.75,375.22
2022Q3,可隆-东北,其他,43,80,19,132,46083.48,213,142,279.56,57.13,171.02,208.15,242.43,279.56,316.7,350.97,399.53,197.68,32.46
2022Q3,可隆-东北,棉服,146,127,54,316,1087422.6,502,327,2424.47,404.67,1655.59,1918.63,2161.43,2424.47,2687.51,2930.31,3274.28,1963.45,345.57
2022Q3,可隆-东北,连衣裙,38,75,12,101,192811.06,200,125,1434.11,308.24,848.45,1048.8,1233.75,1434.11,1634.46,1819.41,2081.41,958.03,258.65
2022Q3,可隆-东北,短裤,101,118,28,259,176988.44,432,247,617.88,158.07,317.55,420.29,515.13,617.88,720.62,815.46,949.82,422.81,106.75
2022Q3,可隆-华东,防水夹克,489,809,217,1287,4235192.81,1830,1515,3747.36,718.95,2381.35,2848.67,3280.04,3747.36,4214.67,4646.04,5257.15,2266.77,456.98
2022Q3,可隆-华东,卫衣,319,356,41,628,921753.62,1029,716,1126.85,313.27,531.64,735.26,923.23,1126.85,1330.48,1518.44,1784.72,849.98,109.31
2022Q3,可隆-华东,长袖T恤,268,504,95,782,777357.37,1223,867,934.71,166.83,617.72,726.17,826.27,934.71,1043.15,1143.25,1285.06,690.54,184.15
2022Q3,可隆-华东,三合一夹克,152,168,57,388,1692049.07,478,377,4832.94,874.42,3171.53,3739.9,4264.56,4832.94,5401.31,5925.97,6669.23,3615.64,921.42
2022Q3,可隆-华东,POLO,291,297,57,495,501630.17,948,645,887.98,267.26,380.19,553.91,714.26,887.98,1061.69,1222.05,1449.21,609.06,100.06
2022Q3,可隆-华东,短袖T恤,294,776,214,1015,1297911.82,2312,1284,756.39,167.88,437.43,546.55,647.28,756.39,865.51,966.24,1108.93,605.96,101.97
2022Q3,可隆-华东,长裤,151,306,63,503,561181.46,845,520,1130.3,183.5,781.65,900.92,1011.02,1130.3,1249.57,1359.67,1515.65,621.47,107.57
2022Q3,可隆-华东,衬衫,158,190,67,343,525238.34,656,415,1208.42,278.85,678.6,859.85,1027.17,1208.42,1389.67,1556.99,1794.01,799.42,163.51
2022Q3,可隆-华东,针织夹克,146,186,46,377,592296.19,647,378,1322.58,398.21,565.98,824.82,1063.75,1322.58,1581.42,1820.34,2158.82,929.17,196.61
2022Q3,可隆-华东,羽绒服,261,405,135,740,3858997.46,1234,801,4220.07,1163.03,2010.31,2766.28,3464.1,4220.07,4976.04,5673.86,6662.43,2944.82,609.16
2022Q3,可隆-华东,鞋,277,284,57,611,1419029.33,879,618,2219.74,339.92,1573.9,1794.85,1998.8,2219.74,2440.69,2644.64,2933.57,1559.0,205.33
2022Q3,可隆-华东,马夹,91,183,69,288,696907.32,565,343,1670.82,321.99,1059.05,1268.34,1461.53,1670.82,1880.12,2073.31,2347.0,1202.84,167.95
2022Q3,可隆-华东,软壳夹克,357,722,93,1141,4430887.07,2193,1172,2843.91,496.93,1899.74,2222.75,2520.91,2843.91,3166.92,3465.08,3887.47,2016.78,318.13
2022Q3,可隆-华东,配件,185,255,74,457,275619.33,773,514,420.4,91.97,245.66,305.44,360.62,420.4,480.18,535.36,613.54,329.44,69.3
2022Q3,可隆-华东,抓绒夹克,144,235,65,378,644546.76,562,444,1649.81,261.54,1152.88,1322.88,1479.8,1649.81,1819.81,1976.73,2199.04,1176.92,295.99
2022Q3,可隆-华东,防风夹克,348,412,107,851,1921623.89,1346,867,2402.82,520.92,1413.08,1751.67,2064.22,2402.82,2741.42,3053.97,3496.75,1467.24,221.61
2022Q3,可隆-华东,其他,64,100,27,170,40470.94,191,191,286.91,87.52,120.62,177.51,230.02,286.91,343.8,396.32,470.71,231.34,45.91
2022Q3,可隆-华东,棉服,187,273,33,358,1883998.74,756,493,2912.17,500.9,1960.46,2286.05,2586.59,2912.17,3237.75,3538.29,3964.05,2412.28,571.77
2022Q3,可隆-华东,连衣裙,50,97,5,133,230023.89,191,152,1718.2,335.54,1080.68,1298.78,1500.1,1718.2,1936.3,2137.62,2422.82,1261.4,274.17
2022Q3,可隆-华东,短裤,165,118,75,286,306534.85,548,358,788.12,147.55,507.78,603.69,692.22,788.12,884.03,972.55,1097.97,507.14,68.37
2022Q3,可隆-华北,防水夹克,305,842,118,1198,5609207.2,1941,1265,3182.63,606.98,2029.36,2423.9,2788.09,3182.63,3577.17,3941.36,4457.3,3054.37,574.42
2022Q3,可隆-华北,卫衣,283,389,57,626,1220221.09,1205,729,1235.38,192.18,870.23,995.15,1110.46,1235.38,1360.3,1475.61,1638.97,945.83,209.47
2022Q3,可隆-华北,长袖T恤,201,337,67,510,415850.87,880,605,824.21,229.01,389.09,537.95,675.35,824.21,973.06,1110.46,1305.12,515.08,123.01
2022Q3,可隆-华北,三合一夹克,137,230,26,327,1873188.35,667,393,3992.32,803.03,2466.57,2988.53,3470.35,3992.32,4514.28,4996.1,5678.67,2734.89,346.71
2022Q3,可隆-华北,POLO,435,390,139,753,965866.99,1113,964,1099.41,334.64,463.6,681.11,881.89,1099.41,1316.92,1517.7,1802.15,826.06,198.67
2022Q3,可隆-华北,短袖T恤,374,441,98,718,696146.7,1125,913,722.96,185.1,371.27,491.58,602.64,722.96,843.27,954.33,1111.66,638.79,84.55
2022Q3,可隆-华北,长裤,308,542,108,755,1615819.52,1351,958,1445.82,240.24,989.36,1145.52,1289.66,1445.82,1601.97,1746.11,1950.32,1136.09,317.56
2022Q3,可隆-华北,衬衫,180,156,51,377,676077.97,592,387,1241.21,222.72,818.03,962.8,1096.44,1241.21,1385.98,1519.61,1708.93,1063.42,246.15
2022Q3,可隆-华北,针织夹克,135,316,29,406,970982.6,794,480,1567.89,378.08,849.54,1095.29,1322.14,1567.89,1813.64,2040.49,2361.85,1191.24,216.84
2022Q3,可隆-华北,羽绒服,84,242,57,367,1803612.39,660,383,3959.1,1040.16,1982.79,2658.9,3283.0,3959.1,4635.21,5259.31,6143.45,2654.4,403.98
2022Q3,可隆-华北,鞋,268,435,80,549,1485559.44,975,783,2275.81,428.25,1462.13,1740.49,1997.44,2275.81,2554.17,2811.13,3175.14,1457.46,355.55
2022Q3,可隆-华北,马夹,108,177,53,242,813563.44,556,338,1746.54,365.49,1052.12,1289.68,1508.97,1746.54,1984.11,2203.4,2514.06,1304.87,258.77
2022Q3,可隆-华北,软壳夹克,256,325,98,563,1934827.45,948,679,2410.57,492.52,1474.79,1794.93,2090.44,2410.57,2730.71,3026.22,3444.86,1926.2,367.65
2022Q3,可隆-华北,配件,202,269,99,456,221329.21,772,570,380.93,62.19,262.77,303.2,340.51,380.93,421.35,458.66,511.52,289.26,72.29
2022Q3,可隆-华北,抓绒夹克,236,229,21,410,769983.58,821,486,1466.43,206.84,1073.43,1207.88,1331.98,1466.43,1600.88,1724.99,1900.81,979.0,207.46
2022Q3,可隆-华北,防风夹克,324,561,145,839,3363063.62,1676,1030,2486.18,654.75,1242.15,1667.74,2060.59,2486.18,2911.77,3304.62,3861.16,1850.46,254.83
2022Q3,可隆-华北,其他,95,88,28,161,67123.99,335,211,305.41,77.53,158.1,208.5,255.02,305.41,355.81,402.33,468.23,222.86,28.99
2022Q3,可隆-华北,棉服,160,118,45,282,1058569.48,464,323,2977.3,416.99,2185.02,2456.06,2706.26,2977.3,3248.34,3498.54,3852.98,2379.8,418.98
2022Q3,可隆-华北,连衣裙,26,36,7,61,130557.81,100,69,1518.58,393.89,770.18,1026.21,1262.55,1518.58,1774.61,2010.95,2345.76,1327.07,209.6
2022Q3,可隆-华北,短裤,217,146,50,295,409617.92,702,413,842.66,194.85,472.45,599.1,716.01,842.66,969.32,1086.23,1251.85,602.29,83.14
2022Q3,可隆-华南,防水夹克,400,605,124,876,4140765.05,2027,1129,3007.86,598.2,1871.27,2260.11,2619.03,3007.86,3396.69,3755.62,4264.09,2004.78,275.91
2022Q3,可隆-华南,卫衣,174,270,40,435,536595.41,906,484,1046.36,199.55,667.22,796.93,916.65,1046.36,1176.06,1295.79,1465.41,617.87,164.62
2022Q3,可隆-华南,长袖T恤,450,453,47,722,832605.97,1413,950,959.25,185.73,606.37,727.09,838.53,959.25,1079.97,1191.41,1349.28,589.1,127.88
2022Q3,可隆-华南,三合一夹克,122,173,25,262,1813188.88,546,320,4686.55,1475.72,1882.69,2841.9,3727.33,4686.55,5645.77,6531.2,7785.56,3173.72,696.53
2022Q3,可隆-华南,POLO,290,275,70,648,679749.83,1104,635,874.2,170.03,551.15,661.67,763.68,874.2,984.72,1086.74,1231.26,616.95,106.89
2022Q3,可隆-华南,短袖T恤,355,413,146,622,593318.67,1141,914,781.57,202.59,396.65,528.33,649.89,781.57,913.25,1034.81,1207.01,494.79,71.74
2022Q3,可隆-华南,长裤,267,352,95,586,1020180.29,1106,714,1188.42,376.49,473.08,717.8,943.7,1188.42,1433.14,1659.03,1979.05,924.85,211.12
2022Q3,可隆-华南,衬衫,109,130,49,246,360010.65,435,288,1013.84,245.71,546.98,706.7,854.12,1013.84,1173.55,1320.98,1529.83,872.53,145.83
2022Q3,可隆-华南,针织夹克,128,99,38,208,396426.47,440,265,1428.97,435.48,601.57,884.63,1145.91,1428.97,1712.03,1973.32,2343.47,907.32,168.94
2022Q3,可隆-华南,羽绒服,396,292,107,621,3034215.51,1185,795,3445.04,518.0,2460.85,2797.54,3108.34,3445.04,3781.74,4092.53,4532.83,2610.97,563.11
2022Q3,可隆-华南,鞋,180,173,65,413,1138970.73,704,418,2094.52,459.29,1221.87,1520.41,1795.98,2094.52,2393.06,2668.63,3059.03,1510.82,383.3
2022Q3,可隆-华南,马夹,141,260,35,416,670076.12,654,436,1497.37,407.69,722.75,987.75,1232.37,1497.37,1762.37,2006.99,2353.53,1053.26,255.94
2022Q3,可隆-华南,软壳夹克,249,247,87,559,1071719.27,846,583,2079.27,389.37,1339.46,1592.55,1826.17,2079.27,2332.36,2565.98,2896.94,1315.65,307.63
2022Q3,可隆-华南,配件,128,269,58,376,180396.14,742,455,420.47,91.76,246.13,305.77,360.82,420.47,480.11,535.16,613.16,250.9,37.44
2022Q3,可隆-华南,抓绒夹克,171,122,53,342,716283.43,583,346,1797.97,294.84,1237.76,1429.41,1606.32,1797.97,1989.61,2166.52,2417.14,1178.59,282.24
2022Q3,可隆-华南,防风夹克,279,344,78,612,1803575.92,986,701,2531.79,653.94,1289.31,1714.37,2106.73,2531.79,2956.85,3349.21,3905.06,1814.09,459.26
2022Q3,可隆-华南,其他,21,67,15,105,36257.91,162,103,310.02,85.5,147.56,203.14,254.44,310.02,365.59,416.89,489.57,238.15,42.68
2022Q3,可隆-华南,棉服,234,207,68,504,1825123.13,862,509,2858.76,796.1,1346.16,1863.63,2341.29,2858.76,3376.22,3853.89,4530.58,2186.5,574.45
2022Q3,可隆-华南,连衣裙,44,50,10,108,252683.13,195,104,1836.05,274.8,1313.93,1492.55,1657.43,1836.05,2014.67,2179.55,2413.13,1387.67,349.4
2022Q3,可隆-华南,短裤,139,296,56,417,412350.08,846,491,794.64,199.37,415.83,545.43,665.05,794.64,924.23,1043.86,1213.32,472.73,115.14
2022Q3,可隆-华西,防水夹克,350,584,88,790,4422146.36,1663,1022,3341.23,528.11,2337.81,2681.09,2997.95,3341.23,3684.5,4001.37,4450.26,2807.2,679.74
2022Q3,可隆-华西,卫衣,194,196,49,434,677346.47,686,439,1218.4,236.09,769.83,923.29,1064.94,1218.4,1371.85,1513.51,1714.18,968.35,158.89
2022Q3,可隆-华西,长袖T恤,186,314,76,522,860963.21,1087,576,1008.72,210.35,609.05,745.78,871.99,1008.72,1145.45,1271.66,1450.46,777.34,182.78
2022Q3,可隆-华西,三合一夹克,149,186,50,317,1877413.32,668,385,3938.37,1237.18,1587.73,2391.9,3134.2,3938.37,4742.53,5484.84,6536.44,2620.41,329.88
2022Q3,可隆-华西,POLO,208,283,68,460,811342.13,1150,559,996.74,149.08,713.48,810.39,899.83,996.74,1093.64,1183.09,1309.81,770.49,102.32
2022Q3,可隆-华西,短袖T恤,140,656,137,658,483980.37,1074,933,863.93,257.15,375.34,542.49,696.78,863.93,1031.07,1185.36,1403.94,430.45,68.38
2022Q3,可隆-华西,长裤,355,297,101,611,1047101.68,1105,753,1123.84,358.49,442.72,675.73,890.83,1123.84,1356.86,1571.95,1876.66,871.37,169.39
2022Q3,可隆-华西,衬衫,76,152,14,209,304233.52,394,242,958.4,253.33,477.07,641.74,793.74,958.4,1123.07,1275.07,1490.4,749.64,105.84
2022Q3,可隆-华西,针织夹克,69,102,23,165,330885.57,315,194,1481.87,368.9,780.96,1020.74,1242.09,1481.87,1721.66,1943.0,2256.57,1035.61,250.25
2022Q3,可隆-华西,羽绒服,208,308,54,466,2172683.38,820,570,3725.11,571.6,2639.07,3010.61,3353.57,3725.11,4096.65,4439.61,4925.47,2690.5,615.16
2022Q3,可隆-华西,鞋,141,158,44,270,840640.24,495,343,2575.29,752.48,1145.57,1634.68,2086.17,2575.29,3064.4,3515.89,4155.5,1775.97,417.97
2022Q3,可隆-华西,马夹,162,121,48,323,871925.74,633,331,1839.86,356.39,1162.71,1394.36,1608.2,1839.86,2071.51,2285.35,2588.28,1285.1,222.65
2022Q3,可隆-华西,软壳夹克,174,278,48,561,1646735.98,747,500,2867.83,573.3,1778.56,2151.2,2495.19,2867.83,3240.48,3584.47,4071.77,2202.23,359.66
2022Q3,可隆-华西,配件,184,205,56,429,195965.3,767,445,301.61,89.11,132.3,190.22,243.69,301.61,359.54,413.0,488.75,226.4,28.03
2022Q3,可隆-华西,抓绒夹克,116,167,54,277,811881.05,533,337,1821.98,265.14,1318.23,1490.56,1649.64,1821.98,1994.32,2153.4,2378.77,1314.27,293.56
2022Q3,可隆-华西,防风夹克,93,136,46,286,616371.39,308,275,2406.98,462.37,1528.48,1829.02,2106.44,2406.98,2707.52,2984.94,3377.95,1996.97,277.8
2022Q3,可隆-华西,其他,68,80,8,119,69619.54,266,156,330.57,59.58,217.37,256.1,291.85,330.57,369.3,405.05,455.69,253.44,62.25
2022Q3,可隆-华西,棉服,53,133,19,181,853196.39,334,205,2984.74,734.04,1590.06,2067.19,2507.61,2984.74,3461.87,3902.3,4526.24,2415.76,490.01
2022Q3,可隆-华西,连衣裙,17,23,6,68,108072.51,93,46,1576.47,228.46,1142.4,1290.9,1427.97,1576.47,1724.96,1862.04,2056.22,1059.93,150.66
2022Q3,可隆-华西,短裤,142,104,32,237,324713.72,498,278,863.18,137.13,602.64,691.77,774.05,863.18,952.32,1034.59,1151.15,617.74,126.42
2022Q3,可隆-安徽,防水夹克,247,272,108,588,1573621.68,937,627,2757.22,390.64,2014.99,2268.91,2503.3,2757.22,3011.13,3245.52,3577.57,1724.06,412.91
2022Q3,可隆-安徽,卫衣,180,354,53,437,906460.22,1042,587,1203.04,222.08,781.09,925.44,1058.69,1203.04,1347.39,1480.64,1669.41,823.6,139.61
2022Q3,可隆-安徽,长袖T恤,308,401,69,644,730759.4,1133,778,787.08,131.12,537.95,623.18,701.85,787.08,872.3,950.98,1062.43,610.84,153.06
2022Q3,可隆-安徽,三合一夹克,77,112,20,207,1410254.0,403,209,4376.33,973.44,2526.8,3159.53,3743.6,4376.33,5009.07,5593.14,6420.56,3351.36,426.6
2022Q3,可隆-安徽,POLO,169,238,65,394,434256.87,695,472,862.76,198.05,486.45,615.19,734.02,862.76,991.49,1110.32,1278.67,631.28,107.11
2022Q3,可隆-安徽,短袖T恤,362,195,65,579,451726.92,826,622,774.27,183.02,426.53,545.49,655.31,774.27,893.24,1003.05,1158.62,570.01,159.18
2022Q3,可隆-安徽,长裤,160,283,60,529,698686.81,721,503,1316.03,380.24,593.57,840.73,1068.87,1316.03,1563.19,1791.33,2114.54,946.35,164.52
2022Q3,可隆-安徽,衬衫,171,125,49,301,521464.36,604,345,1206.23,378.04,487.95,733.68,960.5,1206.23,1451.96,1678.78,2000.12,931.07,246.99
2022Q3,可隆-安徽,针织夹克,135,164,59,268,672177.66,641,358,1607.32,242.66,1146.27,1304.0,1449.59,1607.32,1765.05,1910.65,2116.91,1023.93,204.57
2022Q3,可隆-安徽,羽绒服,224,173,64,322,2360426.89,731,461,4393.09,710.3,3043.51,3505.21,3931.39,4393.09,4854.79,5280.97,5884.73,3225.41,417.33
2022Q3,可隆-安徽,鞋,128,195,67,297,1052754.85,693,390,2128.29,619.23,951.74,1354.24,1725.78,2128.29,2530.79,2902.33,3428.68,1523.69,395.2
2022Q3,可隆-安徽,马夹,124,70,36,206,806925.96,395,230,2191.72,652.69,951.61,1375.85,1767.47,2191.72,2615.96,3007.58,3562.36,1928.41,512.91
2022Q3,可隆-安徽,软壳夹克,295,200,79,473,1609313.06,896,574,2523.27,396.9,1769.17,2027.15,2265.29,2523.27,2781.26,3019.39,3356.75,1784.03,290.06
2022Q3,可隆-安徽,配件,117,203,56,280,229175.22,705,376,427.69,103.79,230.48,297.94,360.22,427.69,495.15,557.43,645.65,327.59,81.67
2022Q3,可隆-安徽,抓绒夹克,96,116,34,222,637159.58,369,246,1961.23,354.42,1287.82,1518.2,1730.85,1961.23,2191.6,2404.26,2705.52,1837.36,305.38
2022Q3,可隆-安徽,防风夹克,188,168,60,354,1085058.45,689,416,2250.51,459.99,1376.54,1675.53,1951.52,2250.51,2549.5,2825.49,3216.48,1576.41,206.49
2022Q3,可隆-安徽,其他,35,34,10,64,16092.02,93,79,259.94,47.69,169.33,200.33,228.94,259.94,290.94,319.56,360.1,200.95,35.32
2022Q3,可隆-安徽,棉服,140,240,73,283,898136.7,496,453,3081.49,785.48,1589.08,2099.64,2570.93,3081.49,3592.06,4063.34,4731.0,1772.93,252.35
2022Q3,可隆-安徽,连衣裙,31,35,4,53,114036.3,103,70,1310.64,270.24,797.18,972.84,1134.98,1310.64,1486.29,1648.43,1878.14,1110.89,240.01
2022Q3,可隆-安徽,短裤,88,119,29,173,225796.45,386,236,833.01,246.04,365.53,525.46,673.08,833.01,992.94,1140.57,1349.7,586.45,70.41
2022Q3,可隆-山西,防水夹克,160,272,47,502,1774572.33,671,479,3631.55,584.67,2520.68,2900.71,3251.51,3631.55,4011.58,4362.38,4859.34,2554.69,424.08
2022Q3,可隆-山西,卫衣,134,207,50,362,416194.01,440,391,1299.6,286.05,756.11,942.04,1113.67,1299.6,1485.54,1657.17,1900.31,960.98,144.42
2022Q3,可隆-山西,长袖T恤,211,150,53,433,480640.72,660,414,895.68,243.6,432.83,591.17,737.34,895.68,1054.02,1200.18,1407.25,706.8,175.82
2022Q3,可隆-山西,三合一夹克,63,147,27,196,1014042.19,290,237,4466.33,1374.15,1855.44,2748.64,3573.13,4466.33,5359.53,6184.02,7352.06,3488.5,803.38
2022Q3,可隆-山西,POLO,128,286,80,438,457694.61,756,494,829.35,262.55,330.5,501.16,658.69,829.35,1000.01,1157.54,1380.71,587.4,110.41
2022Q3,可隆-山西,短袖T恤,129,203,61,467,471554.06,636,393,870.77,127.66,628.21,711.19,787.79,870.77,953.75,1030.35,1138.86,727.26,148.69
2022Q3,可隆-山西,长裤,209,242,43,393,748511.96,976,494,1342.48,390.88,599.81,853.88,1088.41,1342.48,1596.55,1831.08,2163.33,822.2,116.56
2022Q3,可隆-山西,衬衫,108,163,49,284,326743.33,449,320,1060.3,245.0,594.8,754.05,901.05,1060.3,1219.55,1366.55,1574.8,661.88,132.2
2022Q3,可隆-山西,针织夹克,108,118,25,250,389825.92,377,251,1593.71,232.39,1152.16,1303.21,1442.65,1593.71,1744.76,1884.2,2081.73,1081.08,259.46
2022Q3,可隆-山西,羽绒服,169,159,75,336,1550551.99,677,403,3833.05,843.42,2230.56,2778.78,3284.83,3833.05,4381.27,4887.31,5604.22,2406.23,371.9
2022Q3,可隆-山西,鞋,120,140,37,377,965516.97,582,297,2022.93,613.81,856.69,1255.67,1623.95,2022.93,2421.91,2790.2,3311.95,1788.57,354.83
2022Q3,可隆-山西,马夹,55,120,15,198,547141.18,324,190,2021.66,515.95,1041.35,1376.72,1686.29,2021.66,2357.03,2666.6,3105.16,1748.66,259.44
2022Q3,可隆-山西,软壳夹克,163,252,67,373,1616616.56,843,482,2402.78,696.77,1078.93,1531.82,1949.88,2402.78,2855.68,3273.74,3865.99,1921.93,293.58
2022Q3,可隆-山西,配件,142,96,36,233,166968.16,410,274,512.46,153.37,221.05,320.74,412.77,512.46,612.15,704.17,834.54,422.47,60.05
2022Q3,可隆-山西,抓绒夹克,95,159,40,217,384787.8,378,294,1527.39,340.67,880.13,1101.56,1305.96,1527.39,1748.83,1953.22,2242.79,1040.69,161.73
2022Q3,可隆-山西,防风夹克,143,212,43,420,1385468.24,679,398,2506.07,471.93,1609.4,1916.15,2199.31,2506.07,2812.82,3095.98,3497.13,2062.19,375.99
2022Q3,可隆-山西,其他,29,66,17,98,27798.55,150,112,243.72,74.85,101.49,150.15,195.06,243.72,292.37,337.28,400.91,172.81,45.84
2022Q3,可隆-山西,棉服,134,166,56,328,828675.89,515,356,2723.17,626.12,1533.54,1940.52,2316.19,2723.17,3130.15,3505.82,4038.02,1511.79,307.56
2022Q3,可隆-山西,连衣裙,19,38,4,54,119260.2,116,61,1782.66,521.02,792.72,1131.39,1444.0,1782.66,2121.32,2433.93,2876.8,1046.65,285.03
2022Q3,可隆-山西,短裤,76,127,29,214,250915.01,435,232,860.37,179.07,520.13,636.53,743.97,860.37,976.76,1084.2,1236.41,665.57,172.01
2022Q3,可隆-西北,防水夹克,153,435,71,671,2690346.42,1247,659,3270.35,734.22,1875.33,2352.58,2793.11,3270.35,3747.6,4188.13,4812.22,2153.78,515.62
2022Q3,可隆-西北,卫衣,176,200,17,358,532461.51,689,393,1043.24,230.89,604.55,754.63,893.16,1043.24,1193.32,1331.86,1528.12,770.26,127.44
2022Q3,可隆-西北,长袖T恤,188,204,28,375,441128.28,613,420,888.75,204.39,500.4,633.26,755.89,888.75,1021.6,1144.24,1317.97,700.22,120.79
2022Q3,可隆-西北,三合一夹克,80,88,37,198,878057.67,324,205,4126.99,844.47,2522.49,3071.39,3578.08,4126.99,4675.89,5182.58,5900.38,2950.63,558.3
2022Q3,可隆-西北,POLO,180,314,52,414,733819.66,955,546,998.4,297.16,433.81,626.96,805.25,998.4,1191.56,1369.85,1622.43,779.65,129.91
2022Q3,可隆-西北,短袖T恤,186,285,103,519,515027.81,892,574,811.9,132.43,560.29,646.36,725.82,811.9,897.97,977.43,1089.99,586.12,161.88
2022Q3,可隆-西北,长裤,160,220,52,340,725338.2,661,432,1569.71,263.7,1068.68,1240.08,1398.3,1569.71,1741.11,1899.33,2123.48,1110.53,232.21
2022Q3,可隆-西北,衬衫,67,98,33,173,315565.71,288,198,1221.43,216.9,809.32,950.31,1080.44,1221.43,1362.41,1492.55,1676.91,1031.0,230.79
2022Q3,可隆-西北,针织夹克,145,178,40,290,675082.22,636,363,1375.43,242.79,914.12,1071.94,1217.61,1375.43,1533.24,1678.91,1885.29,1014.45,264.25
2022Q3,可隆-西北,羽绒服,86,172,28,235,983426.51,425,286,3389.91,715.61,2030.26,2495.4,2924.77,3389.91,3855.06,4284.42,4892.69,2454.72,477.87
2022Q3,可隆-西北,鞋,93,129,35,297,846326.61,426,257,2814.17,553.14,1763.2,2122.75,2454.63,2814.17,3173.72,3505.6,3975.77,1998.59,513.02
2022Q3,可隆-西北,马夹,66,206,45,210,628320.48,531,317,1702.56,381.98,976.8,1225.09,1454.28,1702.56,1950.85,2180.04,2504.72,1264.23,290.01
2022Q3,可隆-西北,软壳夹克,164,310,52,387,1161656.02,826,526,2469.15,667.37,1201.14,1634.93,2035.36,2469.15,2902.94,3303.36,3870.63,1551.57,312.9
2022Q3,可隆-西北,配件,107,154,59,305,161066.86,481,320,379.19,112.21,165.99,238.93,306.25,379.19,452.13,519.46,614.84,303.07,55.84
2022Q3,可隆-西北,抓绒夹克,89,199,48,254,886622.97,526,336,1784.19,493.02,847.45,1167.92,1463.73,1784.19,2104.65,2400.47,2819.53,1535.96,298.65
2022Q3,可隆-西北,防风夹克,134,139,19,262,880906.72,459,292,2291.35,428.44,1477.32,1755.8,2012.87,2291.35,2569.84,2826.9,3191.07,1701.07,385.07
2022Q3,可隆-西北,其他,44,47,20,95,22552.3,167,111,251.84,76.73,106.06,155.93,201.97,251.84,301.71,347.75,412.97,148.69,25.62
2022Q3,可隆-西北,棉服,109,145,31,276,871595.62,477,285,2690.03,757.38,1251.01,1743.3,2197.73,2690.03,3182.32,3636.75,4280.52,1724.76,247.94
2022Q3,可隆-西北,连衣裙,27,35,10,70,167691.89,141,72,1421.75,447.02,572.41,862.98,1131.19,1421.75,1712.31,1980.53,2360.49,1200.64,230.27
2022Q3,可隆-西北,短裤,105,175,55,238,275164.62,502,335,822.56,262.09,324.59,494.95,652.2,822.56,992.92,1150.18,1372.95,557.8,129.82
2022Q3,可隆-电商,防水夹克,669,454,191,908,4170883.57,1918,1314,3236.37,596.8,2102.46,2490.37,2848.45,3236.37,3624.29,3982.36,4489.64,2159.13,577.95
2022Q3,可隆-电商,卫衣,323,447,90,839,1314575.66,1458,860,1073.52,196.72,699.75,827.62,945.65,1073.52,1201.39,1319.43,1486.64,816.9,207.8
2022Q3,可隆-电商,长袖T恤,299,339,85,758,911614.27,1176,723,899.19,182.98,551.53,670.47,780.25,899.19,1018.12,1127.91,1283.44,785.12,109.05
2022Q3,可隆-电商,三合一夹克,180,165,67,406,1732781.76,641,412,3677.76,867.39,2029.73,2593.53,3113.96,3677.76,4241.56,4762.0,5499.28,2594.67,579.21
2022Q3,可隆-电商,POLO,213,313,124,560,469480.09,877,650,952.24,261.75,454.91,625.05,782.1,952.24,1122.38,1279.43,1501.91,563.92,83.74
2022Q3,可隆-电商,短袖T恤,624,853,199,1352,1013442.45,1702,1676,774.02,168.94,453.03,562.84,664.21,774.02,883.83,985.19,1128.79,554.26,137.75
2022Q3,可隆-电商,长裤,473,735,110,1119,2307787.69,1989,1318,1536.92,417.72,743.26,1014.78,1265.41,1536.92,1808.44,2059.07,2414.13,1148.47,157.22
2022Q3,可隆-电商,衬衫,337,247,99,582,1051523.13,1228,683,1091.0,346.23,433.16,658.21,865.95,1091.0,1316.05,1523.79,1818.09,788.42,110.43
2022Q3,可隆-电商,针织夹克,245,172,75,412,758007.01,731,492,1493.29,212.43,1089.67,1227.75,1355.21,1493.29,1631.37,1758.82,1939.39,1072.57,284.84
2022Q3,可隆-电商,羽绒服,367,305,139,631,3175160.86,1212,811,3844.89,1086.73,1780.09,2486.47,3138.51,3844.89,4551.26,5203.3,6127.03,2792.3,452.54
2022Q3,可隆-电商,鞋,618,441,185,1050,2189098.75,1969,1244,2001.27,506.48,1038.95,1368.16,1672.05,2001.27,2330.48,2634.38,3064.89,1162.5,158.09
2022Q3,可隆-电商,马夹,128,187,40,336,867363.2,526,355,2194.79,513.07,1219.96,1553.45,1861.29,2194.79,2528.28,2836.12,3272.22,1696.51,305.89
2022Q3,可隆-电商,软壳夹克,243,397,122,698,1726682.33,1014,762,2589.91,481.5,1675.06,1988.03,2276.93,2589.91,2902.88,3191.78,3601.05,1889.18,443.01
2022Q3,可隆-电商,配件,460,224,140,609,599780.29,1739,824,448.66,117.97,224.51,301.19,371.97,448.66,525.34,596.13,696.4,328.89,46.69
2022Q3,可隆-电商,抓绒夹克,163,196,37,376,569878.61,647,396,1678.93,302.35,1104.47,1300.99,1482.4,1678.93,1875.46,2056.87,2313.86,949.94,167.62
2022Q3,可隆-电商,防风夹克,395,437,162,792,3451169.63,1754,994,2531.41,562.29,1463.06,1828.55,2165.92,2531.41,2896.9,3234.28,3712.22,1865.08,307.2
2022Q3,可隆-电商,其他,47,171,26,220,96093.84,434,244,342.43,76.2,197.65,247.18,292.9,342.43,391.96,437.68,502.45,206.82,41.17
2022Q3,可隆-电商,棉服,199,331,32,453,2056569.27,947,562,3175.1,802.73,1649.92,2171.7,2653.33,3175.1,3696.88,4178.51,4860.83,2175.97,553.28
2022Q3,可隆-电商,连衣裙,15,29,6,50,74468.17,75,50,1482.98,320.79,873.48,1082.0,1274.47,1482.98,1691.49,1883.96,2156.63,989.72,180.44
2022Q3,可隆-电商,短裤,126,176,41,378,374349.56,563,343,786.72,124.06,551.01,631.64,706.08,786.72,867.35,941.79,1047.24,645.83,178.46
2022Q3,可隆-新疆,防水夹克,117,262,38,315,1504007.79,770,417,2869.34,450.7,2013.0,2305.96,2576.38,2869.34,3162.29,3432.71,3815.81,1960.73,266.16
2022Q3,可隆-新疆,卫衣,69,89,7,152,226045.47,261,165,1244.89,272.51,727.13,904.26,1067.76,1244.89,1422.02,1585.53,1817.16,882.21,117.37
2022Q3,可隆-新疆,长袖T恤,118,147,42,221,341910.92,524,307,998.38,196.79,624.49,752.4,870.47,998.38,1126.29,1244.36,1411.63,670.06,149.33
2022Q3,可隆-新疆,三合一夹克,65,49,21,122,705393.11,227,135,4284.26,998.02,2388.02,3036.73,3635.54,4284.26,4932.97,5531.78,6380.09,3331.38,605.07
2022Q3,可隆-新疆,POLO,84,162,8,254,338984.35,391,254,985.63,254.26,502.54,667.81,820.37,985.63,1150.9,1303.46,1519.58,842.42,169.15
2022Q3,可隆-新疆,短袖T恤,118,196,41,356,337872.61,651,355,786.85,188.84,428.05,550.8,664.1,786.85,909.59,1022.9,1183.41,521.99,127.17
2022Q3,可隆-新疆,长裤,84,137,34,232,317942.07,372,255,1187.67,331.49,557.84,773.31,972.2,1187.67,1403.14,1602.03,1883.79,862.5,176.13
2022Q3,可隆-新疆,衬衫,84,82,27,173,185854.42,277,193,996.65,174.02,666.01,779.12,883.54,996.65,1109.77,1214.18,1362.1,670.3,148.45
2022Q3,可隆-新疆,针织夹克,29,70,18,108,170619.92,162,117,1307.25,314.39,709.91,914.26,1102.9,1307.25,1511.61,1700.24,1967.48,985.46,120.62
2022Q3,可隆-新疆,羽绒服,90,215,76,255,895763.89,384,381,3568.41,603.84,2421.11,2813.61,3175.91,3568.41,3960.91,4323.21,4836.48,2364.01,304.83
2022Q3,可隆-新疆,鞋,73,138,27,195,499276.92,313,238,1874.05,289.27,1324.43,1512.45,1686.02,1874.05,2062.07,2235.64,2481.52,1648.07,256.22
2022Q3,可隆-新疆,马夹,54,50,24,104,180663.8,160,128,1663.31,333.74,1029.21,1246.14,1446.38,1663.31,1880.25,2080.49,2364.17,1144.5,180.07
2022Q3,可隆-新疆,软壳夹克,106,66,41,191,605671.78,349,213,2311.72,471.16,1416.52,1722.78,2005.47,2311.72,2617.98,2900.67,3301.16,1779.78,360.97
2022Q3,可隆-新疆,配件,55,76,24,149,87663.79,294,155,369.91,85.08,208.25,263.56,314.61,369.91,425.22,476.27,548.59,314.14,39.01
2022Q3,可隆-新疆,抓绒夹克,71,59,29,121,252683.17,234,159,1728.19,539.66,702.84,1053.62,1377.41,1728.19,2078.97,2402.76,2861.47,1136.17,213.71
2022Q3,可隆-新疆,防风夹克,71,204,37,229,783751.06,554,312,2273.6,369.01,1572.48,1812.34,2033.74,2273.6,2513.46,2734.86,3048.52,1382.92,370.91
2022Q3,可隆-新疆,其他,32,26,3,48,17015.27,93,61,291.06,83.56,132.3,186.61,236.75,291.06,345.37,395.51,466.53,177.67,42.51
2022Q3,可隆-新疆,棉服,56,99,13,175,719352.02,310,168,2696.9,694.79,1376.79,1828.41,2245.28,2696.9,3148.51,3565.39,4155.96,2261.13,372.74
2022Q3,可隆-新疆,连衣裙,23,32,7,50,100184.13,94,62,1392.22,423.49,587.59,862.86,1116.95,1392.22,1667.5,1921.59,2281.56,1069.21,181.16
2022Q3,可隆-新疆,短裤,61,35,21,92,111963.12,172,117,797.84,192.62,431.86,557.06,672.64,797.84,923.04,1038.61,1202.33,662.67,86.71
2022Q3,可隆-青海,防水夹克,106,84,13,166,842478.32,399,203,3208.57,861.74,1571.27,2131.4,2648.44,3208.57,3768.7,4285.74,5018.22,2242.4,525.73
2022Q3,可隆-青海,卫衣,41,79,27,112,201984.8,227,147,1075.35,257.02,587.02,754.08,908.29,1075.35,1242.41,1396.62,1615.09,906.38,161.66
2022Q3,可隆-青海,长袖T恤,36,86,13,108,122783.13,199,135,928.81,229.95,491.91,641.37,779.34,928.81,1078.28,1216.25,1411.71,615.0,129.63
2022Q3,可隆-青海,三合一夹克,23,51,16,83,521532.41,158,90,4153.44,1169.14,1932.08,2692.02,3393.5,4153.44,4913.38,5614.86,6608.63,3193.69,743.57
2022Q3,可隆-青海,POLO,48,50,11,91,100466.41,159,109,984.41,138.74,720.81,810.99,894.23,984.41,1074.59,1157.83,1275.75,624.14,80.67
2022Q3,可隆-青海,短袖T恤,61,80,15,138,157673.45,210,156,920.45,271.99,403.67,580.46,743.66,920.45,1097.24,1260.43,1491.62,740.71,176.83
2022Q3,可隆-青海,长裤,22,37,4,56,93777.3,100,63,1461.83,205.0,1072.34,1205.59,1328.58,1461.83,1595.08,1718.07,1892.32,919.4,188.04
2022Q3,可隆-青海,衬衫,44,35,10,64,102373.46,124,89,1173.54,169.99,850.57,961.06,1063.05,1173.54,1284.03,1386.02,1530.51,839.35,175.04
2022Q3,可隆-青海,针织夹克,5,25,6,27,60300.27,69,36,1447.71,202.93,1062.15,1194.05,1315.81,1447.71,1579.62,1701.37,1873.86,892.64,139.81
2022Q3,可隆-青海,羽绒服,88,47,22,137,595750.92,203,157,4101.04,1061.48,2084.23,2774.19,3411.08,4101.04,4791.01,5427.89,6330.15,2977.79,451.38
2022Q3,可隆-青海,鞋,30,66,19,101,294982.31,205,115,2160.18,388.44,1422.13,1674.62,1907.69,2160.18,2412.66,2645.73,2975.9,1531.79,274.29
2022Q3,可隆-青海,马夹,17,22,5,48,91641.41,66,44,2035.98,289.56,1485.82,1674.04,1847.77,2035.98,2224.2,2397.93,2644.06,1404.29,229.93
2022Q3,可隆-青海,软壳夹克,36,44,15,95,252324.88,140,95,2276.7,407.68,1502.1,1767.09,2011.7,2276.7,2541.69,2786.3,3132.84,1810.68,305.23
2022Q3,可隆-青海,配件,20,44,6,74,29982.75,94,70,471.31,137.15,210.72,299.87,382.16,471.31,560.46,642.75,759.32,311.7,77.05
2022Q3,可隆-青海,抓绒夹克,28,35,9,49,167002.18,121,72,1609.29,391.51,865.42,1119.9,1354.81,1609.29,1863.77,2098.67,2431.45,1246.88,316.6
2022Q3,可隆-青海,防风夹克,34,53,10,100,275948.88,178,97,2092.72,389.46,1352.75,1605.9,1839.57,2092.72,2345.86,2579.54,2910.58,1473.24,311.6
2022Q3,可隆-青海,其他,4,7,1,10,3555.15,15,12,321.95,78.94,171.97,223.28,270.64,321.95,373.26,420.63,487.73,234.78,53.68
2022Q3,可隆-青海,棉服,22,37,7,58,148347.47,91,66,2371.97,334.97,1735.53,1953.26,2154.24,2371.97,2589.71,2790.69,3075.42,1601.38,436.99
2022Q3,可隆-青海,连衣裙,26,23,11,48,164417.32,114,60,1749.87,454.62,886.08,1181.58,1454.36,1749.87,2045.37,2318.15,2704.58,1393.06,196.25
2022Q3,可隆-青海,短裤,27,30,6,56,46267.6,68,63,947.16,254.14,464.29,629.49,781.97,947.16,1112.36,1264.84,1480.86,665.25,161.31
2022Q3,可隆-线下山,防水夹克,202,363,156,554,2559260.91,1148,721,3610.42,982.93,1742.86,2381.77,2971.52,3610.42,4249.32,4839.08,5674.57,2261.96,633.08
2022Q3,可隆-线下山,卫衣,126,114,59,322,409976.52,560,299,1139.58,251.7,661.34,824.95,975.97,1139.58,1303.18,1454.2,1668.15,779.74,164.77
2022Q3,可隆-线下山,长袖T恤,102,109,22,238,218432.95,337,233,927.27,220.84,507.68,651.22,783.73,927.27,1070.82,1203.32,1391.04,647.06,153.79
2022Q3,可隆-线下山,三合一夹克,65,126,27,179,693970.78,274,218,3863.35,844.35,2259.08,2807.91,3314.52,3863.35,4412.18,4918.79,5636.49,2559.33,589.65
2022Q3,可隆-线下山,POLO,50,127,21,176,155577.9,249,198,926.48,174.88,594.21,707.89,812.81,926.48,1040.16,1145.08,1293.73,637.34,132.96
2022Q3,可隆-线下山,短袖T恤,226,267,47,464,500024.91,850,540,843.09,118.89,617.2,694.48,765.81,843.09,920.36,991.7,1092.75,566.53,157.01
2022Q3,可隆-线下山,长裤,199,250,55,413,843768.28,763,504,1554.16,401.86,790.62,1051.83,1292.95,1554.16,1815.37,2056.49,2398.07,1128.75,244.07
2022Q3,可隆-线下山,衬衫,62,104,32,204,228411.9,312,198,1213.87,284.39,673.54,858.39,1029.02,1213.87,1398.72,1569.36,1811.08,664.98,94.23
2022Q3,可隆-线下山,针织夹克,107,105,32,189,567759.95,404,244,1679.79,294.67,1119.93,1311.46,1488.26,1679.79,1871.33,2048.13,2298.6,1279.64,230.1
2022Q3,可隆-线下山,羽绒服,153,223,82,397,2071987.91,807,458,3376.93,900.44,1666.09,2251.38,2791.64,3376.93,3962.22,4502.49,5267.87,2600.44,653.26
2022Q3,可隆-线下山,鞋,74,240,42,295,940085.52,568,356,2390.31,701.83,1056.84,1513.02,1934.12,2390.31,2846.5,3267.59,3864.15,1651.05,359.5
2022Q3,可隆-线下山,马夹,67,106,16,158,521382.31,339,189,2077.69,495.33,1136.57,1458.53,1755.73,2077.69,2399.66,2696.85,3117.88,1473.48,182.1
2022Q3,可隆-线下山,软壳夹克,98,155,46,261,676682.67,401,299,2205.74,317.16,1603.14,1809.29,1999.59,2205.74,2411.9,2602.19,2871.78,1734.92,274.65
2022Q3,可隆-线下山,配件,65,88,20,144,92575.96,311,173,369.75,62.3,251.38,291.88,329.25,369.75,410.24,447.62,500.57,283.07,39.98
2022Q3,可隆-线下山,抓绒夹克,88,96,31,175,442297.86,291,215,1851.51,535.47,834.12,1182.17,1503.45,1851.51,2199.57,2520.85,2976.0,1505.91,215.51
2022Q3,可隆-线下山,防风夹克,76,160,28,277,643103.06,441,264,2435.85,726.44,1055.62,1527.8,1963.66,2435.85,2908.03,3343.89,3961.37,1433.1,281.38
2022Q3,可隆-线下山,其他,19,37,5,57,19921.83,95,61,303.99,64.58,181.29,223.26,262.02,303.99,345.97,384.73,439.62,214.24,46.89
2022Q3,可隆-线下山,棉服,59,72,44,145,470752.09,223,175,3119.94,657.43,1870.82,2298.15,2692.61,3119.94,3547.27,3941.73,4500.54,2019.22,542.84
2022Q3,可隆-线下山,连衣裙,37,37,14,73,167857.51,129,88,1582.53,324.44,966.1,1176.99,1371.65,1582.53,1793.42,1988.08,2263.85,1292.51,291.17
2022Q3,可隆-线下山,短裤,63,74,20,161,140746.67,241,157,836.32,249.25,362.75,524.76,674.31,836.32,998.33,1147.88,1359.74,574.31,73.92
2022Q4,可隆-东北,防水夹克,512,704,85,929,4249972.37,1980,1301,3176.7,989.64,1296.39,1939.65,2533.44,3176.7,3819.97,4413.75,5254.95,2200.18,466.58
2022Q4,可隆-东北,卫衣,262,341,102,608,913914.04,1066,705,1236.52,372.78,528.23,770.53,994.21,1236.52,1478.83,1702.5,2019.36,846.65,213.14
2022Q4,可隆-东北,长袖T恤,245,270,47,525,503424.26,812,562,813.16,192.33,447.73,572.75,688.15,813.16,938.18,1053.58,1217.06,651.55,163.96
2022Q4,可隆-东北,三合一夹克,150,229,33,325,2428658.37,708,412,4479.32,1389.04,1840.15,2743.03,3576.45,4479.32,5382.19,6215.62,7396.3,3417.73,444.42
2022Q4,可隆-东北,POLO,345,364,72,676,736855.79,1164,781,880.49,157.52,581.21,683.6,778.11,880.49,982.88,1077.39,1211.28,646.47,153.94
2022Q4,可隆-东北,短袖T恤,159,243,53,443,438189.05,764,455,755.52,179.49,414.48,531.15,638.85,755.52,872.19,979.88,1132.45,578.84,70.73
2022Q4,可隆-东北,长裤,243,284,47,449,766346.76,851,574,1479.1,382.31,752.71,1001.21,1230.6,1479.1,1727.6,1956.98,2281.95,932.11,236.47
2022Q4,可隆-东北,衬衫,204,226,103,480,631671.6,943,533,1006.72,276.62,481.14,660.95,826.92,1006.72,1186.53,1352.5,1587.63,758.68,113.71
2022Q4,可隆-东北,针织夹克,103,106,39,230,298259.59,336,248,1388.12,196.75,1014.29,1142.18,1260.23,1388.12,1516.01,1634.06,1801.3,892.19,169.04
2022Q4,可隆-东北,羽绒服,216,335,118,666,3309231.37,1047,669,3983.33,592.35,2857.87,3242.89,3598.3,3983.33,4368.35,4723.76,5227.25,3228.52,725.2
2022Q4,可隆-东北,鞋,217,191,98,416,1212072.08,842,506,2333.09,633.69,1129.08,1540.98,1921.19,2333.09,2744.98,3125.2,3663.83,1407.14,350.55
2022Q4,可隆-东北,马夹,188,288,47,399,1066805.09,712,523,1823.49,325.13,1205.74,1417.08,1612.15,1823.49,2034.83,2229.91,2506.27,1495.12,222.52
2022Q4,可隆-东北,软壳夹克,354,282,67,542,2308959.57,1339,703,2400.88,543.62,1368.0,1721.35,2047.53,2400.88,2754.23,3080.41,3542.48,1691.52,277.3
2022Q4,可隆-东北,配件,156,223,53,372,182533.7,684,432,397.36,57.03,289.01,326.08,360.3,397.36,434.43,468.65,517.13,268.45,39.12
2022Q4,可隆-东北,抓绒夹克,87,249,34,333,723610.62,510,370,1949.27,281.34,1414.73,1597.6,1766.4,1949.27,2132.14,2300.94,2540.07,1406.41,281.63
2022Q4,可隆-东北,防风夹克,153,231,34,376,815946.11,434,418,2156.35,528.43,1152.34,1495.82,1812.87,2156.35,2499.83,2816.88,3266.04,1805.11,390.82
2022Q4,可隆-东北,其他,63,105,14,139,79175.28,284,182,367.34,52.73,267.15,301.43,333.06,367.34,401.61,433.25,478.07,253.75,32.85
2022Q4,可隆-东北,棉服,139,280,47,464,1319765.76,608,466,3074.1,525.75,2075.18,2416.92,2732.37,3074.1,3415.84,3731.29,4178.18,2165.0,298.22
2022Q4,可隆-东北,连衣裙,53,76,21,121,224600.82,274,150,1485.84,279.72,954.38,1136.2,1304.03,1485.84,1667.66,1835.49,2073.25,817.38,221.87
2022Q4,可隆-东北,短裤,134,223,25,307,314523.61,549,382,790.01,111.62,577.93,650.48,717.46,790.01,862.56,929.54,1024.41,539.57,141.08
2022Q4,可隆-华东,防水夹克,511,502,213,988,4069670.32,2069,1226,3374.59,1015.1,1445.9,2105.71,2714.78,3374.59,4034.41,4643.47,5506.31,2057.09,547.69
2022Q4,可隆-华东,卫衣,147,449,42,573,775975.38,980,638,1114.35,351.91,445.72,674.46,885.61,1114.35,1343.09,1554.24,1853.37,809.37,181.32
2022Q4,可隆-华东,长袖T恤,427,581,69,947,841530.02,1403,1077,891.24,183.64,542.32,661.69,771.87,891.24,1010.61,1120.8,1276.9,588.57,94.97
2022Q4,可隆-华东,三合一夹克,103,101,38,232,1254237.36,376,242,4269.61,935.42,2492.3,3100.33,3661.58,4269.61,4877.63,5438.89,6234.0,3602.57,646.23
2022Q4,可隆-华东,POLO,117,344,49,669,541427.73,815,510,1051.42,260.75,555.99,725.48,881.93,1051.42,1220.91,1377.36,1599.0,680.34,190.29
2022Q4,可隆-华东,短袖T恤,259,394,64,647,524118.1,930,717,774.66,233.47,331.07,482.82,622.91,774.66,926.41,1066.49,1264.94,548.51,133.25
2022Q4,可隆-华东,长裤,270,305,69,572,1270156.47,1133,644,1262.59,368.7,562.06,801.71,1022.93,1262.59,1502.24,1723.47,2036.86,1045.54,178.98
2022Q4,可隆-华东,衬衫,120,105,32,246,327921.97,459,257,1014.71,295.17,453.88,645.74,822.84,1014.71,1206.57,1383.67,1634.57,696.16,140.22
2022Q4,可隆-华东,针织夹克,282,308,121,543,828073.12,1103,711,1145.06,237.17,694.42,848.59,990.89,1145.06,1299.22,1441.52,1643.12,723.15,90.36
2022Q4,可隆-华东,羽绒服,372,303,73,706,3186329.02,1152,748,3713.7,988.01,1836.47,2478.68,3071.49,3713.7,4355.91,4948.71,5788.53,2628.03,660.07
2022Q4,可隆-华东,鞋,218,252,55,414,1463733.69,829,525,2356.19,563.57,1285.41,1651.73,1989.87,2356.19,2722.51,3060.65,3539.69,1733.05,325.18
2022Q4,可隆-华东,马夹,234,267,43,463,834726.3,585,544,1801.86,418.22,1007.23,1279.08,1530.01,1801.86,2073.7,2324.63,2680.12,1435.87,400.19
2022Q4,可隆-华东,软壳夹克,383,428,131,733,2208205.47,1420,942,2561.24,807.1,1027.74,1552.36,2036.62,2561.24,3085.85,3570.12,4256.16,1571.14,439.15
2022Q4,可隆-华东,配件,238,185,52,402,171500.29,687,475,352.32,72.7,214.18,261.44,305.06,352.32,399.57,443.19,504.99,280.05,35.03
2022Q4,可隆-华东,抓绒夹克,129,166,29,363,492332.53,450,324,1585.44,386.81,850.5,1101.93,1334.01,1585.44,1836.87,2068.95,2397.74,1043.46,151.94
2022Q4,可隆-华东,防风夹克,413,387,104,717,1778815.53,1370,904,2493.83,648.16,1262.33,1683.63,2072.53,2493.83,2915.13,3304.02,3854.95,1495.71,283.54
2022Q4,可隆-华东,其他,66,95,35,181,85350.73,320,196,316.06,69.15,184.66,229.61,271.11,316.06,361.0,402.5,461.28,271.02,41.03
2022Q4,可隆-华东,棉服,402,435,134,612,2689530.07,1568,971,2560.09,428.47,1745.99,2024.5,2281.59,2560.09,2838.6,3095.69,3459.89,1803.15,405.33
2022Q4,可隆-华东,连衣裙,35,73,24,111,244921.19,199,132,1602.28,351.37,934.69,1163.07,1373.89,1602.28,1830.67,2041.49,2340.15,1214.02,244.3
2022Q4,可隆-华东,短裤,227,223,65,460,575295.69,956,515,784.73,224.54,358.11,504.06,638.78,784.73,930.68,1065.4,1256.26,589.57,151.58
2022Q4,可隆-华北,防水夹克,324,567,59,897,3610219.31,1523,950,3564.59,861.84,1927.09,2487.29,3004.39,3564.59,4124.79,4641.89,5374.46,2724.6,480.16
2022Q4,可隆-华北,卫衣,314,423,93,731,1307222.6,1283,830,1345.2,355.74,669.28,900.52,1113.96,1345.2,1576.43,1789.88,2092.26,966.43,124.04
2022Q4,可隆-华北,长袖T恤,260,238,56,443,504842.69,751,554,804.01,214.83,395.83,535.47,664.37,804.01,943.65,1072.55,1255.16,706.01,170.95
2022Q4,可隆-华北,三合一夹克,175,257,32,404,2016137.65,619,464,4050.52,741.36,2641.95,3123.83,3568.64,4050.52,4532.4,4977.22,5607.37,3216.21,752.79
2022Q4,可隆-华北,POLO,239,365,107,631,765666.94,936,711,1142.98,215.8,732.96,873.23,1002.71,1142.98,1283.25,1412.73,1596.16,821.36,124.21
2022Q4,可隆-华北,短袖T恤,246,623,89,717,1050949.02,1644,958,742.56,108.05,537.26,607.5,672.32,742.56,812.79,877.62,969.46,616.22,87.05
2022Q4,可隆-华北,长裤,299,541,115,800,1124099.41,1158,955,1327.0,294.63,767.21,958.71,1135.49,1327.0,1518.51,1695.28,1945.71,923.27,206.55
2022Q4,可隆-华北,衬衫,241,225,62,377,683056.33,888,528,1059.39,183.73,710.3,829.72,939.96,1059.39,1178.81,1289.05,1445.22,783.07,215.14
2022Q4,可隆-华北,针织夹克,112,111,45,318,338745.06,489,268,1431.71,284.76,890.66,1075.76,1246.62,1431.71,1616.81,1787.67,2029.72,815.06,212.08
2022Q4,可隆-华北,羽绒服,246,270,56,575,2148921.19,839,572,3610.89,962.57,1782.01,2407.68,2985.22,3610.89,4236.56,4814.1,5632.28,2666.5,553.35
2022Q4,可隆-华北,鞋,175,259,85,459,1571499.48,732,519,2383.37,651.65,1145.24,1568.81,1959.8,2383.37,2806.94,3197.93,3751.83,2124.58,463.29
2022Q4,可隆-华北,马夹,120,173,22,281,534847.54,449,315,1831.11,270.64,1316.9,1492.81,1655.19,1831.11,2007.02,2169.4,2399.44,1208.55,195.55
2022Q4,可隆-华北,软壳夹克,160,309,30,421,1457847.51,824,499,2660.03,386.49,1925.71,2176.92,2408.82,2660.03,2911.25,3143.14,3471.65,1747.66,301.83
2022Q4,可隆-华北,配件,259,231,92,547,313810.27,1039,582,401.34,121.98,169.57,248.86,322.05,401.34,480.63,553.82,657.51,309.95,42.31
2022Q4,可隆-华北,抓绒夹克,188,248,50,348,650006.53,640,486,1613.77,407.08,840.32,1104.92,1349.17,1613.77,1878.37,2122.62,2468.64,1045.1,283.46
2022Q4,可隆-华北,防风夹克,224,419,51,521,1663758.29,1231,694,2377.11,393.12,1630.18,1885.71,2121.58,2377.11,2632.64,2868.51,3202.66,1446.02,268.6
2022Q4,可隆-华北,其他,31,41,16,79,32295.55,163,88,317.52,66.99,190.25,233.79,273.98,317.52,361.07,401.26,458.2,201.07,50.31
2022Q4,可隆-华北,棉服,208,173,34,319,1303223.91,607,415,2893.31,695.3,1572.23,2024.18,2441.36,2893.31,3345.25,3762.44,4353.44,2213.23,290.38
2022Q4,可隆-华北,连衣裙,29,111,17,124,210732.04,263,157,1324.71,271.95,808.02,984.78,1147.95,1324.71,1501.48,1664.65,1895.8,829.84,190.91
2022Q4,可隆-华北,短裤,96,294,53,371,408137.41,662,443,858.77,215.13,450.02,589.86,718.93,858.77,998.6,1127.68,1310.54,633.68,165.95
2022Q4,可隆-华南,防水夹克,332,524,138,737,3151224.45,1533,994,3359.57,627.23,2167.84,2575.54,2951.87,3359.57,3767.27,4143.61,4676.75,2030.66,468.22
2022Q4,可隆-华南,卫衣,230,304,104,561,789460.15,847,638,1475.58,246.43,1007.36,1167.54,1315.4,1475.58,1635.75,1783.61,1993.07,935.09,190.75
2022Q4,可隆-华南,长袖T恤,243,349,74,670,878408.13,1319,666,882.18,265.81,377.14,549.92,709.4,882.18,1054.96,1214.45,1440.39,677.3,181.73
2022Q4,可隆-华南,三合一夹克,135,196,38,281,1339163.62,484,369,3981.84,1176.69,1746.13,2510.98,3216.99,3981.84,4746.68,5452.7,6452.88,2580.73,332.61
2022Q4,可隆-华南,POLO,260,399,46,735,797024.35,1214,705,868.82,125.7,629.99,711.69,787.11,868.82,950.52,1025.94,1132.78,652.8,159.35
2022Q4,可隆-华南,短袖T恤,198,360,97,617,343505.63,655,655,804.37,164.94,490.99,598.2,697.16,804.37,911.59,1010.55,1150.75,512.47,61.68
2022Q4,可隆-华南,长裤,342,370,160,871,1440735.86,1350,872,1431.79,306.94,848.61,1048.12,1232.28,1431.79,1631.3,1815.46,2076.36,1009.08,160.64
2022Q4,可隆-华南,衬衫,314,355,111,592,826260.08,1024,780,970.11,191.58,606.12,730.64,845.59,970.11,1094.64,1209.58,1372.42,795.99,95.66
2022Q4,可隆-华南,针织夹克,82,124,20,177,418940.21,395,226,1525.26,339.22,880.74,1101.23,1304.76,1525.26,1745.75,1949.28,2237.62,1146.44,308.37
2022Q4,可隆-华南,羽绒服,429,311,41,713,2852812.5,1095,781,3655.89,974.48,1804.38,2437.79,3022.48,3655.89,4289.3,4873.99,5702.3,2636.16,711.1
2022Q4,可隆-华南,鞋,122,245,43,419,939314.32,632,410,2167.23,598.31,1030.45,1419.35,1778.33,2167.23,2556.13,2915.11,3423.67,1424.04,384.92
2022Q4,可隆-华南,马夹,129,179,33,297,771230.04,577,341,1829.66,404.07,1061.93,1324.58,1567.02,1829.66,2092.31,2334.75,2678.2,1393.24,386.69
2022Q4,可隆-华南,软壳夹克,309,349,145,812,1403855.51,1008,803,2455.81,599.07,1317.58,1706.97,2066.41,2455.81,2845.2,3204.64,3713.85,1496.15,209.68
2022Q4,可隆-华南,配件,194,309,54,403,224032.3,781,557,370.02,117.76,146.29,222.83,293.48,370.02,446.56,517.22,617.31,289.98,36.87
2022Q4,可隆-华南,抓绒夹克,207,193,44,424,772331.11,754,444,1787.96,483.87,868.6,1183.12,1473.44,1787.96,2102.48,2392.8,2804.09,1085.56,251.71
2022Q4,可隆-华南,防风夹克,203,322,29,556,1364297.52,806,554,2254.78,611.04,1093.81,1490.98,1857.6,2254.78,2651.95,3018.57,3537.95,1644.7,230.75
2022Q4,可隆-华南,其他,60,122,10,174,42061.88,236,192,300.4,52.62,200.42,234.62,266.19,300.4,334.6,366.17,410.9,197.53,53.55
2022Q4,可隆-华南,棉服,146,148,29,248,962006.9,453,323,2758.83,795.55,1247.27,1764.38,2241.72,2758.83,3275.94,3753.27,4429.49,2062.46,332.77
2022Q4,可隆-华南,连衣裙,60,59,18,121,193746.76,173,137,1580.89,317.51,977.62,1184.0,1374.51,1580.89,1787.27,1977.78,2247.66,1143.57,247.89
2022Q4,可隆-华南,短裤,193,248,68,465,386942.8,619,509,809.7,242.44,349.07,506.65,652.11,809.7,967.28,1112.74,1318.81,604.67,132.92
2022Q4,可隆-华西,防水夹克,374,261,52,509,2177775.61,937,687,3147.45,566.61,2070.89,2439.19,2779.16,3147.45,3515.75,3855.72,4337.34,2423.59,438.72
2022Q4,可隆-华西,卫衣,285,393,116,579,1169107.33,1210,794,1386.81,328.86,761.97,975.73,1173.05,1386.81,1600.57,1797.89,2077.42,930.65,122.92
2022Q4,可隆-华西,长袖T恤,276,388,62,605,729476.18,1147,726,894.12,130.64,645.91,730.82,809.21,894.12,979.04,1057.42,1168.46,638.86,117.46
2022Q4,可隆-华西,三合一夹克,192,111,21,303,1462980.9,469,324,4971.31,1504.84,2112.1,3090.25,3993.16,4971.31,5949.46,6852.36,8131.48,3054.32,620.22
2022Q4,可隆-华西,POLO,358,316,76,637,567804.26,883,750,988.74,204.38,600.41,733.26,855.89,988.74,1121.59,1244.22,1417.95,649.09,119.2
2022Q4,可隆-华西,短袖T恤,162,223,29,402,516188.83,737,414,800.21,121.09,570.14,648.85,721.5,800.21,878.92,951.58,1054.51,649.72,166.53
2022Q4,可隆-华西,长裤,179,188,41,400,802116.92,683,408,1464.81,241.34,1006.26,1163.13,1307.94,1464.81,1621.68,1766.49,1971.63,1161.92,269.21
2022Q4,可隆-华西,衬衫,191,202,58,356,370649.3,552,451,1087.0,173.75,756.88,869.82,974.07,1087.0,1199.94,1304.19,1451.87,662.3,177.54
2022Q4,可隆-华西,针织夹克,150,177,13,316,400698.49,552,340,1071.94,182.43,725.32,843.9,953.36,1071.94,1190.52,1299.99,1455.05,688.03,99.59
2022Q4,可隆-华西,羽绒服,242,281,87,552,2879743.77,960,610,3395.11,597.84,2259.21,2647.81,3006.51,3395.11,3783.71,4142.41,4650.58,2787.65,676.55
2022Q4,可隆-华西,鞋,205,160,60,355,902787.17,605,425,2284.28,399.82,1524.63,1784.51,2024.4,2284.28,2544.16,2784.05,3123.9,1446.36,342.78
2022Q4,可隆-华西,马夹,116,258,55,296,957573.79,590,429,1889.88,518.88,904.01,1241.28,1552.61,1889.88,2227.15,2538.48,2979.52,1574.42,422.12
2022Q4,可隆-华西,软壳夹克,237,223,36,442,1703974.12,762,496,2842.42,866.05,1196.92,1759.85,2279.49,2842.42,3405.36,3924.99,4661.14,2186.22,384.55
2022Q4,可隆-华西,配件,296,300,84,702,269543.83,967,680,411.92,83.21,253.82,307.91,357.83,411.92,466.01,515.94,586.67,278.97,64.93
2022Q4,可隆-华西,抓绒夹克,92,177,57,285,501047.1,393,326,1809.0,569.22,727.48,1097.48,1439.01,1809.0,2179.0,2520.53,3004.37,1450.92,381.81
2022Q4,可隆-华西,防风夹克,240,408,61,566,1529945.85,1033,709,2517.08,546.58,1478.58,1833.86,2161.81,2517.08,2872.36,3200.31,3664.9,1588.48,199.9
2022Q4,可隆-华西,其他,63,107,16,139,66686.46,232,186,333.79,75.31,190.7,239.65,284.84,333.79,382.74,427.93,491.94,275.59,41.53
2022Q4,可隆-华西,棉服,105,244,31,306,1326390.79,638,380,2626.06,714.38,1268.74,1733.09,2161.72,2626.06,3090.41,3519.03,4126.25,2032.81,297.18
2022Q4,可隆-华西,连衣裙,45,45,17,110,174459.29,163,107,1494.74,222.92,1071.19,1216.09,1349.84,1494.74,1639.63,1773.38,1962.86,1047.06,277.08
2022Q4,可隆-华西,短裤,104,168,53,271,205233.0,438,325,805.71,137.71,544.05,633.56,716.19,805.71,895.22,977.85,1094.9,467.74,123.56
2022Q4,可隆-安徽,防水夹克,343,674,177,820,3944519.37,2108,1194,3190.92,689.07,1881.68,2329.58,2743.02,3190.92,3638.81,4052.26,4637.97,2007.96,417.26
2022Q4,可隆-安徽,卫衣,150,226,49,349,436981.69,554,425,1126.32,258.38,635.39,803.34,958.37,1126.32,1294.27,1449.3,1668.92,796.56,167.77
2022Q4,可隆-安徽,长袖T恤,138,148,47,294,297173.96,435,333,1042.4,271.48,526.6,703.06,865.94,1042.4,1218.86,1381.75,1612.5,661.31,125.38
2022Q4,可隆-安徽,三合一夹克,212,239,49,383,1774223.97,712,500,4261.82,983.13,2393.89,3032.92,3622.79,4261.82,4900.86,5490.73,6326.39,2627.64,386.56
2022Q4,可隆-安徽,POLO,138,161,29,247,295989.17,485,328,880.9,232.06,439.98,590.82,730.06,880.9,1031.74,1170.97,1368.22,639.59,127.93
2022Q4,可隆-安徽,短袖T恤,203,234,38,490,349438.7,775,475,684.78,130.4,437.02,521.78,600.02,684.78,769.54,847.78,958.62,432.78,110.3
2022Q4,可隆-安徽,长裤,158,257,98,402,631031.47,752,513,1420.01,200.82,1038.45,1168.98,1289.47,1420.01,1550.54,1671.03,1841.73,868.34,107.7
2022Q4,可隆-安徽,衬衫,116,138,36,257,344429.57,432,290,1057.8,293.59,499.99,690.82,866.97,1057.8,1248.63,1424.78,1674.33,781.24,132.22
2022Q4,可隆-安徽,针织夹克,91,90,40,189,321228.74,324,221,1479.28,247.82,1008.41,1169.5,1318.19,1479.28,1640.36,1789.06,1999.71,930.55,256.7
2022Q4,可隆-安徽,羽绒服,133,193,68,351,1573517.47,623,394,3785.89,978.7,1926.37,2562.52,3149.74,3785.89,4422.04,5009.26,5841.15,2501.48,637.85
2022Q4,可隆-安徽,鞋,163,215,54,374,1048858.21,692,432,2464.79,529.86,1458.05,1802.47,2120.38,2464.79,2809.2,3127.12,3577.51,1542.07,191.36
2022Q4,可隆-安徽,马夹,175,75,42,223,541593.84,435,292,1730.21,499.77,780.64,1105.49,1405.36,1730.21,2055.07,2354.93,2779.74,1202.25,250.19
2022Q4,可隆-安徽,软壳夹克,186,286,60,425,1632945.07,914,532,2364.54,503.07,1408.71,1735.7,2037.54,2364.54,2691.54,2993.38,3420.99,1846.68,483.86
2022Q4,可隆-安徽,配件,169,257,62,395,190583.66,671,488,417.25,70.58,283.15,329.03,371.37,417.25,463.12,505.47,565.46,291.52,62.91
2022Q4,可隆-安徽,抓绒夹克,82,85,26,202,355321.03,319,193,1483.73,341.43,835.02,1056.95,1261.8,1483.73,1705.66,1910.52,2200.73,1142.84,312.69
2022Q4,可隆-安徽,防风夹克,191,193,37,395,1000272.39,691,421,2503.6,786.57,1009.12,1520.39,1992.33,2503.6,3014.87,3486.81,4155.39,1315.05,245.21
2022Q4,可隆-安徽,其他,22,58,14,88,32592.27,156,94,294.09,90.52,122.1,180.94,235.25,294.09,352.93,407.25,484.19,217.35,51.79
2022Q4,可隆-安徽,棉服,281,128,93,378,1621051.66,770,502,3204.47,1010.54,1284.45,1941.3,2547.62,3204.47,3861.32,4467.64,5326.59,2282.56,398.77
2022Q4,可隆-安徽,连衣裙,18,39,6,70,100472.2,110,63,1283.55,343.78,630.37,853.83,1060.1,1283.55,1507.01,1713.28,2005.49,953.61,235.24
2022Q4,可隆-安徽,短裤,96,104,15,206,145158.78,231,215,658.8,141.5,389.94,481.92,566.82,658.8,750.77,835.67,955.95,569.1,101.79
2022Q4,可隆-山西,防水夹克,290,291,64,545,2084251.06,998,645,3036.18,944.7,1241.26,1855.31,2422.13,3036.18,3650.23,4217.05,5020.04,2058.24,419.74
2022Q4,可隆-山西,卫衣,157,175,70,357,479347.94,697,402,1006.46,294.61,446.71,638.2,814.97,1006.46,1197.95,1374.72,1625.13,686.78,122.18
2022Q4,可隆-山西,长袖T恤,238,199,42,428,612009.42,774,479,914.95,140.77,647.48,738.98,823.44,914.95,1006.45,1090.91,1210.57,773.37,188.43
2022Q4,可隆-山西,三合一夹克,99,154,20,224,1136497.62,402,273,3946.06,1022.8,2002.75,2667.57,3281.24,3946.06,4610.88,5224.56,6093.94,2998.58,560.82
2022Q4,可隆-山西,POLO,195,283,81,476,579671.7,950,559,989.7,251.47,511.9,675.35,826.24,989.7,1153.16,1304.04,1517.79,580.88,122.79
2022Q4,可隆-山西,短袖T恤,221,416,58,560,632725.23,1035,695,824.05,122.68,590.96,670.7,744.31,824.05,903.79,977.4,1081.68,581.57,97.92
2022Q4,可隆-山西,长裤,187,203,78,410,833001.51,775,468,1355.63,306.61,773.07,972.37,1156.34,1355.63,1554.93,1738.9,1999.51,989.57,159.96
2022Q4,可隆-山西,衬衫,102,178,36,265,422913.68,544,316,1174.17,244.57,709.49,868.46,1015.2,1174.17,1333.14,1479.88,1687.77,741.21,170.16
2022Q4,可隆-山西,针织夹克,187,141,49,302,761341.21,642,377,1632.15,289.6,1081.91,1270.15,1443.91,1632.15,1820.39,1994.15,2240.31,1270.21,190.39
2022Q4,可隆-山西,羽绒服,103,194,49,311,1367738.46,559,346,3840.86,991.63,1956.77,2601.33,3196.3,3840.86,4485.42,5080.4,5923.29,2591.37,500.39
2022Q4,可隆-山西,鞋,120,271,48,351,940690.95,734,439,2043.91,554.34,990.66,1350.98,1683.59,2043.91,2404.22,2736.83,3208.01,1280.59,312.96
2022Q4,可隆-山西,马夹,82,84,37,172,396638.59,248,203,1934.75,315.24,1335.79,1540.69,1729.84,1934.75,2139.66,2328.8,2596.76,1709.38,418.75
2022Q4,可隆-山西,软壳夹克,201,223,84,437,1577752.42,917,508,2572.47,586.9,1457.36,1838.84,2190.98,2572.47,2953.95,3306.1,3804.96,1780.12,256.26
2022Q4,可隆-山西,配件,186,195,66,409,290293.92,671,447,457.22,98.58,269.92,334.0,393.14,457.22,521.3,580.44,664.24,402.67,56.61
2022Q4,可隆-山西,抓绒夹克,74,144,14,234,360327.85,362,232,1655.33,239.72,1199.87,1355.68,1499.51,1655.33,1811.14,1954.97,2158.73,997.24,150.79
2022Q4,可隆-山西,防风夹克,154,239,41,339,724667.17,508,434,1971.07,604.26,822.97,1215.74,1578.3,1971.07,2363.84,2726.39,3240.02,1419.69,395.3
2022Q4,可隆-山西,其他,36,48,10,69,37999.17,140,94,298.56,56.53,191.17,227.91,261.82,298.56,335.31,369.22,417.27,274.09,56.46
2022Q4,可隆-山西,棉服,132,154,42,282,1315516.49,471,328,2984.96,633.61,1781.1,2192.95,2573.12,2984.96,3396.81,3776.97,4315.54,2633.61,608.5
2022Q4,可隆-山西,连衣裙,27,36,12,55,135402.17,105,75,1434.72,262.33,936.29,1106.8,1264.2,1434.72,1605.23,1762.63,1985.61,1283.37,209.44
2022Q4,可隆-山西,短裤,107,147,48,225,254041.39,406,302,793.99,171.39,468.34,579.75,682.58,793.99,905.39,1008.23,1153.91,629.8,155.98
2022Q4,可隆-西北,防水夹克,231,355,86,685,2049091.48,921,672,3235.76,557.62,2176.28,2538.73,2873.31,3235.76,3598.21,3932.79,4406.77,2337.88,448.26
2022Q4,可隆-西北,卫衣,82,257,29,414,472335.75,601,368,1005.3,182.56,658.43,777.1,886.64,1005.3,1123.97,1233.51,1388.69,726.37,158.76
2022Q4,可隆-西北,长袖T恤,150,313,36,440,583175.87,896,499,948.57,233.99,504.0,656.09,796.48,948.57,1100.66,1241.06,1439.95,628.7,123.47
2022Q4,可隆-西北,三合一夹克,90,117,26,206,1142283.48,353,233,4208.47,1005.7,2297.64,2951.34,3554.76,4208.47,4862.18,5465.6,6320.44,3211.95,397.58
2022Q4,可隆-西北,POLO,186,304,65,423,506347.15,738,555,1139.17,223.71,714.12,859.53,993.76,1139.17,1284.59,1418.82,1608.98,698.16,180.23
2022Q4,可隆-西北,短袖T恤,161,264,50,408,232357.55,705,475,750.91,223.51,326.24,471.52,605.63,750.91,896.19,1030.3,1220.28,328.65,77.37
2022Q4,可隆-西北,长裤,198,261,83,544,732064.45,923,542,1280.44,198.07,904.11,1032.85,1151.7,1280.44,1409.19,1528.03,1696.39,800.56,179.09
2022Q4,可隆-西北,衬衫,108,174,54,317,470425.02,536,336,1121.45,277.49,594.21,774.59,941.08,1121.45,1301.82,1468.32,1704.19,866.79,216.26
2022Q4,可隆-西北,针织夹克,124,230,17,304,588741.72,550,371,1432.89,248.12,961.46,1122.74,1271.61,1432.89,1594.17,1743.04,1953.95,1095.44,286.06
2022Q4,可隆-西北,羽绒服,164,235,30,437,1344162.13,677,429,3234.07,728.11,1850.67,2323.93,2760.8,3234.07,3707.33,4144.2,4763.09,1924.32,258.73
2022Q4,可隆-西北,鞋,167,194,61,342,696681.94,434,422,2152.38,642.14,932.32,1349.71,1734.99,2152.38,2569.77,2955.06,3500.88,1638.89,377.71
2022Q4,可隆-西北,马夹,106,71,35,187,292431.72,320,212,1412.59,395.31,661.51,918.46,1155.64,1412.59,1669.55,1906.73,2242.74,980.17,123.28
2022Q4,可隆-西北,软壳夹克,337,267,81,466,1662088.88,1094,685,2293.41,452.95,1432.81,1727.23,1999.0,2293.41,2587.82,2859.59,3244.59,1548.13,229.13
2022Q4,可隆-西北,配件,116,167,32,249,180500.78,529,315,464.1,101.97,270.35,336.63,397.82,464.1,530.38,591.56,678.24,321.86,50.71
2022Q4,可隆-西北,抓绒夹克,62,74,28,154,297819.53,239,164,1666.95,493.67,728.97,1049.86,1346.06,1666.95,1987.84,2284.04,2703.67,1276.59,305.84
2022Q4,可隆-西北,防风夹克,151,129,39,305,1162198.58,573,319,2273.59,473.82,1373.34,1681.32,1965.61,2273.59,2581.57,2865.86,3268.61,1895.26,333.75
2022Q4,可隆-西北,其他,65,77,17,124,61137.0,269,159,335.4,73.35,196.02,243.7,287.72,335.4,383.08,427.09,489.44,223.71,60.26
2022Q4,可隆-西北,棉服,102,123,29,228,886963.34,350,254,3106.3,523.17,2112.29,2452.34,2766.24,3106.3,3446.36,3760.26,4204.95,2606.74,435.9
2022Q4,可隆-西北,连衣裙,17,45,5,64,94850.94,75,67,1690.08,424.76,883.04,1159.13,1413.99,1690.08,1966.18,2221.04,2582.08,1266.58,201.39
2022Q4,可隆-西北,短裤,138,95,24,202,247500.54,374,257,824.08,194.63,454.28,580.79,697.57,824.08,950.59,1067.37,1232.8,673.41,174.11
2022Q4,可隆-电商,防水夹克,773,728,153,1228,6284085.33,2654,1654,3325.22,839.68,1729.82,2275.61,2779.42,3325.22,3871.01,4374.82,5088.55,2429.17,498.46
2022Q4,可隆-电商,卫衣,335,531,55,1007,895289.74,1109,921,1266.74,265.49,762.31,934.88,1094.17,1266.74,1439.31,1598.6,1824.27,795.36,207.69
2022Q4,可隆-电商,长袖T恤,434,638,33,1000,1486849.77,1807,1105,1032.86,264.01,531.24,702.85,861.26,1032.86,1204.47,1362.88,1587.28,883.01,229.39
2022Q4,可隆-电商,三合一夹克,402,354,117,744,6171375.3,1594,873,4657.88,679.13,3367.54,3808.97,4216.45,4657.88,5099.32,5506.79,6084.05,3785.2,726.0
2022Q4,可隆-电商,POLO,445,646,129,932,1492963.42,2297,1220,913.9,262.21,415.7,586.14,743.47,913.9,1084.34,1241.67,1464.55,638.75,107.65
2022Q4,可隆-电商,短袖T恤,828,891,283,1434,1354000.43,2923,2002,753.95,116.29,533.0,608.59,678.36,753.95,829.54,899.32,998.17,467.25,81.22
2022Q4,可隆-电商,长裤,458,674,148,1019,1645138.42,1693,1280,1374.81,203.46,988.23,1120.48,1242.56,1374.81,1507.06,1629.13,1802.08,1066.8,146.95
2022Q4,可隆-电商,衬衫,145,272,90,513,437717.67,619,507,1113.2,234.59,667.47,819.96,960.72,1113.2,1265.69,1406.44,1605.85,764.66,102.67
2022Q4,可隆-电商,针织夹克,167,256,76,375,677682.51,884,499,1430.0,415.09,641.33,911.14,1160.19,1430.0,1699.8,1948.86,2301.68,751.91,193.33
2022Q4,可隆-电商,羽绒服,325,704,113,804,3635284.27,1447,1142,3228.1,653.6,1986.26,2411.1,2803.26,3228.1,3652.94,4045.1,4600.66,2567.64,396.95
2022Q4,可隆-电商,鞋,392,647,83,781,3310564.61,1734,1122,2476.67,496.34,1533.62,1856.24,2154.05,2476.67,2799.29,3097.1,3518.99,1960.26,381.61
2022Q4,可隆-电商,马夹,140,381,86,536,947433.38,815,607,1944.76,420.86,1145.12,1418.68,1671.2,1944.76,2218.32,2470.84,2828.57,1190.25,268.93
2022Q4,可隆-电商,软壳夹克,320,554,196,878,3850750.61,2043,1070,2562.54,503.68,1605.55,1932.94,2235.15,2562.54,2889.93,3192.14,3620.27,1732.53,352.1
2022Q4,可隆-电商,配件,236,478,125,681,562439.31,1513,839,453.64,143.88,180.27,273.79,360.12,453.64,547.17,633.49,755.79,373.8,66.67
2022Q4,可隆-电商,抓绒夹克,113,252,61,309,684321.61,676,426,1852.89,462.59,973.98,1274.66,1552.21,1852.89,2153.57,2431.13,2824.32,1038.24,284.07
2022Q4,可隆-电商,防风夹克,183,384,93,508,1908298.86,1002,660,2523.16,395.77,1771.19,2028.44,2265.91,2523.16,2780.41,3017.87,3354.28,1925.23,457.18
2022Q4,可隆-电商,其他,92,85,27,207,69273.99,344,204,299.96,65.51,175.5,218.08,257.38,299.96,342.54,381.84,437.52,204.39,55.4
2022Q4,可隆-电商,棉服,144,284,51,348,1841931.2,843,479,2471.74,499.8,1522.12,1846.99,2146.87,2471.74,2796.61,3096.49,3521.32,2046.87,360.29
2022Q4,可隆-电商,连衣裙,67,50,26,139,220553.78,272,143,1199.23,238.13,746.79,901.57,1044.45,1199.23,1354.01,1496.89,1699.29,828.13,214.1
2022Q4,可隆-电商,短裤,179,377,102,539,424932.32,800,658,667.45,174.79,335.35,448.97,553.84,667.45,781.07,885.94,1034.52,535.99,66.44
2022Q4,可隆-新疆,防水夹克,208,317,32,394,2145037.24,975,557,3103.41,490.24,2171.95,2490.61,2784.75,3103.41,3422.07,3716.21,4132.92,2161.19,397.98
2022Q4,可隆-新疆,卫衣,66,96,13,176,262954.79,329,175,1206.4,232.42,764.79,915.87,1055.32,1206.4,1357.47,1496.92,1694.48,888.62,180.59
2022Q4,可隆-新疆,长袖T恤,71,227,44,285,268865.61,618,342,846.93,265.28,342.89,515.32,674.49,846.93,1019.36,1178.53,1404.02,457.88,87.69
2022Q4,可隆-新疆,三合一夹克,26,37,14,67,301999.17,133,77,3579.4,746.47,2161.11,2646.31,3094.2,3579.4,4064.6,4512.49,5146.98,2118.44,299.93
2022Q4,可隆-新疆,POLO,91,126,17,178,292865.38,490,234,1022.68,203.52,635.99,768.28,890.4,1022.68,1154.97,1277.08,1450.08,684.38,118.66
2022Q4,可隆-新疆,短袖T恤,112,160,47,235,248128.05,482,319,732.32,207.01,339.0,473.56,597.76,732.32,866.88,991.09,1167.05,531.47,114.56
2022Q4,可隆-新疆,长裤,210,119,53,291,486886.21,510,382,1413.81,323.56,799.05,1009.36,1203.5,1413.81,1624.12,1818.25,2093.27,936.17,116.68
2022Q4,可隆-新疆,衬衫,120,52,37,159,293346.39,356,209,1274.57,257.1,786.08,953.19,1107.46,1274.57,1441.69,1595.95,1814.49,771.17,179.52
2022Q4,可隆-新疆,针织夹克,85,79,13,164,366119.39,278,177,1425.68,228.61,991.33,1139.92,1277.08,1425.68,1574.27,1711.44,1905.75,1123.9,261.75
2022Q4,可隆-新疆,羽绒服,67,107,16,156,911134.56,312,190,3449.93,952.99,1639.25,2258.7,2830.49,3449.93,4069.38,4641.17,5451.21,3031.79,810.84
2022Q4,可隆-新疆,鞋,159,125,45,254,945995.1,466,329,2381.78,758.7,940.26,1433.41,1888.63,2381.78,2874.93,3330.15,3975.04,1887.27,370.33
2022Q4,可隆-新疆,马夹,31,129,26,143,301145.98,267,186,1826.44,540.47,799.55,1150.85,1475.13,1826.44,2177.74,2502.02,2961.42,1158.09,269.31
2022Q4,可隆-新疆,软壳夹克,113,169,34,224,815156.92,465,316,2680.53,553.03,1629.78,1989.25,2321.06,2680.53,3040.0,3371.82,3841.89,1806.27,287.52
2022Q4,可隆-新疆,配件,46,51,19,129,45299.94,167,116,368.33,88.71,199.79,257.45,310.67,368.33,425.99,479.22,554.62,257.41,41.35
2022Q4,可隆-新疆,抓绒夹克,90,107,19,184,374123.77,299,216,1764.33,336.71,1124.58,1343.45,1545.47,1764.33,1983.2,2185.22,2471.42,1343.06,190.32
2022Q4,可隆-新疆,防风夹克,128,118,40,258,567348.77,497,286,2211.42,460.24,1336.97,1636.12,1912.26,2211.42,2510.57,2786.72,3177.92,1358.6,296.25
2022Q4,可隆-新疆,其他,16,50,7,60,20555.54,98,73,311.05,90.36,139.36,198.1,252.32,311.05,369.78,424.0,500.81,210.1,31.94
2022Q4,可隆-新疆,棉服,60,112,20,155,504721.42,258,192,2853.52,577.73,1755.83,2131.36,2478.0,2853.52,3229.05,3575.69,4066.77,1966.45,464.67
2022Q4,可隆-新疆,连衣裙,27,30,3,50,109608.72,106,60,1580.45,400.66,819.19,1079.62,1320.02,1580.45,1840.88,2081.28,2421.84,1085.24,219.26
2022Q4,可隆-新疆,短裤,60,91,13,136,178084.83,270,164,834.82,221.64,413.7,557.77,690.75,834.82,978.89,1111.87,1300.27,608.48,167.33
2022Q4,可隆-青海,防水夹克,77,60,28,149,661389.29,311,165,3335.08,761.81,1887.64,2382.82,2839.91,3335.08,3830.26,4287.35,4934.88,2167.2,581.84
2022Q4,可隆-青海,卫衣,37,50,13,93,187511.92,202,100,1225.24,293.46,667.66,858.41,1034.49,1225.24,1415.98,1592.06,1841.5,876.11,134.74
2022Q4,可隆-青海,长袖T恤,40,56,19,84,98231.89,160,115,827.92,194.17,459.0,585.21,701.71,827.92,954.14,1070.64,1235.69,633.69,123.08
2022Q4,可隆-青海,三合一夹克,18,59,6,72,263805.16,98,83,4087.67,753.81,2655.44,3145.41,3597.7,4087.67,4577.65,5029.93,5670.67,2487.89,681.45
2022Q4,可隆-青海,POLO,26,51,12,88,101175.26,132,89,1139.07,276.05,614.57,794.0,959.63,1139.07,1318.5,1484.13,1718.78,777.6,118.6
2022Q4,可隆-青海,短袖T恤,15,23,5,41,41793.23,74,43,842.22,206.72,449.46,583.82,707.85,842.22,976.58,1100.62,1276.33,511.26,98.53
2022Q4,可隆-青海,长裤,55,89,17,141,213727.16,256,161,1238.2,330.59,610.08,824.96,1023.32,1238.2,1453.09,1651.44,1932.44,868.33,145.71
2022Q4,可隆-青海,衬衫,23,35,9,57,86806.01,130,67,881.17,250.41,405.38,568.15,718.4,881.17,1043.93,1194.18,1407.03,667.52,151.38
2022Q4,可隆-青海,针织夹克,33,43,8,68,107611.26,99,84,1551.38,293.63,993.48,1184.34,1360.52,1551.38,1742.24,1918.41,2168.0,1114.11,161.73
2022Q4,可隆-青海,羽绒服,94,28,25,137,568504.65,246,147,3818.16,547.85,2777.24,3133.34,3462.05,3818.16,4174.26,4502.98,4968.65,2466.48,328.5
2022Q4,可隆-青海,鞋,25,41,11,67,227018.98,141,77,1920.55,614.25,753.47,1152.74,1521.29,1920.55,2319.81,2688.36,3210.48,1744.19,387.46
2022Q4,可隆-青海,马夹,18,23,6,42,94043.3,65,47,1973.98,590.75,851.57,1235.55,1590.0,1973.98,2357.97,2712.42,3214.55,1371.16,294.06
2022Q4,可隆-青海,软壳夹克,29,45,5,82,240223.55,131,79,2184.03,553.88,1131.65,1491.67,1824.0,2184.03,2544.05,2876.38,3347.18,1819.24,278.48
2022Q4,可隆-青海,配件,45,62,11,100,32852.87,143,118,358.18,66.28,232.25,275.33,315.1,358.18,401.27,441.04,497.38,225.79,56.26
2022Q4,可隆-青海,抓绒夹克,23,26,6,54,100930.69,89,55,1689.9,246.25,1222.02,1382.08,1529.84,1689.9,1849.97,1997.72,2207.03,1131.68,228.33
2022Q4,可隆-青海,防风夹克,29,64,13,102,263894.44,143,106,2348.01,735.43,950.69,1428.72,1869.98,2348.01,2826.04,3267.3,3892.41,1828.45,363.88
2022Q4,可隆-青海,其他,6,21,5,36,11361.87,41,32,286.11,62.83,166.74,207.58,245.28,286.11,326.95,364.65,418.06,255.68,52.11
2022Q4,可隆-青海,棉服,18,23,4,43,140605.36,71,45,2777.04,703.29,1440.79,1897.93,2319.9,2777.04,3234.18,3656.15,4253.95,2192.6,299.28
2022Q4,可隆-青海,连衣裙,6,9,1,14,22925.77,24,16,1410.82,212.08,1007.88,1145.73,1272.97,1410.82,1548.67,1675.92,1856.18,962.68,211.84
2022Q4,可隆-青海,短裤,25,35,14,61,56498.45,109,74,830.76,178.77,491.1,607.3,714.56,830.76,946.97,1054.23,1206.19,529.91,124.47
2022Q4,可隆-线下山,防水夹克,176,287,55,484,1702446.11,1109,518,3009.17,542.9,1977.66,2330.54,2656.28,3009.17,3362.05,3687.79,4149.26,1668.6,420.42
2022Q4,可隆-线下山,卫衣,140,107,44,259,428507.13,436,291,1219.53,371.21,514.24,755.52,978.25,1219.53,1460.82,1683.54,1999.07,963.67,213.91
2022Q4,可隆-线下山,长袖T恤,235,262,91,480,703695.07,944,588,908.8,191.36,545.21,669.6,784.42,908.8,1033.19,1148.01,1310.67,719.58,107.39
2022Q4,可隆-线下山,三合一夹克,126,175,36,221,1252595.94,419,337,4562.32,831.23,2982.98,3523.28,4022.02,4562.32,5102.62,5601.36,6307.91,2970.01,381.0
2022Q4,可隆-线下山,POLO,117,166,27,243,258929.84,447,310,1037.68,291.85,483.17,672.87,847.98,1037.68,1227.38,1402.49,1650.56,636.79,147.81
2022Q4,可隆-线下山,短袖T恤,154,397,47,495,471761.77,857,598,656.14,168.01,336.91,446.12,546.93,656.14,765.35,866.16,1008.97,579.5,71.8
2022Q4,可隆-线下山,长裤,182,216,38,395,652022.01,656,436,1441.0,312.92,846.45,1049.85,1237.6,1441.0,1644.4,1832.15,2098.14,902.83,180.66
2022Q4,可隆-线下山,衬衫,40,93,12,143,159233.61,213,145,1003.08,308.56,416.82,617.38,802.52,1003.08,1203.65,1388.78,1651.06,778.04,142.65
2022Q4,可隆-线下山,针织夹克,82,100,24,217,295419.47,272,206,1283.17,380.76,559.72,807.21,1035.67,1283.17,1530.66,1759.12,2082.77,1058.03,174.17
2022Q4,可隆-线下山,羽绒服,75,134,34,219,1631957.38,478,243,4005.12,853.43,2383.6,2938.33,3450.39,4005.12,4559.85,5071.91,5797.32,3303.25,699.4
2022Q4,可隆-线下山,鞋,145,101,39,240,755127.8,449,285,2544.57,425.97,1735.23,2012.11,2267.69,2544.57,2821.45,3077.04,3439.11,1540.23,295.21
2022Q4,可隆-线下山,马夹,31,76,18,124,272521.25,198,125,2093.95,376.18,1379.21,1623.73,1849.43,2093.95,2338.47,2564.18,2883.93,1395.07,181.87
2022Q4,可隆-线下山,软壳夹克,241,244,60,512,1557008.24,840,545,2630.43,658.32,1379.62,1807.53,2202.52,2630.43,3058.34,3453.33,4012.9,1805.72,451.64
2022Q4,可隆-线下山,配件,76,151,40,233,81150.66,316,267,424.14,59.99,310.16,349.16,385.15,424.14,463.13,499.12,550.11,248.2,58.78
2022Q4,可隆-线下山,抓绒夹克,65,146,9,211,427608.66,287,220,1979.34,611.97,816.6,1214.38,1581.56,1979.34,2377.12,2744.3,3264.47,1423.49,238.79
2022Q4,可隆-线下山,防风夹克,132,112,37,280,722689.33,527,281,2336.75,604.55,1188.11,1581.07,1943.8,2336.75,2729.71,3092.43,3606.3,1597.31,322.13
2022Q4,可隆-线下山,其他,26,42,7,68,28673.83,123,75,317.26,52.03,218.41,252.22,283.44,317.26,351.07,382.29,426.51,222.56,60.77
2022Q4,可隆-线下山,棉服,49,109,23,194,439888.5,243,181,2373.12,709.22,1025.61,1486.6,1912.13,2373.12,2834.11,3259.64,3862.48,1675.4,211.15
2022Q4,可隆-线下山,连衣裙,38,46,8,87,143341.61,143,92,1414.56,293.25,857.39,1048.0,1223.95,1414.56,1605.17,1781.12,2030.38,955.33,228.42
2022Q4,可隆-线下山,短裤,60,91,25,134,204388.9,368,176,785.63,135.59,528.01,616.15,697.5,785.63,873.77,955.12,1070.37,539.53,109.35
2023Q1,可隆-东北,防水夹克,144,595,105,751,2982283.84,1523,844,3201.58,584.68,2090.68,2470.73,2821.54,3201.58,3581.63,3932.44,4429.42,1983.76,276.4
2023Q1,可隆-东北,卫衣,202,272,88,643,798114.01,844,562,1148.64,170.85,824.02,935.08,1037.59,1148.64,1259.7,1362.21,1507.44,914.86,198.71
2023Q1,可隆-东北,长袖T恤,277,247,44,569,578553.23,966,568,778.12,152.48,488.4,587.52,679.0,778.12,877.23,968.72,1098.32,595.9,107.89
2023Q1,可隆-东北,三合一夹克,170,195,38,383,1901227.63,663,403,4188.93,1204.56,1900.27,2683.23,3405.97,4188.93,4971.89,5694.63,6718.5,2879.53,765.75
2023Q1,可隆-东北,POLO,145,381,71,481,837378.91,1025,597,989.54,264.98,486.08,658.32,817.31,989.54,1161.78,1320.77,1546.01,788.14,184.21
2023Q1,可隆-东北,短袖T恤,422,652,77,926,1537472.25,1964,1151,867.39,150.25,581.91,679.57,769.72,867.39,965.05,1055.2,1182.92,713.43,158.6
2023Q1,可隆-东北,长裤,210,258,51,440,849826.26,810,519,1407.32,288.32,859.51,1046.92,1219.91,1407.32,1594.72,1767.71,2012.78,1002.31,145.66
2023Q1,可隆-东北,衬衫,333,201,94,453,834477.3,995,628,1100.28,165.91,785.05,892.9,992.44,1100.28,1208.13,1307.67,1448.7,838.8,224.91
2023Q1,可隆-东北,针织夹克,116,125,33,249,440908.44,394,274,1515.91,309.82,927.24,1128.63,1314.52,1515.91,1717.3,1903.19,2166.54,1186.1,299.54
2023Q1,可隆-东北,羽绒服,202,186,88,346,2460285.87,808,476,3829.65,1069.53,1797.54,2492.74,3134.46,3829.65,4524.85,5166.57,6075.68,3447.27,435.29
2023Q1,可隆-东北,鞋,250,209,62,446,1119399.59,779,521,2096.54,594.17,967.62,1353.83,1710.33,2096.54,2482.75,2839.26,3344.3,1417.75,327.31
2023Q1,可隆-东北,马夹,134,132,21,315,851298.6,445,287,2395.69,675.07,1113.06,1551.86,1956.9,2395.69,2834.49,3239.53,3813.34,1967.58,336.49
2023Q1,可隆-东北,软壳夹克,235,192,54,423,1294137.89,748,481,2867.82,614.62,1700.04,2099.54,2468.32,2867.82,3267.33,3636.1,4158.53,1891.57,259.66
2023Q1,可隆-东北,配件,229,185,69,373,283792.37,809,483,511.11,74.64,369.29,417.81,462.59,511.11,559.63,604.41,667.86,343.95,84.98
2023Q1,可隆-东北,抓绒夹克,217,162,41,312,918929.88,701,420,1695.03,320.53,1086.03,1294.37,1486.69,1695.03,1903.38,2095.7,2368.15,1293.98,314.17
2023Q1,可隆-东北,防风夹克,198,333,29,442,1381424.24,730,560,2352.99,431.52,1533.1,1813.59,2072.5,2352.99,2633.48,2892.39,3259.18,1816.14,401.51
2023Q1,可隆-东北,其他,54,62,25,136,32000.57,161,141,321.88,52.85,221.47,255.82,287.53,321.88,356.23,387.94,432.85,217.92,41.71
2023Q1,可隆-东北,棉服,163,100,25,248,718501.32,376,288,2910.86,732.57,1518.98,1995.15,2434.69,2910.86,3387.03,3826.57,4449.26,2064.67,307.11
2023Q1,可隆-东北,连衣裙,51,39,21,85,131940.68,145,111,1528.88,445.33,682.74,972.21,1239.41,1528.88,1818.35,2085.55,2464.08,870.68,119.15
2023Q1,可隆-东北,短裤,171,196,45,302,408438.69,698,412,867.58,248.62,395.21,556.81,705.98,867.58,1029.18,1178.35,1389.68,539.33,94.02
2023Q1,可隆-华东,防水夹克,488,483,187,1612,4589166.32,1750,1158,3517.42,597.13,2382.88,2771.02,3129.29,3517.42,3905.56,4263.83,4771.39,2792.7,501.98
2023Q1,可隆-华东,卫衣,251,663,181,832,1423173.42,1593,1095,1256.3,397.34,501.34,759.62,998.02,1256.3,1514.57,1752.98,2090.72,882.72,131.5
2023Q1,可隆-华东,长袖T恤,140,389,69,534,713380.88,959,598,847.39,239.49,392.36,548.03,691.72,847.39,1003.06,1146.75,1350.32,737.95,119.9
2023Q1,可隆-华东,三合一夹克,333,341,108,624,2309505.35,927,782,3524.57,596.17,2391.84,2779.36,3137.06,3524.57,3912.08,4269.79,4776.53,2516.25,655.95
2023Q1,可隆-华东,POLO,221,472,94,818,722843.6,1281,787,814.34,190.64,452.12,576.04,690.42,814.34,938.25,1052.63,1214.67,609.01,125.34
2023Q1,可隆-华东,短袖T恤,228,604,85,976,667002.89,1111,917,768.05,205.05,378.45,511.73,634.76,768.05,901.33,1024.36,1198.66,587.42,70.61
2023Q1,可隆-华东,长裤,228,469,79,804,1195416.2,1072,776,1360.8,428.53,546.59,825.14,1082.26,1360.8,1639.35,1896.47,2260.72,966.95,252.75
2023Q1,可隆-华东,衬衫,147,229,45,332,423874.94,615,421,1081.06,171.9,754.44,866.18,969.32,1081.06,1192.8,1295.94,1442.06,741.15,151.17
2023Q1,可隆-华东,针织夹克,214,235,56,453,638110.38,609,505,1520.44,408.2,744.85,1010.18,1255.1,1520.44,1785.77,2030.69,2377.66,1010.07,204.51
2023Q1,可隆-华东,羽绒服,217,279,77,518,2327197.64,824,573,3782.58,867.92,2133.54,2697.69,3218.44,3782.58,4346.73,4867.48,5605.21,2874.03,651.66
2023Q1,可隆-华东,鞋,190,229,60,541,1338823.39,750,479,2301.88,418.62,1506.5,1778.6,2029.77,2301.88,2573.98,2825.16,3180.98,1774.68,489.8
2023Q1,可隆-华东,马夹,136,301,42,405,1050317.11,808,479,1816.56,371.86,1110.02,1351.73,1574.85,1816.56,2058.27,2281.39,2597.47,1427.89,256.62
2023Q1,可隆-华东,软壳夹克,389,230,157,656,1965375.51,1104,776,2548.14,500.01,1598.11,1923.12,2223.13,2548.14,2873.14,3173.15,3598.16,1931.15,254.58
2023Q1,可隆-华东,配件,158,276,60,415,251287.65,704,494,422.91,88.37,255.0,312.44,365.47,422.91,480.35,533.38,608.49,325.06,84.75
2023Q1,可隆-华东,抓绒夹克,228,404,45,571,1385739.49,1195,677,1755.24,248.22,1283.63,1444.97,1593.9,1755.24,1916.58,2065.51,2276.5,1250.15,315.12
2023Q1,可隆-华东,防风夹克,195,289,57,514,1549541.02,865,541,2495.75,563.29,1425.51,1791.65,2129.62,2495.75,2861.89,3199.86,3678.66,1883.36,496.47
2023Q1,可隆-华东,其他,111,59,41,148,74185.38,287,211,315.37,52.47,215.69,249.79,281.27,315.37,349.48,380.96,425.55,249.04,52.23
2023Q1,可隆-华东,棉服,225,318,34,465,1946041.94,864,577,3021.31,696.92,1697.15,2150.15,2568.31,3021.31,3474.31,3892.46,4484.85,2232.17,381.4
2023Q1,可隆-华东,连衣裙,34,77,18,124,167100.3,166,129,1362.0,404.71,593.04,856.11,1098.93,1362.0,1625.06,1867.89,2211.89,1011.51,220.04
2023Q1,可隆-华东,短裤,229,361,76,514,551647.95,1138,666,895.41,278.24,366.74,547.6,714.55,895.41,1076.26,1243.21,1479.71,446.09,62.01
2023Q1,可隆-华北,防水夹克,218,584,110,821,3789990.89,1533,912,3509.58,902.84,1794.19,2381.03,2922.73,3509.58,4096.42,4638.13,5405.54,2502.39,608.34
2023Q1,可隆-华北,卫衣,378,299,139,627,816567.05,1237,816,968.9,137.27,708.1,797.32,879.68,968.9,1058.13,1140.48,1257.16,686.12,128.15
2023Q1,可隆-华北,长袖T恤,290,621,67,740,993853.8,1326,978,900.03,256.08,413.48,579.93,733.58,900.03,1066.48,1220.12,1437.79,716.75,168.32
2023Q1,可隆-华北,三合一夹克,231,175,65,527,2197616.48,680,471,4463.23,1048.71,2470.67,3152.34,3781.56,4463.23,5144.89,5774.12,6665.53,2989.61,723.54
2023Q1,可隆-华北,POLO,375,521,130,804,970226.7,1288,1026,954.84,174.15,623.94,737.14,841.64,954.84,1068.04,1172.53,1320.56,750.82,130.66
2023Q1,可隆-华北,短袖T恤,257,236,90,519,486711.62,950,583,810.97,246.4,342.82,502.98,650.81,810.97,971.13,1118.97,1328.41,531.1,90.57
2023Q1,可隆-华北,长裤,249,359,75,565,1082461.88,1057,683,1283.68,195.08,913.03,1039.83,1156.87,1283.68,1410.48,1527.52,1693.34,1052.47,167.27
2023Q1,可隆-华北,衬衫,188,200,59,362,588247.57,742,447,1306.68,324.93,689.32,900.52,1095.48,1306.68,1517.89,1712.84,1989.03,862.64,152.4
2023Q1,可隆-华北,针织夹克,165,188,72,311,770987.29,702,425,1729.44,378.53,1010.23,1256.28,1483.39,1729.44,1975.48,2202.6,2524.35,1195.89,326.32
2023Q1,可隆-华北,羽绒服,235,257,65,496,2108985.28,732,557,3596.5,1051.18,1599.26,2282.53,2913.23,3596.5,4279.77,4910.47,5803.98,2878.25,505.49
2023Q1,可隆-华北,鞋,203,224,66,475,835868.96,546,493,2283.16,676.83,997.19,1437.13,1843.22,2283.16,2723.1,3129.2,3704.5,1479.91,320.85
2023Q1,可隆-华北,马夹,227,112,60,341,570689.61,647,399,1600.56,429.3,784.89,1063.93,1321.51,1600.56,1879.6,2137.18,2502.09,1008.69,258.0
2023Q1,可隆-华北,软壳夹克,345,488,51,790,2731674.4,1687,884,2630.75,471.57,1734.78,2041.29,2324.23,2630.75,2937.27,3220.21,3621.04,1775.31,213.9
2023Q1,可隆-华北,配件,102,208,23,294,166879.24,530,333,400.98,69.76,268.44,313.78,355.63,400.98,446.32,488.18,547.47,313.63,84.37
2023Q1,可隆-华北,抓绒夹克,214,371,54,635,930885.8,963,639,1436.91,302.45,862.26,1058.85,1240.32,1436.91,1633.5,1814.97,2072.06,1068.44,271.47
2023Q1,可隆-华北,防风夹克,246,206,122,575,1227023.3,872,574,2243.67,504.59,1284.95,1612.93,1915.69,2243.67,2571.65,2874.4,3303.3,1459.31,333.96
2023Q1,可隆-华北,其他,101,124,19,222,59898.72,339,244,321.6,90.88,148.93,208.0,262.53,321.6,380.67,435.2,512.45,189.39,35.91
2023Q1,可隆-华北,棉服,293,221,84,525,1555029.98,1022,598,2601.29,628.96,1406.26,1815.09,2192.46,2601.29,3010.11,3387.48,3922.1,1489.05,239.45
2023Q1,可隆-华北,连衣裙,60,66,23,118,241305.91,237,149,1440.33,366.37,744.22,982.36,1202.19,1440.33,1678.47,1898.29,2209.71,1049.45,226.93
2023Q1,可隆-华北,短裤,203,241,45,378,565478.32,832,489,876.63,131.28,627.21,712.54,791.3,876.63,961.96,1040.73,1152.31,646.24,118.55
2023Q1,可隆-华南,防水夹克,439,452,81,926,3021064.52,1496,972,2698.49,692.15,1383.41,1833.31,2248.59,2698.49,3148.38,3563.67,4151.99,2121.57,345.22
2023Q1,可隆-华南,卫衣,264,396,88,655,880657.61,1093,748,1116.49,159.9,812.69,916.63,1012.56,1116.49,1220.43,1316.36,1452.27,900.47,212.55
2023Q1,可隆-华南,长袖T恤,233,563,88,778,881594.11,1559,884,926.91,200.82,545.35,675.88,796.37,926.91,1057.44,1177.93,1348.63,579.61,126.2
2023Q1,可隆-华南,三合一夹克,248,338,68,428,2836286.29,960,654,4370.01,942.96,2578.38,3191.31,3757.09,4370.01,4982.94,5548.71,6350.23,2878.51,485.43
2023Q1,可隆-华南,POLO,244,487,59,610,721050.45,1137,790,767.12,145.35,490.96,585.43,672.64,767.12,861.6,948.81,1072.35,660.67,129.57
2023Q1,可隆-华南,短袖T恤,259,398,50,767,611245.09,1072,707,784.82,198.3,408.05,536.94,655.92,784.82,913.71,1032.69,1201.24,584.25,161.09
2023Q1,可隆-华南,长裤,363,376,184,802,1197401.06,1257,923,1343.84,249.87,869.09,1031.5,1181.42,1343.84,1506.25,1656.17,1868.56,932.32,147.06
2023Q1,可隆-华南,衬衫,122,130,53,263,445565.42,522,305,1200.27,361.65,513.14,748.21,965.2,1200.27,1435.34,1652.33,1959.73,889.81,245.47
2023Q1,可隆-华南,针织夹克,209,219,48,424,752317.81,726,476,1443.3,367.39,745.26,984.07,1204.5,1443.3,1682.1,1902.53,2214.81,1174.03,188.45
2023Q1,可隆-华南,羽绒服,190,208,40,398,2577975.18,841,438,3927.23,1094.98,1846.76,2558.5,3215.49,3927.23,4638.97,5295.96,6226.7,3008.1,537.09
2023Q1,可隆-华南,鞋,257,494,51,652,1760387.39,1234,802,1917.07,538.29,894.33,1244.21,1567.18,1917.07,2266.96,2589.93,3047.47,1446.02,300.63
2023Q1,可隆-华南,马夹,128,140,30,274,670999.37,430,298,2093.4,651.81,854.95,1278.63,1669.72,2093.4,2517.07,2908.16,3462.2,1460.26,387.02
2023Q1,可隆-华南,软壳夹克,119,110,27,249,762751.11,367,256,2502.93,663.81,1241.7,1673.18,2071.46,2502.93,2934.41,3332.69,3896.93,2061.86,268.99
2023Q1,可隆-华南,配件,189,275,77,428,293090.67,946,541,410.11,125.72,171.24,252.96,328.39,410.11,491.83,567.27,674.13,301.03,58.93
2023Q1,可隆-华南,抓绒夹克,143,196,58,299,587418.52,508,397,1608.61,492.96,671.98,992.41,1288.18,1608.61,1929.03,2224.81,2643.82,1112.14,171.6
2023Q1,可隆-华南,防风夹克,184,205,50,415,1065703.43,658,439,2643.43,530.08,1636.28,1980.83,2298.88,2643.43,2987.98,3306.03,3756.59,1690.76,343.18
2023Q1,可隆-华南,其他,74,85,21,163,77711.11,309,180,331.38,80.33,178.76,230.97,279.17,331.38,383.6,431.8,500.08,267.34,54.09
2023Q1,可隆-华南,棉服,148,194,62,330,1342278.17,606,404,3118.63,872.59,1460.72,2027.9,2551.45,3118.63,3685.81,4209.36,4951.06,2280.31,425.15
2023Q1,可隆-华南,连衣裙,32,67,18,108,195418.0,219,117,1310.6,198.4,933.63,1062.59,1181.63,1310.6,1439.56,1558.6,1727.24,924.68,230.49
2023Q1,可隆-华南,短裤,170,225,38,484,269602.66,522,433,780.41,211.94,377.73,515.49,642.65,780.41,918.17,1045.33,1225.48,522.33,126.22
2023Q1,可隆-华西,防水夹克,509,446,44,963,3014496.7,1378,999,3241.97,967.27,1404.16,2032.88,2613.24,3241.97,3870.69,4451.06,5273.23,2017.86,287.96
2023Q1,可隆-华西,卫衣,286,367,103,724,1010431.5,965,756,1134.08,344.06,480.37,704.01,910.44,1134.08,1357.72,1564.15,1856.6,1014.95,215.68
2023Q1,可隆-华西,长袖T恤,206,509,43,707,1024336.29,1471,758,1053.73,335.28,416.69,634.62,835.79,1053.73,1271.66,1472.83,1757.83,720.65,159.63
2023Q1,可隆-华西,三合一夹克,185,168,65,372,2030808.27,694,418,3935.16,1107.75,1830.43,2550.47,3215.12,3935.16,4655.2,5319.85,6261.44,3002.38,829.64
2023Q1,可隆-华西,POLO,230,258,30,518,445789.24,775,518,852.7,244.71,387.75,546.82,693.64,852.7,1011.77,1158.59,1366.6,586.19,83.82
2023Q1,可隆-华西,短袖T恤,379,466,92,802,870582.39,1589,937,841.63,268.16,332.13,506.43,667.33,841.63,1015.93,1176.83,1404.76,597.06,145.96
2023Q1,可隆-华西,长裤,162,103,45,292,363863.23,412,310,1474.92,284.23,934.88,1119.63,1290.17,1474.92,1659.67,1830.21,2071.8,930.54,224.38
2023Q1,可隆-华西,衬衫,211,161,72,386,446906.1,779,444,1033.57,296.18,470.83,663.35,841.05,1033.57,1226.09,1403.8,1655.55,593.61,151.8
2023Q1,可隆-华西,针织夹克,118,175,50,247,360990.22,413,343,1281.95,358.63,600.56,833.67,1048.84,1281.95,1515.06,1730.24,2035.07,841.84,115.99
2023Q1,可隆-华西,羽绒服,257,240,67,545,2177752.82,905,564,3524.42,608.43,2368.41,2763.89,3128.94,3524.42,3919.9,4284.96,4802.12,2469.63,518.15
2023Q1,可隆-华西,鞋,295,227,84,562,2301222.41,1065,606,2292.2,574.52,1200.61,1574.05,1918.76,2292.2,2665.64,3010.36,3498.7,2127.78,356.02
2023Q1,可隆-华西,马夹,112,160,41,256,730736.29,557,313,1952.81,620.2,774.43,1177.56,1549.68,1952.81,2355.94,2728.06,3255.23,1333.71,373.12
2023Q1,可隆-华西,软壳夹克,277,249,79,507,1558083.35,924,605,2415.66,450.4,1559.9,1852.66,2122.9,2415.66,2708.41,2978.65,3361.49,1552.1,301.35
2023Q1,可隆-华西,配件,199,295,78,495,232879.67,754,572,412.99,115.27,193.97,268.9,338.06,412.99,487.92,557.08,655.06,316.76,64.19
2023Q1,可隆-华西,抓绒夹克,114,307,69,440,925839.18,697,490,1657.49,424.41,851.1,1126.97,1381.62,1657.49,1933.35,2188.0,2548.75,1281.88,249.4
2023Q1,可隆-华西,防风夹克,345,354,76,636,1519760.39,1279,775,2223.82,565.81,1148.79,1516.56,1856.05,2223.82,2591.6,2931.08,3412.02,1321.94,220.84
2023Q1,可隆-华西,其他,54,47,15,87,39872.82,188,116,271.21,45.27,185.2,214.62,241.78,271.21,300.63,327.8,366.27,205.21,35.63
2023Q1,可隆-华西,棉服,109,196,60,334,1270947.86,692,365,2345.59,639.87,1129.84,1545.76,1929.68,2345.59,2761.51,3145.43,3689.32,1714.12,243.31
2023Q1,可隆-华西,连衣裙,26,44,10,83,127853.1,122,80,1569.66,271.52,1053.77,1230.26,1393.17,1569.66,1746.15,1909.06,2139.85,1103.14,186.46
2023Q1,可隆-华西,短裤,75,175,22,222,254021.7,437,272,878.31,159.18,575.87,679.33,774.84,878.31,981.77,1077.28,1212.59,609.47,164.38
2023Q1,可隆-安徽,防水夹克,213,539,81,645,2087517.66,1172,833,3434.58,644.67,2209.7,2628.74,3015.54,3434.58,3853.61,4240.42,4788.39,1832.41,323.98
2023Q1,可隆-安徽,卫衣,143,133,53,314,346456.9,485,329,1215.3,303.84,637.99,835.49,1017.8,1215.3,1412.79,1595.1,1853.37,730.98,138.41
2023Q1,可隆-安徽,长袖T恤,220,264,81,449,710561.87,813,565,1024.31,165.89,709.11,816.94,916.48,1024.31,1132.14,1231.68,1372.69,845.37,199.46
2023Q1,可隆-安徽,三合一夹克,124,181,16,263,1638557.54,580,321,4417.91,1254.12,2035.08,2850.26,3602.73,4417.91,5233.08,5985.56,7051.56,2941.95,591.42
2023Q1,可隆-安徽,POLO,188,178,72,442,491540.88,698,438,947.94,247.85,477.02,638.13,786.84,947.94,1109.05,1257.76,1468.43,675.04,134.25
2023Q1,可隆-安徽,短袖T恤,190,267,56,565,541389.79,933,513,737.98,195.64,366.27,493.43,610.82,737.98,865.15,982.53,1148.83,561.21,154.73
2023Q1,可隆-安徽,长裤,291,360,70,637,1215601.63,1274,721,1463.52,293.24,906.36,1096.97,1272.91,1463.52,1654.13,1830.07,2079.33,882.08,215.86
2023Q1,可隆-安徽,衬衫,87,74,26,198,275092.39,281,187,1409.49,271.32,893.99,1070.34,1233.13,1409.49,1585.85,1748.64,1979.26,1016.69,161.36
2023Q1,可隆-安徽,针织夹克,192,147,51,294,628716.25,538,390,1471.22,248.84,998.43,1160.17,1309.48,1471.22,1632.96,1782.26,1993.77,1093.06,185.81
2023Q1,可隆-安徽,羽绒服,117,346,14,377,2082301.35,704,477,3515.3,941.63,1726.2,2338.26,2903.24,3515.3,4127.36,4692.34,5492.73,2764.7,595.39
2023Q1,可隆-安徽,鞋,157,182,50,401,782765.8,677,389,1715.8,402.98,950.14,1212.08,1453.86,1715.8,1977.73,2219.52,2562.05,1154.9,259.23
2023Q1,可隆-安徽,马夹,147,138,29,290,519070.7,407,314,2020.55,376.66,1304.9,1549.73,1775.73,2020.55,2265.38,2491.38,2811.54,1414.43,348.24
2023Q1,可隆-安徽,软壳夹克,294,410,83,551,2366756.35,1221,787,2768.38,623.98,1582.82,1988.41,2362.79,2768.38,3173.96,3548.35,4078.73,1873.74,361.14
2023Q1,可隆-安徽,配件,78,116,40,220,142427.74,396,234,477.35,98.07,291.02,354.77,413.61,477.35,541.1,599.94,683.29,342.64,82.6
2023Q1,可隆-安徽,抓绒夹克,148,106,26,276,550640.56,377,280,1852.15,580.41,749.36,1126.63,1474.88,1852.15,2229.42,2577.66,3071.01,1500.89,345.61
2023Q1,可隆-安徽,防风夹克,178,236,60,440,1589323.31,831,474,2474.13,752.91,1043.6,1532.99,1984.74,2474.13,2963.52,3415.27,4055.24,1897.45,349.16
2023Q1,可隆-安徽,其他,40,42,15,74,27737.05,158,97,273.94,45.8,186.92,216.69,244.17,273.94,303.71,331.19,370.11,179.46,25.54
2023Q1,可隆-安徽,棉服,40,93,5,194,604761.74,210,138,3505.58,604.87,2356.32,2749.49,3112.41,3505.58,3898.75,4261.67,4775.82,3027.92,773.72
2023Q1,可隆-安徽,连衣裙,16,35,6,51,100429.42,91,57,1589.53,499.66,640.19,964.96,1264.76,1589.53,1914.31,2214.11,2638.81,1101.63,263.01
2023Q1,可隆-安徽,短裤,58,63,14,152,125373.47,208,135,727.84,139.7,462.41,553.22,637.03,727.84,818.64,902.46,1021.2,620.72,171.32
2023Q1,可隆-山西,防水夹克,212,258,78,470,1867619.58,889,548,2817.07,783.64,1328.15,1837.52,2307.7,2817.07,3326.43,3796.61,4462.71,2153.15,341.92
2023Q1,可隆-山西,卫衣,237,259,85,466,985842.89,1074,581,1196.32,281.76,660.98,844.12,1013.18,1196.32,1379.47,1548.52,1788.02,877.04,226.37
2023Q1,可隆-山西,长袖T恤,219,341,43,494,595181.35,1107,603,767.99,146.97,488.75,584.28,672.46,767.99,863.52,951.7,1076.62,615.76,134.08
2023Q1,可隆-山西,三合一夹克,89,106,35,253,1239848.09,360,230,4224.27,909.85,2495.56,3086.96,3632.87,4224.27,4815.67,5361.58,6134.95,3670.83,626.86
2023Q1,可隆-山西,POLO,150,131,39,298,275230.67,463,320,930.32,177.3,593.45,708.69,815.08,930.32,1045.57,1151.95,1302.66,634.57,98.67
2023Q1,可隆-山西,短袖T恤,174,212,57,413,515555.48,674,443,907.65,180.52,564.66,682.0,790.31,907.65,1024.99,1133.3,1286.75,807.48,220.47
2023Q1,可隆-山西,长裤,280,419,104,562,1319317.79,1243,803,1435.81,384.16,705.91,955.61,1186.11,1435.81,1685.51,1916.0,2242.54,1093.56,185.7
2023Q1,可隆-山西,衬衫,111,188,34,334,249956.39,455,333,1057.75,219.42,640.86,783.48,915.13,1057.75,1200.37,1332.02,1518.52,555.84,70.53
2023Q1,可隆-山西,针织夹克,125,150,28,279,471731.32,455,303,1643.92,411.43,862.21,1129.64,1376.49,1643.92,1911.34,2158.2,2507.91,1075.48,278.34
2023Q1,可隆-山西,羽绒服,196,213,85,381,2344702.91,1003,494,3576.07,774.26,2104.97,2608.24,3072.8,3576.07,4079.33,4543.89,5202.01,2500.23,560.84
2023Q1,可隆-山西,鞋,135,270,63,397,1369418.44,738,468,2064.71,643.79,841.52,1259.98,1646.25,2064.71,2483.17,2869.45,3416.66,1683.04,286.85
2023Q1,可隆-山西,马夹,34,40,4,72,133029.12,100,78,1863.13,522.77,869.87,1209.67,1523.33,1863.13,2202.93,2516.59,2960.94,1466.48,394.17
2023Q1,可隆-山西,软壳夹克,264,327,46,588,2093519.68,1186,637,2767.16,458.15,1896.67,2194.47,2469.36,2767.16,3064.96,3339.85,3729.28,1789.08,410.17
2023Q1,可隆-山西,配件,64,98,34,179,114559.82,300,196,425.31,74.88,283.04,331.71,376.64,425.31,473.99,518.91,582.56,381.7,47.96
2023Q1,可隆-山西,抓绒夹克,92,128,21,215,489254.93,416,241,1577.54,455.87,711.39,1007.7,1281.23,1577.54,1873.86,2147.38,2534.87,1135.84,243.23
2023Q1,可隆-山西,防风夹克,154,249,17,383,1531289.29,682,420,2776.99,678.93,1487.02,1928.33,2335.69,2776.99,3218.3,3625.66,4202.75,2125.6,427.85
2023Q1,可隆-山西,其他,44,75,23,113,46331.19,228,142,291.13,44.21,207.12,235.86,262.39,291.13,319.86,346.39,383.98,186.64,34.27
2023Q1,可隆-山西,棉服,104,133,34,225,750496.97,460,271,2695.77,673.79,1415.58,1853.54,2257.81,2695.77,3133.74,3538.01,4110.73,1624.67,199.29
2023Q1,可隆-山西,连衣裙,23,20,11,61,110215.91,108,54,1468.53,248.56,996.28,1157.84,1306.97,1468.53,1630.1,1779.23,1990.51,1098.21,221.12
2023Q1,可隆-山西,短裤,61,178,34,215,291675.99,410,273,906.66,141.87,637.1,729.31,814.44,906.66,998.87,1084.0,1204.59,734.96,192.53
2023Q1,可隆-西北,防水夹克,172,217,55,568,1730842.01,672,444,2807.18,518.46,1822.11,2159.11,2470.18,2807.18,3144.18,3455.26,3895.95,2386.41,398.37
2023Q1,可隆-西北,卫衣,103,149,62,298,404390.21,339,314,1311.26,323.25,697.09,907.2,1101.15,1311.26,1521.37,1715.32,1990.08,1101.51,209.53
2023Q1,可隆-西北,长袖T恤,113,350,64,426,434149.24,803,527,885.35,161.7,578.13,683.23,780.25,885.35,990.45,1087.47,1224.91,569.17,112.98
2023Q1,可隆-西北,三合一夹克,128,165,26,257,1709386.88,607,319,3621.95,656.59,2374.43,2801.21,3195.17,3621.95,4048.74,4442.69,5000.79,2742.22,484.26
2023Q1,可隆-西北,POLO,222,303,90,529,687007.3,875,615,1003.89,241.96,544.17,701.44,846.61,1003.89,1161.16,1306.33,1511.99,776.73,178.18
2023Q1,可隆-西北,短袖T恤,159,283,67,421,452763.06,889,509,701.34,115.16,482.54,557.39,626.48,701.34,776.19,845.29,943.17,472.56,66.28
2023Q1,可隆-西北,长裤,255,196,90,414,953549.84,841,541,1244.0,389.43,504.08,757.21,990.87,1244.0,1497.13,1730.79,2061.81,1087.28,292.53
2023Q1,可隆-西北,衬衫,107,72,39,214,382405.79,363,218,1177.44,319.4,570.57,778.18,969.82,1177.44,1385.05,1576.69,1848.19,1094.07,284.66
2023Q1,可隆-西北,针织夹克,60,83,20,163,297840.49,263,163,1574.99,294.14,1016.13,1207.32,1383.8,1574.99,1766.18,1942.67,2192.69,1164.01,302.72
2023Q1,可隆-西北,羽绒服,158,135,44,353,1525254.1,484,337,3653.79,740.87,2246.14,2727.7,3172.23,3653.79,4135.36,4579.88,5209.62,2959.31,361.77
2023Q1,可隆-西北,鞋,101,229,53,383,1174419.74,589,383,2799.91,740.76,1392.47,1873.96,2318.42,2799.91,3281.4,3725.86,4355.5,2083.93,264.82
2023Q1,可隆-西北,马夹,96,51,29,147,409611.51,259,176,1846.85,339.84,1201.16,1422.05,1625.96,1846.85,2067.75,2271.66,2560.52,1557.63,306.08
2023Q1,可隆-西北,软壳夹克,212,223,85,428,1393493.89,884,520,2500.85,681.48,1206.04,1649.0,2057.89,2500.85,2943.81,3352.69,3931.95,1554.57,200.79
2023Q1,可隆-西北,配件,119,105,25,228,88585.3,367,249,417.54,97.44,232.4,295.74,354.2,417.54,480.88,539.35,622.18,248.07,66.39
2023Q1,可隆-西北,抓绒夹克,182,101,62,270,624373.68,524,345,1604.67,274.25,1083.6,1261.86,1426.41,1604.67,1782.93,1947.48,2180.59,1157.66,287.23
2023Q1,可隆-西北,防风夹克,195,171,75,346,951200.83,681,441,2219.89,669.67,947.52,1382.8,1784.6,2219.89,2655.17,3056.98,3626.19,1446.02,243.11
2023Q1,可隆-西北,其他,20,31,8,58,18784.6,97,59,291.7,48.2,200.12,231.45,260.37,291.7,323.03,351.95,392.92,193.14,45.0
2023Q1,可隆-西北,棉服,85,100,18,221,424684.69,252,203,2790.89,811.95,1248.19,1775.96,2263.12,2790.89,3318.65,3805.82,4495.98,1715.08,402.39
2023Q1,可隆-西北,连衣裙,37,21,9,61,132366.05,102,67,1557.96,407.65,783.43,1048.4,1292.99,1557.96,1822.94,2067.52,2414.03,1333.09,239.41
2023Q1,可隆-西北,短裤,58,135,22,210,205059.49,379,215,782.48,181.25,438.11,555.92,664.67,782.48,900.29,1009.04,1163.1,588.23,147.34
2023Q1,可隆-电商,防水夹克,708,364,200,1124,6140806.74,2785,1272,2936.43,495.06,1995.82,2317.61,2614.64,2936.43,3258.22,3555.25,3976.05,2387.96,314.88
2023Q1,可隆-电商,卫衣,448,592,126,895,1505042.31,1675,1166,1235.3,225.97,805.97,952.84,1088.42,1235.3,1382.18,1517.76,1709.83,970.51,233.73
2023Q1,可隆-电商,长袖T恤,578,463,130,1059,1025202.33,1611,1171,926.73,172.43,599.11,711.19,814.65,926.73,1038.81,1142.27,1288.84,645.22,148.67
2023Q1,可隆-电商,三合一夹克,115,196,50,497,1550740.75,516,361,3764.81,1135.72,1606.94,2345.16,3026.59,3764.81,4503.02,5184.45,6149.81,3073.06,371.37
2023Q1,可隆-电商,POLO,266,403,95,700,627662.27,1119,764,890.9,188.71,532.35,655.01,768.24,890.9,1013.57,1126.79,1287.2,559.22,97.65
2023Q1,可隆-电商,短袖T恤,634,575,229,1206,1446672.12,2412,1438,909.46,229.44,473.52,622.65,760.32,909.46,1058.59,1196.26,1391.28,632.87,139.14
2023Q1,可隆-电商,长裤,446,879,133,1320,1948054.09,2617,1458,1193.59,189.47,833.61,956.76,1070.44,1193.59,1316.75,1430.43,1591.47,671.6,83.47
2023Q1,可隆-电商,衬衫,221,278,31,513,498019.35,833,530,875.18,204.26,487.09,619.86,742.41,875.18,1007.95,1130.51,1304.13,608.95,123.74
2023Q1,可隆-电商,针织夹克,100,275,54,387,542657.41,547,429,1458.16,465.96,572.83,875.7,1155.28,1458.16,1761.04,2040.62,2436.69,1015.47,216.81
2023Q1,可隆-电商,羽绒服,229,313,52,542,3287776.15,1058,594,3772.24,565.43,2697.92,3065.45,3404.71,3772.24,4139.78,4479.03,4959.65,3057.04,787.94
2023Q1,可隆-电商,鞋,262,341,122,672,2105400.7,1162,725,2244.7,338.3,1601.94,1821.83,2024.81,2244.7,2464.59,2667.57,2955.12,1824.07,431.15
2023Q1,可隆-电商,马夹,65,216,50,266,684614.16,572,331,1784.17,521.77,792.8,1131.96,1445.02,1784.17,2123.32,2436.39,2879.89,1204.17,214.48
2023Q1,可隆-电商,软壳夹克,484,500,206,1068,2862226.02,1751,1190,2569.81,411.35,1788.24,2055.62,2302.43,2569.81,2837.19,3084.0,3433.65,1649.05,383.51
2023Q1,可隆-电商,配件,470,428,52,671,314162.83,1174,950,374.7,65.24,250.76,293.16,332.3,374.7,417.11,456.25,511.7,251.18,36.31
2023Q1,可隆-电商,抓绒夹克,134,279,82,392,756682.42,901,495,1760.71,532.35,749.24,1095.27,1414.68,1760.71,2106.74,2426.16,2878.66,895.55,222.96
2023Q1,可隆-电商,防风夹克,244,459,132,688,2136248.04,1378,835,2263.14,472.76,1364.9,1672.19,1955.85,2263.14,2570.44,2854.09,3255.94,1661.38,429.47
2023Q1,可隆-电商,其他,39,47,23,121,37796.49,142,109,305.85,79.75,154.34,206.17,254.02,305.85,357.69,405.53,473.32,263.51,49.19
2023Q1,可隆-电商,棉服,222,297,54,458,1577508.66,704,573,3132.29,998.72,1234.72,1883.89,2483.12,3132.29,3781.45,4380.68,5229.59,2265.1,340.75
2023Q1,可隆-电商,连衣裙,68,94,25,182,281737.47,289,187,1314.76,368.08,615.41,854.66,1075.51,1314.76,1554.01,1774.86,2087.73,957.13,246.18
2023Q1,可隆-电商,短裤,197,217,52,420,512790.35,900,466,749.82,195.93,377.55,504.91,622.46,749.82,877.17,994.73,1161.27,604.68,152.11
2023Q1,可隆-新疆,防水夹克,99,238,14,330,1131620.39,581,351,2889.64,478.13,1981.2,2291.98,2578.86,2889.64,3200.43,3487.3,3893.71,2102.95,416.22
2023Q1,可隆-新疆,卫衣,89,155,19,249,300881.86,359,263,1058.1,264.08,556.34,727.99,886.44,1058.1,1229.75,1388.2,1612.67,853.48,183.01
2023Q1,可隆-新疆,长袖T恤,110,173,62,335,394186.65,569,345,983.97,237.47,532.77,687.13,829.61,983.97,1138.32,1280.81,1482.66,743.89,114.63
2023Q1,可隆-新疆,三合一夹克,75,72,17,140,545397.79,209,164,3970.07,832.94,2387.49,2928.9,3428.66,3970.07,4511.49,5011.25,5719.25,2580.45,607.42
2023Q1,可隆-新疆,POLO,66,123,27,215,262346.94,381,216,969.9,136.7,710.16,799.02,881.04,969.9,1058.76,1140.78,1256.98,673.02,103.99
2023Q1,可隆-新疆,短袖T恤,101,89,27,237,155692.26,352,217,721.75,210.71,321.39,458.35,584.78,721.75,858.71,985.14,1164.25,469.16,119.48
2023Q1,可隆-新疆,长裤,111,122,52,232,374990.11,394,285,1535.82,299.83,966.15,1161.03,1340.93,1535.82,1730.7,1910.6,2165.45,939.29,239.86
2023Q1,可隆-新疆,衬衫,56,85,24,185,229127.44,267,165,1059.2,170.83,734.62,845.66,948.16,1059.2,1170.24,1272.74,1417.95,860.05,161.94
2023Q1,可隆-新疆,针织夹克,78,70,27,144,196554.87,191,175,1321.78,385.54,589.25,839.85,1071.17,1321.78,1572.38,1803.7,2131.41,1098.04,284.57
2023Q1,可隆-新疆,羽绒服,59,184,26,187,842143.34,371,269,3342.66,496.22,2399.84,2722.38,3020.12,3342.66,3665.21,3962.94,4384.73,2139.95,274.63
2023Q1,可隆-新疆,鞋,119,136,23,284,592145.59,495,278,2203.32,640.2,986.94,1403.07,1787.19,2203.32,2619.46,3003.58,3547.75,1313.35,348.48
2023Q1,可隆-新疆,马夹,26,63,4,93,195181.15,127,93,1820.88,390.33,1079.25,1332.96,1567.16,1820.88,2074.6,2308.8,2640.58,1557.64,411.93
2023Q1,可隆-新疆,软壳夹克,124,138,39,258,1148924.14,633,301,2813.2,732.51,1421.43,1897.56,2337.07,2813.2,3289.34,3728.84,4351.48,1782.06,405.18
2023Q1,可隆-新疆,配件,47,92,22,125,90997.74,266,161,452.29,139.47,187.29,277.95,361.63,452.29,542.94,626.62,745.17,339.17,44.41
2023Q1,可隆-新疆,抓绒夹克,90,121,28,174,476855.05,369,239,1711.58,309.37,1123.78,1324.87,1510.49,1711.58,1912.67,2098.29,2361.26,1298.64,161.13
2023Q1,可隆-新疆,防风夹克,131,80,38,233,835944.65,422,249,2466.5,628.89,1271.61,1680.39,2057.72,2466.5,2875.28,3252.61,3787.17,2034.26,246.76
2023Q1,可隆-新疆,其他,21,37,10,56,26328.99,123,68,299.73,78.06,151.41,202.15,248.99,299.73,350.47,397.31,463.67,205.93,48.99
2023Q1,可隆-新疆,棉服,99,80,28,191,702001.35,325,207,2999.2,783.84,1509.9,2019.4,2489.7,2999.2,3508.7,3979.0,4645.27,2025.02,461.23
2023Q1,可隆-新疆,连衣裙,28,39,6,71,201240.6,135,73,1746.37,397.33,991.45,1249.71,1488.11,1746.37,2004.64,2243.03,2580.76,1398.42,329.88
2023Q1,可隆-新疆,短裤,65,65,23,146,167015.86,260,153,927.65,246.01,460.23,620.13,767.74,927.65,1087.55,1235.16,1444.27,652.59,108.15
2023Q1,可隆-青海,防水夹克,70,64,15,129,591800.75,213,149,3567.71,1052.47,1568.0,2252.11,2883.6,3567.71,4251.81,4883.3,5777.9,2812.26,573.77
2023Q1,可隆-青海,卫衣,65,79,20,139,239712.75,279,164,1195.48,271.12,680.34,856.57,1019.25,1195.48,1371.71,1534.38,1764.84,903.78,219.69
2023Q1,可隆-青海,长袖T恤,69,77,17,142,144778.02,253,163,825.96,163.15,515.98,622.02,719.92,825.96,932.01,1029.9,1168.58,623.67,97.1
2023Q1,可隆-青海,三合一夹克,31,86,11,95,1169083.97,305,128,4651.59,1307.95,2166.48,3016.65,3801.42,4651.59,5501.76,6286.54,7398.3,3735.02,550.89
2023Q1,可隆-青海,POLO,33,74,8,89,118727.9,177,115,988.9,145.37,712.7,807.19,894.41,988.9,1083.38,1170.61,1294.17,710.79,90.82
2023Q1,可隆-青海,短袖T恤,43,75,10,104,109853.39,215,128,671.52,107.01,468.2,537.75,601.96,671.52,741.07,805.28,896.23,467.56,115.65
2023Q1,可隆-青海,长裤,72,63,20,142,219063.79,242,155,1359.89,215.16,951.09,1090.94,1220.03,1359.89,1499.74,1628.83,1811.72,969.14,181.93
2023Q1,可隆-青海,衬衫,21,31,7,60,45762.53,69,59,1033.61,310.96,442.79,644.91,831.49,1033.61,1235.73,1422.31,1686.62,714.73,183.12
2023Q1,可隆-青海,针织夹克,40,63,5,86,215925.45,171,108,1505.38,411.69,723.17,990.77,1237.78,1505.38,1772.97,2019.99,2369.92,1317.04,305.3
2023Q1,可隆-青海,羽绒服,44,62,8,120,402956.5,169,114,3196.27,901.13,1484.11,2069.85,2610.53,3196.27,3782.0,4322.68,5088.65,2434.44,524.29
2023Q1,可隆-青海,鞋,51,64,17,112,262696.53,203,132,1995.44,365.52,1300.96,1538.54,1757.85,1995.44,2233.03,2452.34,2763.03,1320.12,210.36
2023Q1,可隆-青海,马夹,27,35,8,54,165624.69,104,70,1859.89,288.12,1312.47,1499.75,1672.62,1859.89,2047.17,2220.04,2464.94,1460.33,407.07
2023Q1,可隆-青海,软壳夹克,54,74,17,125,441721.89,229,145,2401.72,662.11,1143.71,1574.08,1971.35,2401.72,2832.09,3229.36,3792.15,1909.19,304.23
2023Q1,可隆-青海,配件,22,64,9,89,61698.97,153,95,491.06,151.91,202.43,301.17,392.32,491.06,589.8,680.94,810.07,376.03,64.46
2023Q1,可隆-青海,抓绒夹克,39,72,11,98,222566.08,189,122,1733.71,383.55,1004.97,1254.28,1484.41,1733.71,1983.02,2213.15,2539.16,1213.78,183.72
2023Q1,可隆-青海,防风夹克,57,71,8,132,334719.66,193,136,2521.95,742.12,1111.93,1594.31,2039.58,2521.95,3004.32,3449.59,4080.39,1741.75,309.97
2023Q1,可隆-青海,其他,13,14,3,28,10040.41,58,30,248.25,38.11,175.84,200.61,223.48,248.25,273.02,295.88,328.28,184.27,51.33
2023Q1,可隆-青海,棉服,25,38,2,59,207705.64,100,65,2545.23,765.76,1090.29,1588.03,2047.49,2545.23,3042.97,3502.43,4153.32,2140.68,277.58
2023Q1,可隆-青海,连衣裙,12,7,5,19,58040.39,42,24,1731.72,343.05,1079.92,1302.9,1508.73,1731.72,1954.7,2160.54,2452.13,1281.31,158.13
2023Q1,可隆-青海,短裤,15,42,9,71,42614.86,81,66,834.23,232.42,392.63,543.71,683.16,834.23,985.31,1124.76,1322.32,526.3,76.08
2023Q1,可隆-线下山,防水夹克,199,191,51,364,1541410.1,578,441,3148.64,963.83,1317.36,1943.85,2522.15,3148.64,3775.13,4353.43,5172.69,2543.42,326.89
2023Q1,可隆-线下山,卫衣,90,167,18,243,362395.45,461,275,1115.21,174.08,784.46,897.61,1002.06,1115.21,1228.37,1332.82,1480.79,794.87,151.2
2023Q1,可隆-线下山,长袖T恤,114,223,27,297,439287.86,554,364,904.44,240.63,447.24,603.65,748.03,904.44,1060.85,1205.23,1409.76,743.42,183.68
2023Q1,可隆-线下山,三合一夹克,68,104,26,218,1013333.16,365,198,4394.65,904.23,2676.6,3264.36,3806.9,4394.65,4982.4,5524.94,6293.54,2859.97,362.93
2023Q1,可隆-线下山,POLO,96,202,53,264,389507.5,542,351,953.04,188.94,594.06,716.87,830.23,953.04,1075.85,1189.21,1349.81,719.35,164.43
2023Q1,可隆-线下山,短袖T恤,167,201,50,354,340200.85,520,418,805.5,155.22,510.59,611.48,704.61,805.5,906.39,999.52,1131.46,580.18,106.02
2023Q1,可隆-线下山,长裤,226,279,67,565,944636.43,1061,572,1209.17,259.98,715.2,884.19,1040.18,1209.17,1378.16,1534.15,1755.13,911.92,197.07
2023Q1,可隆-线下山,衬衫,121,193,24,255,447502.39,490,338,1133.13,308.41,547.14,747.61,932.66,1133.13,1333.59,1518.64,1780.79,892.13,130.91
2023Q1,可隆-线下山,针织夹克,58,87,19,177,233241.1,261,164,1271.95,394.98,521.48,778.22,1015.21,1271.95,1528.69,1765.68,2101.41,886.72,247.96
2023Q1,可隆-线下山,羽绒服,163,157,37,359,1162825.65,450,357,3688.05,1047.9,1697.04,2378.17,3006.91,3688.05,4369.18,4997.92,5888.64,2437.86,631.98
2023Q1,可隆-线下山,鞋,116,199,43,278,843993.58,563,358,2223.95,372.1,1516.95,1758.82,1982.08,2223.95,2465.82,2689.08,3005.37,1637.74,298.24
2023Q1,可隆-线下山,马夹,100,108,26,181,482057.58,349,234,1942.26,455.25,1077.28,1373.2,1646.35,1942.26,2238.18,2511.33,2898.3,1350.08,314.47
2023Q1,可隆-线下山,软壳夹克,202,165,82,481,1026974.38,568,449,2524.75,680.34,1232.12,1674.33,2082.54,2524.75,2966.97,3375.18,3953.46,1826.15,239.71
2023Q1,可隆-线下山,配件,184,136,62,323,194817.98,528,382,422.74,101.41,230.06,295.98,356.82,422.74,488.66,549.51,635.71,375.58,102.2
2023Q1,可隆-线下山,抓绒夹克,74,136,26,219,476797.8,369,236,1868.86,473.94,968.38,1276.44,1560.8,1868.86,2176.92,2461.29,2864.14,1225.37,269.31
2023Q1,可隆-线下山,防风夹克,127,164,49,308,612232.75,405,340,2348.05,490.42,1416.24,1735.02,2029.27,2348.05,2666.82,2961.08,3377.94,1642.45,262.54
2023Q1,可隆-线下山,其他,27,33,8,62,20964.61,104,68,278.83,84.59,118.11,173.09,223.85,278.83,333.81,384.57,456.47,201.0,40.83
2023Q1,可隆-线下山,棉服,83,94,49,200,626443.53,338,226,2789.76,640.35,1573.09,1989.31,2373.53,2789.76,3205.98,3590.2,4134.5,1791.93,235.16
2023Q1,可隆-线下山,连衣裙,14,32,2,44,111067.46,83,48,1526.59,231.96,1085.87,1236.65,1375.82,1526.59,1677.36,1816.54,2013.7,1289.74,200.7
2023Q1,可隆-线下山,短裤,86,110,27,163,196556.94,346,223,772.16,235.6,324.52,477.66,619.02,772.16,925.3,1066.65,1266.91,592.26,156.62
2023Q2,可隆-东北,防水夹克,418,505,59,837,4092355.89,1431,982,4024.33,1186.56,1769.86,2541.13,3253.07,4024.33,4795.6,5507.53,6516.11,2947.69,618.51
2023Q2,可隆-东北,卫衣,216,376,91,550,1020269.02,1145,683,1202.13,179.62,860.86,977.61,1085.38,1202.13,1318.88,1426.65,1579.33,880.85,233.2
2023Q2,可隆-东北,长袖T恤,353,484,80,812,711732.63,1560,917,755.29,203.82,368.04,500.52,622.81,755.29,887.77,1010.06,1183.3,436.21,59.53
2023Q2,可隆-东北,三合一夹克,170,265,53,409,1645810.66,630,488,3781.47,1030.07,1824.35,2493.89,3111.93,3781.47,4451.01,5069.05,5944.61,2631.53,503.34
2023Q2,可隆-东北,POLO,202,304,77,515,538053.08,1001,583,897.67,227.19,466.0,613.68,750.0,897.67,1045.35,1181.67,1374.78,545.97,83.16
2023Q2,可隆-东北,短袖T恤,189,246,43,505,485511.84,833,478,716.79,184.91,365.45,485.64,596.59,716.79,836.98,947.93,1105.1,582.02,141.0
2023Q2,可隆-东北,长裤,97,199,38,278,340936.21,398,334,1343.49,279.14,813.13,994.57,1162.05,1343.49,1524.93,1692.41,1929.67,846.69,144.91
2023Q2,可隆-东北,衬衫,214,221,79,467,754040.44,1087,514,979.34,285.85,436.22,622.02,793.53,979.34,1165.14,1336.65,1579.62,663.77,136.27
2023Q2,可隆-东北,针织夹克,96,271,83,401,690547.97,810,450,1184.62,291.19,631.36,820.64,995.35,1184.62,1373.9,1548.61,1796.12,877.24,125.46
2023Q2,可隆-东北,羽绒服,188,374,75,566,2821191.96,1050,637,3920.53,912.47,2186.83,2779.94,3327.42,3920.53,4513.64,5061.12,5836.73,2869.98,677.87
2023Q2,可隆-东北,鞋,133,647,109,694,2037908.99,1346,889,2108.9,383.96,1379.38,1628.95,1859.33,2108.9,2358.48,2588.85,2915.22,1473.37,382.87
2023Q2,可隆-东北,马夹,82,142,44,287,598954.55,386,268,1802.24,574.84,710.05,1083.69,1428.6,1802.24,2175.89,2520.79,3009.41,1606.73,206.15
2023Q2,可隆-东北,软壳夹克,420,328,200,704,3002559.16,1505,948,2391.41,435.88,1563.23,1846.56,2108.09,2391.41,2674.73,2936.26,3306.76,2032.51,536.4
2023Q2,可隆-东北,配件,131,209,42,305,125029.27,562,382,372.09,69.14,240.73,285.67,327.15,372.09,417.03,458.51,517.28,220.17,54.01
2023Q2,可隆-东北,抓绒夹克,128,129,55,300,593625.82,489,312,1846.62,508.85,879.8,1210.55,1515.86,1846.62,2177.37,2482.68,2915.2,1214.91,215.05
2023Q2,可隆-东北,防风夹克,216,268,80,573,2226379.36,875,564,2698.45,704.06,1360.74,1818.38,2240.81,2698.45,3156.1,3578.53,4176.99,2391.37,589.94
2023Q2,可隆-东北,其他,43,54,9,117,38024.16,157,106,319.51,84.03,159.85,214.47,264.89,319.51,374.13,424.55,495.98,237.41,58.16
2023Q2,可隆-东北,棉服,203,293,70,406,1872497.16,893,566,2911.11,562.24,1842.86,2208.31,2545.66,2911.11,3276.56,3613.9,4091.8,2119.96,355.31
2023Q2,可隆-东北,连衣裙,39,57,9,90,148275.15,175,105,1471.39,274.89,949.09,1127.77,1292.71,1471.39,1650.07,1815.01,2048.67,822.99,211.09
2023Q2,可隆-东北,短裤,114,244,69,374,260607.5,468,427,833.16,243.02,371.43,529.39,675.2,833.16,991.12,1136.93,1343.49,572.8,127.6
2023Q2,可隆-华东,防水夹克,272,702,201,1053,3465179.48,1649,1175,2875.01,546.7,1836.28,2191.63,2519.66,2875.01,3230.37,3558.39,4023.09,2247.28,570.41
2023Q2,可隆-华东,卫衣,239,503,78,712,1087440.19,1310,820,1115.16,226.9,684.05,831.53,967.67,1115.16,1262.64,1398.78,1591.64,794.8,111.34
2023Q2,可隆-华东,长袖T恤,222,430,98,699,707699.62,980,750,1007.27,180.1,665.08,782.14,890.2,1007.27,1124.33,1232.39,1385.48,799.37,123.56
2023Q2,可隆-华东,三合一夹克,302,214,87,506,2341360.07,811,603,4385.76,1123.99,2250.18,2980.78,3655.17,4385.76,5116.36,5790.75,6746.15,2710.13,361.71
2023Q2,可隆-华东,POLO,619,365,123,902,958925.99,1620,1107,987.53,184.03,637.88,757.49,867.91,987.53,1107.15,1217.56,1373.99,591.95,117.21
2023Q2,可隆-华东,短袖T恤,237,312,114,594,414354.29,1005,663,703.01,108.59,496.69,567.27,632.42,703.01,773.59,838.74,931.04,453.71,72.07
2023Q2,可隆-华东,长裤,319,586,102,927,1271894.81,1551,1007,1285.78,227.63,853.29,1001.25,1137.83,1285.78,1433.74,1570.32,1763.8,816.55,131.69
2023Q2,可隆-华东,衬衫,185,296,19,442,478633.16,735,500,1007.59,241.08,549.54,706.24,850.89,1007.59,1164.29,1308.93,1513.85,664.84,179.63
2023Q2,可隆-华东,针织夹克,160,266,48,375,809471.53,748,474,1462.11,351.79,793.71,1022.37,1233.45,1462.11,1690.77,1901.84,2200.86,1115.44,200.85
2023Q2,可隆-华东,羽绒服,226,294,106,574,2517581.1,1089,626,3397.39,813.47,1851.8,2380.56,2868.64,3397.39,3926.14,4414.22,5105.67,2238.02,298.28
2023Q2,可隆-华东,鞋,247,455,93,741,2349590.2,1288,795,2573.78,534.89,1557.48,1905.17,2226.1,2573.78,2921.47,3242.4,3697.06,1776.8,391.91
2023Q2,可隆-华东,马夹,130,233,56,378,856450.92,574,419,2073.42,417.01,1281.1,1552.16,1802.36,2073.42,2344.48,2594.69,2949.15,1509.29,361.3
2023Q2,可隆-华东,软壳夹克,366,664,152,1107,4030450.28,1614,1182,2907.45,885.27,1225.44,1800.87,2332.03,2907.45,3482.87,4014.03,4766.51,2525.11,557.17
2023Q2,可隆-华东,配件,174,540,111,787,303578.17,890,825,406.37,69.95,273.46,318.93,360.9,406.37,451.84,493.81,553.27,352.67,76.37
2023Q2,可隆-华东,抓绒夹克,184,264,24,450,1053475.63,817,472,1709.28,507.36,745.3,1075.08,1379.5,1709.28,2039.07,2343.48,2774.74,1280.92,314.18
2023Q2,可隆-华东,防风夹克,386,416,186,1010,2816212.09,1568,988,2314.96,704.12,977.14,1434.82,1857.29,2314.96,2772.64,3195.11,3793.61,1692.6,452.05
2023Q2,可隆-华东,其他,54,97,21,150,57094.03,260,172,274.12,48.02,182.88,214.09,242.9,274.12,305.33,334.14,374.96,223.65,31.36
2023Q2,可隆-华东,棉服,286,329,59,561,3171858.51,1305,674,2965.67,830.54,1387.64,1927.5,2425.82,2965.67,3505.52,4003.85,4709.81,2349.11,570.82
2023Q2,可隆-华东,连衣裙,80,90,12,154,315778.26,275,182,1447.14,392.42,701.55,956.62,1192.07,1447.14,1702.22,1937.67,2271.22,1191.98,324.73
2023Q2,可隆-华东,短裤,79,215,54,297,258114.88,572,348,787.35,183.42,438.86,558.08,668.13,787.35,906.57,1016.62,1172.52,479.69,82.41
2023Q2,可隆-华北,防水夹克,450,694,167,1119,4984557.06,2133,1311,3343.85,926.06,1584.34,2186.28,2741.91,3343.85,3945.79,4501.42,5288.57,2315.58,316.2
2023Q2,可隆-华北,卫衣,311,369,113,818,924708.14,1179,793,1082.11,214.85,673.89,813.55,942.46,1082.11,1221.77,1350.68,1533.31,843.58,176.52
2023Q2,可隆-华北,长袖T恤,265,467,136,677,989391.49,1471,868,968.75,296.68,405.06,597.9,775.91,968.75,1161.59,1339.59,1591.77,679.55,96.88
2023Q2,可隆-华北,三合一夹克,193,285,80,424,2672032.44,909,558,4878.25,960.4,3053.5,3677.76,4253.99,4878.25,5502.51,6078.75,6895.08,3237.01,406.54
2023Q2,可隆-华北,POLO,143,407,51,640,641628.54,879,601,945.2,230.19,507.85,657.47,795.58,945.2,1094.82,1232.93,1428.59,687.35,185.18
2023Q2,可隆-华北,短袖T恤,441,562,132,990,961675.96,1806,1135,712.67,189.27,353.06,476.09,589.65,712.67,835.7,949.26,1110.14,502.73,114.22
2023Q2,可隆-华北,长裤,253,575,45,792,1417503.31,1606,873,1345.31,347.32,685.41,911.16,1119.55,1345.31,1571.07,1779.45,2074.67,987.84,199.66
2023Q2,可隆-华北,衬衫,153,186,49,387,512896.83,627,388,1218.52,176.11,883.91,998.38,1104.05,1218.52,1332.99,1438.65,1588.34,855.11,235.75
2023Q2,可隆-华北,针织夹克,154,174,34,306,559921.75,520,362,1376.0,385.99,642.62,893.52,1125.11,1376.0,1626.9,1858.49,2186.58,1158.39,323.28
2023Q2,可隆-华北,羽绒服,207,496,52,723,2593260.03,1194,755,3673.21,1072.17,1636.09,2333.0,2976.3,3673.21,4370.11,5013.41,5924.75,2271.01,301.21
2023Q2,可隆-华北,鞋,266,534,70,878,2035569.83,1459,870,2191.81,673.21,912.72,1350.3,1754.23,2191.81,2629.4,3033.33,3605.55,1420.96,351.93
2023Q2,可隆-华北,马夹,249,270,68,555,1151959.01,752,587,2025.46,450.49,1169.52,1462.34,1732.64,2025.46,2318.28,2588.58,2971.5,1568.41,220.39
2023Q2,可隆-华北,软壳夹克,369,442,103,899,2699304.75,1390,914,2797.04,417.9,2003.03,2274.67,2525.41,2797.04,3068.67,3319.41,3674.63,1900.17,328.5
2023Q2,可隆-华北,配件,197,419,77,541,270058.39,900,693,379.52,76.08,234.97,284.42,330.07,379.52,428.97,474.62,539.28,271.14,63.35
2023Q2,可隆-华北,抓绒夹克,153,250,58,424,739859.75,682,461,1445.83,366.82,748.86,987.3,1207.39,1445.83,1684.26,1904.35,2216.15,1038.17,269.82
2023Q2,可隆-华北,防风夹克,360,386,99,796,1799552.58,1228,845,2082.37,372.35,1374.9,1616.93,1840.34,2082.37,2324.4,2547.81,2864.31,1454.81,390.66
2023Q2,可隆-华北,其他,42,100,18,127,55414.34,241,160,314.63,65.05,191.04,233.32,272.35,314.63,356.92,395.94,451.24,221.98,60.49
2023Q2,可隆-华北,棉服,165,167,41,329,1323504.97,560,373,2966.71,880.76,1293.28,1865.77,2394.22,2966.71,3539.2,4067.66,4816.3,2244.62,326.84
2023Q2,可隆-华北,连衣裙,79,91,33,168,337877.76,292,203,1524.47,469.75,631.95,937.29,1219.13,1524.47,1829.8,2111.65,2510.93,1158.98,192.54
2023Q2,可隆-华北,短裤,63,281,79,382,290924.31,586,423,737.04,159.87,433.28,537.2,633.12,737.04,840.96,936.88,1072.78,510.83,126.44
2023Q2,可隆-华南,防水夹克,795,446,224,1121,5088053.09,2160,1465,3230.14,908.9,1503.24,2094.02,2639.36,3230.14,3820.93,4366.26,5138.82,2435.91,513.48
2023Q2,可隆-华南,卫衣,363,512,68,851,1050085.06,1190,943,1208.12,202.27,823.8,955.28,1076.64,1208.12,1339.6,1460.96,1632.9,894.53,131.95
2023Q2,可隆-华南,长袖T恤,273,582,106,796,1255612.34,1793,961,877.97,225.69,449.16,595.86,731.27,877.97,1024.67,1160.09,1351.93,670.83,114.15
2023Q2,可隆-华南,三合一夹克,423,320,119,582,5131074.31,1230,862,5002.9,1504.39,2144.55,3122.41,4025.05,5002.9,5980.76,6883.39,8162.13,3909.59,752.48
2023Q2,可隆-华南,POLO,214,432,83,858,807266.46,1104,729,908.03,166.73,591.24,699.62,799.65,908.03,1016.4,1116.44,1258.16,637.96,150.56
2023Q2,可隆-华南,短袖T恤,490,496,117,939,760546.68,1771,1103,667.89,154.52,374.3,474.74,567.45,667.89,768.33,861.05,992.39,425.78,70.56
2023Q2,可隆-华南,长裤,270,341,112,635,1238731.01,1355,723,1265.46,387.67,528.88,780.87,1013.47,1265.46,1517.45,1750.05,2079.57,930.68,138.38
2023Q2,可隆-华南,衬衫,176,408,136,619,1119691.73,1196,720,1232.12,299.58,662.91,857.64,1037.39,1232.12,1426.85,1606.6,1861.24,971.66,190.24
2023Q2,可隆-华南,针织夹克,193,111,48,323,378739.6,483,352,1420.86,312.96,826.24,1029.66,1217.44,1420.86,1624.28,1812.06,2078.07,800.77,173.97
2023Q2,可隆-华南,羽绒服,281,420,73,701,3038336.35,1255,774,3623.72,591.53,2499.81,2884.31,3239.23,3623.72,4008.22,4363.14,4865.95,2405.87,381.08
2023Q2,可隆-华南,鞋,261,264,88,548,1317875.77,1033,613,2005.97,502.45,1051.32,1377.91,1679.38,2005.97,2332.56,2634.03,3061.11,1292.01,318.74
2023Q2,可隆-华南,马夹,231,178,50,314,801492.38,665,459,1726.99,499.44,778.05,1102.69,1402.36,1726.99,2051.63,2351.3,2775.83,1220.45,311.32
2023Q2,可隆-华南,软壳夹克,351,406,85,788,2025793.2,1478,842,2207.85,584.4,1097.5,1477.36,1827.99,2207.85,2587.71,2938.35,3435.09,1387.79,368.9
2023Q2,可隆-华南,配件,188,219,85,530,262265.63,835,492,412.48,85.93,249.22,305.07,356.63,412.48,468.33,519.89,592.93,327.51,85.79
2023Q2,可隆-华南,抓绒夹克,97,219,34,300,451481.76,490,350,1649.5,402.37,884.99,1146.53,1387.96,1649.5,1911.04,2152.46,2494.48,938.79,200.55
2023Q2,可隆-华南,防风夹克,344,441,75,624,3684750.64,1689,860,2435.6,643.24,1213.44,1631.55,2017.49,2435.6,2853.71,3239.65,3786.41,2258.42,433.29
2023Q2,可隆-华南,其他,83,48,16,143,51884.4,201,147,330.78,68.18,201.24,245.55,286.46,330.78,375.1,416.01,473.96,264.55,51.76
2023Q2,可隆-华南,棉服,355,360,100,577,3190469.87,1582,815,2890.62,889.24,1201.06,1779.06,2312.61,2890.62,3468.63,4002.18,4758.03,2077.18,455.83
2023Q2,可隆-华南,连衣裙,18,43,12,78,167817.38,142,73,1401.4,353.65,729.46,959.33,1171.53,1401.4,1631.27,1843.46,2144.07,1203.78,262.1
2023Q2,可隆-华南,短裤,151,288,53,481,391088.59,751,492,827.96,119.75,600.44,678.27,750.12,827.96,905.79,977.64,1079.43,572.86,120.64
2023Q2,可隆-华西,防水夹克,298,474,70,791,3451784.99,1542,842,2871.74,805.89,1340.55,1864.38,2347.91,2871.74,3395.57,3879.11,4564.12,2233.26,563.63
2023Q2,可隆-华西,卫衣,238,326,62,523,990028.63,1028,626,1434.65,327.83,811.78,1024.87,1221.57,1434.65,1647.74,1844.43,2123.09,1064.88,260.97
2023Q2,可隆-华西,长袖T恤,558,452,112,897,1181403.72,1606,1122,900.22,183.8,551.0,670.47,780.75,900.22,1019.69,1129.97,1286.2,696.84,98.21
2023Q2,可隆-华西,三合一夹克,196,333,31,588,3071428.56,1033,560,4171.03,627.35,2979.06,3386.84,3763.25,4171.03,4578.8,4955.21,5488.46,3056.21,452.28
2023Q2,可隆-华西,POLO,265,350,98,595,610232.54,1044,713,851.34,250.68,375.05,537.99,688.4,851.34,1014.28,1164.69,1377.76,507.68,88.63
2023Q2,可隆-华西,短袖T恤,216,302,50,588,518719.0,814,568,850.71,202.35,466.24,597.77,719.18,850.71,982.24,1103.65,1275.65,669.73,181.89
2023Q2,可隆-华西,长裤,259,320,91,556,869270.21,1073,670,1270.58,319.71,663.13,870.94,1062.77,1270.58,1478.39,1670.21,1941.96,858.81,190.75
2023Q2,可隆-华西,衬衫,144,320,70,424,593622.92,632,534,1073.21,171.41,747.53,858.95,961.8,1073.21,1184.63,1287.48,1433.17,914.05,140.16
2023Q2,可隆-华西,针织夹克,138,149,29,277,441196.96,456,316,1450.41,454.71,586.46,882.02,1154.85,1450.41,1745.97,2018.8,2405.31,978.47,141.09
2023Q2,可隆-华西,羽绒服,146,343,93,517,2798627.59,921,582,3847.72,826.03,2278.25,2815.18,3310.8,3847.72,4384.64,4880.26,5582.39,2871.4,547.39
2023Q2,可隆-华西,鞋,277,291,90,497,1571008.38,1115,658,2112.3,365.77,1417.33,1655.08,1874.54,2112.3,2350.05,2569.51,2880.42,1412.49,238.0
2023Q2,可隆-华西,马夹,40,85,31,147,392510.38,301,156,1968.94,452.96,1108.31,1402.74,1674.51,1968.94,2263.36,2535.14,2920.16,1409.8,248.92
2023Q2,可隆-华西,软壳夹克,334,435,61,817,2850975.73,1145,830,2899.09,502.38,1944.57,2271.11,2572.54,2899.09,3225.63,3527.06,3954.09,2465.78,333.25
2023Q2,可隆-华西,配件,124,154,45,314,165079.63,460,323,393.02,55.73,287.14,323.36,356.8,393.02,429.24,462.68,510.05,327.52,60.75
2023Q2,可隆-华西,抓绒夹克,119,164,31,276,586770.36,513,314,1637.99,387.49,901.76,1153.63,1386.12,1637.99,1889.85,2122.35,2451.71,1154.51,305.48
2023Q2,可隆-华西,防风夹克,171,415,131,613,1940473.73,1199,717,2556.62,639.45,1341.66,1757.3,2140.97,2556.62,2972.26,3355.93,3899.47,1695.95,343.75
2023Q2,可隆-华西,其他,39,61,17,143,38604.96,172,117,331.51,57.13,222.96,260.1,294.38,331.51,368.65,402.93,451.49,234.15,55.63
2023Q2,可隆-华西,棉服,135,128,28,268,654997.82,315,291,2474.35,451.51,1616.48,1909.96,2180.87,2474.35,2767.83,3038.74,3422.53,2017.1,279.04
2023Q2,可隆-华西,连衣裙,31,73,4,96,207215.61,180,108,1579.9,471.57,683.92,990.44,1273.38,1579.9,1886.42,2169.36,2570.2,1248.15,177.52
2023Q2,可隆-华西,短裤,79,118,20,298,201117.31,387,217,844.35,125.31,606.27,687.72,762.9,844.35,925.8,1000.99,1107.5,507.67,133.81
2023Q2,可隆-安徽,防水夹克,229,265,48,544,2221602.36,963,542,3148.48,682.8,1851.17,2294.98,2704.66,3148.48,3592.3,4001.98,4582.36,2229.76,546.45
2023Q2,可隆-安徽,卫衣,128,306,64,477,747365.86,857,498,1259.04,246.53,790.63,950.88,1098.79,1259.04,1419.28,1567.2,1776.75,948.26,199.41
2023Q2,可隆-安徽,长袖T恤,128,202,10,364,373298.02,608,340,929.89,225.23,501.96,648.36,783.49,929.89,1076.29,1211.43,1402.87,643.2,180.06
2023Q2,可隆-安徽,三合一夹克,156,197,42,289,1509717.45,598,395,4222.2,981.77,2356.83,2994.98,3584.04,4222.2,4860.35,5449.41,6283.92,2570.98,579.17
2023Q2,可隆-安徽,POLO,181,184,80,380,641038.87,792,445,1034.83,173.08,705.97,818.47,922.32,1034.83,1147.33,1251.18,1398.3,834.84,142.6
2023Q2,可隆-安徽,短袖T恤,345,336,97,611,759969.3,1118,778,820.56,227.19,388.91,536.58,672.89,820.56,968.23,1104.54,1297.65,657.49,83.21
2023Q2,可隆-安徽,长裤,154,183,51,403,525307.57,638,388,1198.27,182.09,852.29,970.65,1079.91,1198.27,1316.63,1425.88,1580.66,821.73,165.66
2023Q2,可隆-安徽,衬衫,94,163,43,288,390436.26,602,300,1089.16,175.18,756.31,870.18,975.29,1089.16,1203.03,1308.14,1457.04,682.14,92.39
2023Q2,可隆-安徽,针织夹克,102,102,23,183,487679.05,394,227,1485.82,405.52,715.33,978.92,1222.23,1485.82,1749.4,1992.72,2337.41,1354.58,355.29
2023Q2,可隆-安徽,羽绒服,320,186,105,588,2033299.78,864,611,3331.55,567.94,2252.45,2621.62,2962.38,3331.55,3700.71,4041.48,4524.23,2189.91,271.14
2023Q2,可隆-安徽,鞋,110,281,54,447,936083.9,664,445,2083.89,302.0,1510.09,1706.39,1887.59,2083.89,2280.19,2461.39,2718.09,1394.04,281.33
2023Q2,可隆-安徽,马夹,82,144,39,236,520402.4,385,265,1764.1,329.41,1138.23,1352.34,1549.98,1764.1,1978.21,2175.85,2455.85,1236.08,237.49
2023Q2,可隆-安徽,软壳夹克,210,324,81,577,2155709.29,1111,615,2461.76,696.2,1138.99,1591.52,2009.23,2461.76,2914.29,3332.01,3923.78,2047.76,530.52
2023Q2,可隆-安徽,配件,219,128,42,328,154081.01,751,389,362.77,55.69,256.96,293.16,326.57,362.77,398.97,432.39,479.72,213.67,42.35
2023Q2,可隆-安徽,抓绒夹克,155,139,74,284,849223.85,597,368,1907.95,347.83,1247.07,1473.16,1681.86,1907.95,2134.04,2342.73,2638.39,1455.98,244.41
2023Q2,可隆-安徽,防风夹克,181,263,16,411,1547106.94,716,460,2518.27,557.33,1459.34,1821.61,2156.0,2518.27,2880.53,3214.93,3688.66,2140.89,374.41
2023Q2,可隆-安徽,其他,47,81,24,113,51512.11,189,152,314.96,91.09,141.89,201.1,255.75,314.96,374.16,428.81,506.24,259.34,51.81
2023Q2,可隆-安徽,棉服,64,66,21,196,515681.01,225,151,3108.99,600.21,1968.58,2358.72,2718.85,3108.99,3499.13,3859.25,4369.43,2275.28,618.24
2023Q2,可隆-安徽,连衣裙,36,45,14,76,157181.26,149,95,1647.81,399.47,888.81,1148.47,1388.16,1647.81,1907.47,2147.15,2486.71,1137.0,160.92
2023Q2,可隆-安徽,短裤,93,175,64,266,283167.27,495,332,750.96,204.83,361.78,494.92,617.82,750.96,884.1,1007.0,1181.11,605.41,86.91
2023Q2,可隆-山西,防水夹克,332,410,166,867,3948876.37,1411,908,3431.77,880.15,1759.47,2331.57,2859.67,3431.77,4003.87,4531.96,5280.09,2652.64,639.18
2023Q2,可隆-山西,卫衣,198,327,87,547,763586.64,974,612,1209.13,201.67,825.96,957.05,1078.05,1209.13,1340.22,1461.22,1632.64,794.32,161.74
2023Q2,可隆-山西,长袖T恤,305,269,87,634,624108.43,916,661,1059.88,229.68,623.49,772.78,910.59,1059.88,1209.17,1346.98,1542.2,677.48,91.63
2023Q2,可隆-山西,三合一夹克,75,137,23,224,1221596.61,427,235,4196.55,1178.21,1957.96,2723.79,3430.72,4196.55,4962.39,5669.31,6670.79,2845.66,465.21
2023Q2,可隆-山西,POLO,156,312,94,489,453541.81,866,562,918.88,145.64,642.16,736.82,824.21,918.88,1013.54,1100.93,1224.72,571.33,106.59
2023Q2,可隆-山西,短袖T恤,116,299,38,413,429819.54,671,453,751.18,119.49,524.15,601.82,673.51,751.18,828.85,900.55,1002.11,602.91,130.79
2023Q2,可隆-山西,长裤,217,229,51,391,1031847.9,791,497,1541.87,466.35,655.81,958.94,1238.75,1541.87,1845.0,2124.81,2521.2,1238.77,200.78
2023Q2,可隆-山西,衬衫,83,179,57,254,352756.77,472,319,1229.15,237.79,777.36,931.92,1074.59,1229.15,1383.72,1526.39,1728.51,823.01,141.64
2023Q2,可隆-山西,针织夹克,121,143,41,240,515165.06,508,305,1521.76,485.01,600.25,915.5,1206.51,1521.76,1837.01,2128.02,2540.27,999.4,256.27
2023Q2,可隆-山西,羽绒服,96,158,18,260,1187541.59,422,272,3428.68,568.51,2348.52,2718.05,3059.15,3428.68,3798.21,4139.31,4622.54,2782.51,506.06
2023Q2,可隆-山西,鞋,222,232,36,465,1207148.23,806,490,2269.97,720.31,901.38,1369.58,1801.77,2269.97,2738.17,3170.35,3782.61,1443.63,371.32
2023Q2,可隆-山西,马夹,73,153,25,234,432836.02,397,251,1865.12,524.23,869.08,1209.83,1524.37,1865.12,2205.87,2520.41,2966.0,1171.97,264.04
2023Q2,可隆-山西,软壳夹克,223,278,53,471,2224288.5,1140,554,2874.85,724.27,1498.74,1969.51,2404.07,2874.85,3345.62,3780.19,4395.82,2003.56,438.51
2023Q2,可隆-山西,配件,118,212,22,356,187187.62,577,352,416.62,80.74,263.23,315.7,364.15,416.62,469.1,517.54,586.17,323.02,86.31
2023Q2,可隆-山西,抓绒夹克,67,224,22,285,753229.11,553,313,1987.72,496.91,1043.58,1366.58,1664.73,1987.72,2310.72,2608.86,3031.24,1405.04,292.82
2023Q2,可隆-山西,防风夹克,312,148,46,350,1436690.7,860,506,2177.89,369.38,1476.06,1716.16,1937.8,2177.89,2417.99,2639.63,2953.6,1608.53,412.92
2023Q2,可隆-山西,其他,47,49,13,111,29250.67,167,109,304.75,49.83,210.07,242.46,272.36,304.75,337.15,367.05,409.4,173.68,41.38
2023Q2,可隆-山西,棉服,102,128,56,242,850426.89,503,286,2869.25,813.37,1323.84,1852.53,2340.56,2869.25,3397.94,3885.97,4577.33,1635.72,265.85
2023Q2,可隆-山西,连衣裙,28,32,12,56,121501.01,134,72,1733.27,432.98,910.61,1192.05,1451.84,1733.27,2014.71,2274.5,2642.54,964.27,201.39
2023Q2,可隆-山西,短裤,80,129,26,195,163160.2,294,235,727.1,216.44,315.86,456.55,586.41,727.1,867.78,997.65,1181.62,523.58,140.36
2023Q2,可隆-西北,防水夹克,141,141,28,313,661977.96,374,310,2785.54,478.83,1875.77,2187.01,2474.3,2785.54,3096.78,3384.07,3791.07,1791.39,257.65
2023Q2,可隆-西北,卫衣,250,176,23,383,585721.14,712,449,1088.7,153.2,797.62,897.2,989.12,1088.7,1188.28,1280.2,1410.42,792.16,182.3
2023Q2,可隆-西北,长袖T恤,93,150,53,232,289274.35,491,296,999.89,296.67,436.22,629.05,807.06,999.89,1192.73,1370.73,1622.89,566.61,95.7
2023Q2,可隆-西北,三合一夹克,204,295,17,429,2496359.71,726,516,4640.37,817.85,3086.46,3618.06,4108.77,4640.37,5171.97,5662.68,6357.85,3544.48,765.87
2023Q2,可隆-西北,POLO,127,170,49,315,284419.64,513,346,983.24,230.56,545.17,695.03,833.37,983.24,1133.11,1271.44,1467.42,624.1,98.6
2023Q2,可隆-西北,短袖T恤,111,331,25,386,310278.88,703,467,742.33,161.96,434.61,539.88,637.05,742.33,847.6,944.77,1082.44,456.33,110.1
2023Q2,可隆-西北,长裤,219,206,53,537,557885.75,669,478,1338.13,339.05,693.94,914.32,1117.75,1338.13,1558.51,1761.94,2050.14,880.33,206.08
2023Q2,可隆-西北,衬衫,115,168,20,229,500448.27,523,303,1179.77,354.29,506.62,736.91,949.48,1179.77,1410.06,1622.63,1923.77,977.77,131.89
2023Q2,可隆-西北,针织夹克,59,190,40,270,442384.08,500,289,1503.27,284.69,962.35,1147.4,1318.22,1503.27,1688.32,1859.14,2101.13,873.03,148.43
2023Q2,可隆-西北,羽绒服,231,168,63,401,2850125.4,822,462,4326.65,1077.78,2278.86,2979.42,3626.09,4326.65,5027.21,5673.88,6590.0,3431.92,698.93
2023Q2,可隆-西北,鞋,252,162,41,347,907387.02,694,455,1906.88,514.57,929.2,1263.67,1572.41,1906.88,2241.35,2550.09,2987.47,1344.22,163.58
2023Q2,可隆-西北,马夹,105,71,34,153,478295.48,335,210,1893.89,354.59,1220.17,1450.65,1663.41,1893.89,2124.37,2337.12,2638.52,1470.2,326.39
2023Q2,可隆-西北,软壳夹克,128,167,34,295,992083.56,534,329,2897.77,465.46,2013.4,2315.95,2595.22,2897.77,3200.32,3479.6,3875.24,1889.63,394.92
2023Q2,可隆-西北,配件,109,146,43,249,142140.06,399,298,468.92,124.12,233.1,313.77,388.24,468.92,549.6,624.07,729.57,373.05,84.73
2023Q2,可隆-西北,抓绒夹克,110,127,32,219,403056.24,427,269,1648.37,320.99,1038.49,1247.13,1439.73,1648.37,1857.02,2049.61,2322.46,919.68,234.87
2023Q2,可隆-西北,防风夹克,173,238,79,416,1515916.76,776,490,2370.17,514.11,1393.36,1727.53,2036.0,2370.17,2704.34,3012.81,3449.8,2025.75,515.37
2023Q2,可隆-西北,其他,37,63,11,103,25465.8,173,111,266.23,66.55,139.78,183.04,222.97,266.23,309.49,349.42,405.99,143.91,34.44
2023Q2,可隆-西北,棉服,140,175,66,332,1046813.99,712,381,2780.93,570.39,1697.19,2067.94,2410.17,2780.93,3151.68,3493.91,3978.75,1476.14,220.97
2023Q2,可隆-西北,连衣裙,28,30,11,61,169884.63,143,69,1430.15,313.55,834.4,1038.21,1226.34,1430.15,1633.96,1822.09,2088.61,1144.41,166.12
2023Q2,可隆-西北,短裤,96,116,33,266,252233.11,412,245,841.2,159.68,537.82,641.61,737.41,841.2,944.99,1040.8,1176.52,601.36,88.71
2023Q2,可隆-电商,防水夹克,543,713,328,1240,5582542.57,2148,1584,3786.45,918.56,2041.2,2638.26,3189.39,3786.45,4383.51,4934.65,5715.42,2595.13,722.87
2023Q2,可隆-电商,卫衣,340,548,131,848,1516928.91,1564,1019,1186.65,327.27,564.84,777.56,973.92,1186.65,1399.37,1595.73,1873.91,955.5,174.06
2023Q2,可隆-电商,长袖T恤,479,617,121,1379,916436.41,1537,1217,862.17,266.05,356.68,529.61,689.24,862.17,1035.1,1194.73,1420.87,613.29,113.99
2023Q2,可隆-电商,三合一夹克,205,189,83,479,1551453.02,763,477,3479.91,839.49,1884.88,2430.55,2934.24,3479.91,4025.58,4529.27,5242.83,2095.03,362.46
2023Q2,可隆-电商,POLO,278,360,88,698,966369.85,1414,726,956.59,189.81,595.95,719.33,833.22,956.59,1079.97,1193.86,1355.2,697.44,162.41
2023Q2,可隆-电商,短袖T恤,583,946,300,1491,1775022.12,3191,1829,753.72,149.89,468.92,566.35,656.29,753.72,851.14,941.08,1068.48,531.4,122.66
2023Q2,可隆-电商,长裤,360,580,29,1048,1272485.32,1426,969,1216.22,175.29,883.17,997.11,1102.28,1216.22,1330.16,1435.34,1584.33,954.89,259.39
2023Q2,可隆-电商,衬衫,280,448,117,718,1136545.34,1462,845,1184.17,248.82,711.41,873.15,1022.44,1184.17,1345.9,1495.2,1706.69,849.44,204.12
2023Q2,可隆-电商,针织夹克,206,330,106,557,1101341.11,877,642,1390.2,368.94,689.21,929.02,1150.39,1390.2,1630.01,1851.38,2164.98,1215.43,189.94
2023Q2,可隆-电商,羽绒服,244,411,96,667,2471470.9,1091,751,3482.04,1078.96,1432.01,2133.34,2780.72,3482.04,4183.37,4830.74,5747.86,2285.88,629.74
2023Q2,可隆-电商,鞋,434,350,100,822,2094183.11,1534,884,2005.12,641.06,787.12,1203.8,1588.44,2005.12,2421.81,2806.45,3351.34,1440.05,365.95
2023Q2,可隆-电商,马夹,146,314,62,400,1571074.47,1003,522,1915.99,425.04,1108.41,1384.69,1639.71,1915.99,2192.27,2447.3,2808.59,1535.74,245.26
2023Q2,可隆-电商,软壳夹克,473,845,280,1304,5549896.25,2165,1598,2673.01,845.21,1067.12,1616.5,2123.62,2673.01,3222.39,3729.51,4447.94,2380.67,651.24
2023Q2,可隆-电商,配件,297,378,136,647,303933.82,983,811,437.34,84.18,277.4,332.12,382.62,437.34,492.05,542.56,614.11,308.62,55.16
2023Q2,可隆-电商,抓绒夹克,212,373,78,610,1074963.23,805,663,1683.27,463.86,801.93,1103.44,1381.76,1683.27,1984.78,2263.09,2657.38,1460.37,266.61
2023Q2,可隆-电商,防风夹克,256,535,53,882,2520707.28,1533,844,2187.74,428.8,1373.02,1651.74,1909.02,2187.74,2466.46,2723.74,3088.22,1487.74,309.9
2023Q2,可隆-电商,其他,117,120,17,242,92566.4,409,254,352.08,52.28,252.74,286.73,318.1,352.08,386.07,417.44,461.88,232.05,39.11
2023Q2,可隆-电商,棉服,231,436,73,627,2579386.07,1334,740,2837.76,451.36,1980.18,2273.56,2544.37,2837.76,3131.14,3401.95,3785.6,2038.12,294.48
2023Q2,可隆-电商,连衣裙,68,88,22,189,243699.03,199,178,1669.01,457.12,800.47,1097.6,1371.88,1669.01,1966.14,2240.41,2628.97,1212.11,284.95
2023Q2,可隆-电商,短裤,382,284,70,592,804517.21,1169,736,811.1,198.14,434.63,563.43,682.31,811.1,939.9,1058.78,1227.21,704.17,140.82
2023Q2,可隆-新疆,防水夹克,172,198,50,313,1889061.72,675,420,3172.23,551.74,2123.92,2482.55,2813.6,3172.23,3530.86,3861.91,4330.89,2634.08,524.55
2023Q2,可隆-新疆,卫衣,122,183,49,300,529393.49,546,354,1265.86,297.76,700.12,893.66,1072.31,1265.86,1459.4,1638.05,1891.15,937.8,126.41
2023Q2,可隆-新疆,长袖T恤,192,198,63,345,570967.47,795,453,890.87,236.52,441.48,595.22,737.13,890.87,1044.6,1186.51,1387.55,712.0,195.82
2023Q2,可隆-新疆,三合一夹克,109,76,7,155,946139.71,271,192,4911.46,929.15,3146.08,3750.03,4307.52,4911.46,5515.41,6072.9,6862.68,3635.59,713.22
2023Q2,可隆-新疆,POLO,100,158,25,238,245310.34,461,283,892.13,171.5,566.27,677.75,780.65,892.13,1003.6,1106.51,1252.28,523.98,135.4
2023Q2,可隆-新疆,短袖T恤,283,187,90,367,422867.97,1215,560,639.75,180.83,296.17,413.71,522.21,639.75,757.29,865.78,1019.49,348.17,69.98
2023Q2,可隆-新疆,长裤,134,206,34,348,550840.45,565,374,1452.49,413.33,667.16,935.82,1183.82,1452.49,1721.15,1969.15,2320.48,989.23,161.92
2023Q2,可隆-新疆,衬衫,78,156,19,212,380028.26,413,253,1014.37,314.94,415.99,620.7,809.66,1014.37,1219.08,1408.04,1675.74,839.38,167.64
2023Q2,可隆-新疆,针织夹克,44,43,8,74,120495.51,129,95,1441.06,419.02,644.93,917.29,1168.7,1441.06,1713.42,1964.83,2321.0,944.17,153.35
2023Q2,可隆-新疆,羽绒服,111,150,57,345,1384711.19,475,318,3426.3,780.21,1943.89,2451.03,2919.16,3426.3,3933.44,4401.57,5064.75,2888.43,733.87
2023Q2,可隆-新疆,鞋,90,77,30,178,428344.95,284,197,2341.84,631.58,1141.84,1552.36,1931.32,2341.84,2752.37,3131.33,3668.17,1474.51,388.01
2023Q2,可隆-新疆,马夹,53,65,19,142,365074.52,229,137,2075.55,617.18,902.91,1304.08,1674.38,2075.55,2476.71,2847.02,3371.62,1547.69,365.87
2023Q2,可隆-新疆,软壳夹克,125,119,34,281,770454.62,477,278,2217.61,345.04,1562.03,1786.31,1993.33,2217.61,2441.89,2648.91,2942.2,1646.85,268.23
2023Q2,可隆-新疆,配件,72,77,21,160,109046.53,309,170,427.74,125.48,189.34,270.9,346.18,427.74,509.3,584.59,691.24,329.56,89.84
2023Q2,可隆-新疆,抓绒夹克,48,111,23,140,285951.47,295,182,1172.98,332.21,541.78,757.71,957.04,1172.98,1388.92,1588.24,1870.62,926.19,141.03
2023Q2,可隆-新疆,防风夹克,89,139,47,283,664466.12,423,275,2366.09,680.33,1073.45,1515.67,1923.87,2366.09,2808.3,3216.51,3794.79,1547.34,244.32
2023Q2,可隆-新疆,其他,20,56,5,69,31414.81,125,81,286.55,86.95,121.34,177.86,230.03,286.55,343.07,395.24,469.15,250.0,68.0
2023Q2,可隆-新疆,棉服,103,59,14,165,605600.48,240,176,3307.85,875.32,1644.74,2213.7,2738.89,3307.85,3876.81,4402.01,5146.03,2593.91,568.87
2023Q2,可隆-新疆,连衣裙,31,24,7,51,94361.72,100,62,1415.74,301.03,843.79,1039.46,1220.07,1415.74,1611.42,1792.03,2047.91,1003.01,235.42
2023Q2,可隆-新疆,短裤,104,108,27,175,316539.79,413,239,922.47,155.17,627.65,728.51,821.61,922.47,1023.33,1116.44,1248.33,771.28,161.27
2023Q2,可隆-青海,防水夹克,47,104,11,143,487162.42,240,162,2786.53,573.11,1697.62,2070.14,2414.01,2786.53,3159.05,3502.91,3990.06,2039.59,275.66
2023Q2,可隆-青海,卫衣,54,88,24,144,186544.07,249,166,1106.95,351.77,438.58,667.23,878.3,1106.95,1335.6,1546.66,1845.67,755.89,141.88
2023Q2,可隆-青海,长袖T恤,97,96,31,202,148803.35,301,224,853.84,230.19,416.47,566.1,704.21,853.84,1003.46,1141.58,1337.24,566.96,124.38
2023Q2,可隆-青海,三合一夹克,29,43,11,95,403202.7,133,83,4682.89,806.3,3150.91,3675.01,4158.79,4682.89,5206.99,5690.77,6376.13,3326.31,913.36
2023Q2,可隆-青海,POLO,34,67,28,132,107337.26,194,129,888.5,257.01,400.18,567.23,721.44,888.5,1055.56,1209.77,1428.23,566.08,98.9
2023Q2,可隆-青海,短袖T恤,53,100,25,146,158041.28,284,178,778.86,233.29,335.61,487.25,627.22,778.86,930.5,1070.47,1268.77,553.77,153.05
2023Q2,可隆-青海,长裤,103,126,31,219,393699.14,369,260,1442.94,452.4,583.38,877.44,1148.88,1442.94,1737.01,2008.45,2392.99,1089.85,152.79
2023Q2,可隆-青海,衬衫,34,38,11,65,105526.43,142,83,1089.19,332.39,457.65,673.7,873.14,1089.19,1305.24,1504.67,1787.2,743.08,200.09
2023Q2,可隆-青海,针织夹克,32,40,14,81,173354.06,176,86,1549.58,388.68,811.08,1063.73,1296.94,1549.58,1802.23,2035.44,2365.82,975.93,258.47
2023Q2,可隆-青海,羽绒服,21,39,10,77,225090.76,88,70,3773.93,805.07,2244.3,2767.59,3250.64,3773.93,4297.23,4780.28,5464.59,2650.04,459.62
2023Q2,可隆-青海,鞋,47,87,15,124,262435.1,223,149,2060.48,337.52,1419.19,1638.58,1841.09,2060.48,2279.87,2482.38,2769.27,1155.61,174.55
2023Q2,可隆-青海,马夹,21,27,8,48,156501.63,105,56,2020.52,512.86,1046.08,1379.44,1687.16,2020.52,2353.88,2661.6,3097.53,1437.43,259.59
2023Q2,可隆-青海,软壳夹克,73,136,29,181,499287.92,384,238,2513.64,687.23,1207.91,1654.61,2066.95,2513.64,2960.34,3372.67,3956.81,1466.73,273.03
2023Q2,可隆-青海,配件,36,45,7,80,22326.28,120,88,366.58,59.56,253.41,292.13,327.86,366.58,405.29,441.03,491.66,202.21,37.16
2023Q2,可隆-青海,抓绒夹克,35,65,16,90,213036.49,180,116,1654.32,439.53,819.21,1104.9,1368.62,1654.32,1940.01,2203.73,2577.34,1208.71,216.92
2023Q2,可隆-青海,防风夹克,38,127,19,160,378571.45,302,184,2026.9,533.74,1012.79,1359.72,1679.97,2026.9,2373.83,2694.08,3147.76,1176.67,258.23
2023Q2,可隆-青海,其他,6,7,1,12,4087.1,19,14,252.91,47.56,162.54,193.46,221.99,252.91,283.82,312.36,352.78,210.91,44.62
2023Q2,可隆-青海,棉服,48,45,19,105,353787.49,175,112,3004.97,528.97,1999.93,2343.76,2661.14,3004.97,3348.8,3666.19,4115.81,2031.35,341.58
2023Q2,可隆-青海,连衣裙,5,5,1,10,17874.64,18,11,1450.73,422.19,648.57,922.99,1176.31,1450.73,1725.16,1978.47,2337.33,966.75,123.36
2023Q2,可隆-青海,短裤,30,45,8,61,73631.46,134,83,821.08,235.52,373.59,526.67,667.99,821.08,974.17,1115.48,1315.67,529.91,90.0
2023Q2,可隆-线下山,防水夹克,261,354,19,562,2065606.63,999,634,3102.2,570.45,2018.35,2389.14,2731.41,3102.2,3472.99,3815.26,4300.14,2273.38,444.81
2023Q2,可隆-线下山,卫衣,46,235,26,348,454727.12,461,307,1411.45,214.66,1003.6,1143.13,1271.92,1411.45,1550.98,1679.78,1862.24,991.72,218.62
2023Q2,可隆-线下山,长袖T恤,185,166,57,343,422378.65,621,408,871.97,136.02,613.52,701.94,783.55,871.97,960.38,1042.0,1157.62,691.8,151.58
2023Q2,可隆-线下山,三合一夹克,147,177,29,289,1427866.15,501,353,4212.64,755.02,2778.1,3268.86,3721.87,4212.64,4703.4,5156.41,5798.17,2869.1,414.77
2023Q2,可隆-线下山,POLO,82,161,37,234,337413.89,396,280,1120.35,349.07,457.11,684.01,893.46,1120.35,1347.25,1556.7,1853.41,879.57,215.12
2023Q2,可隆-线下山,短袖T恤,206,154,68,371,435082.15,721,428,816.29,127.06,574.88,657.47,733.7,816.29,898.88,975.11,1083.11,591.53,73.05
2023Q2,可隆-线下山,长裤,105,181,35,305,402641.05,403,321,1432.13,238.18,979.58,1134.4,1277.31,1432.13,1586.95,1729.86,1932.31,1070.82,180.35
2023Q2,可隆-线下山,衬衫,77,170,17,216,243610.57,328,264,1076.97,202.96,691.34,823.27,945.04,1076.97,1208.89,1330.67,1503.18,747.32,207.41
2023Q2,可隆-线下山,针织夹克,75,87,5,124,247606.22,191,167,1767.95,280.51,1234.99,1417.32,1585.62,1767.95,1950.28,2118.58,2357.01,1217.8,200.1
2023Q2,可隆-线下山,羽绒服,90,155,44,265,964891.28,401,289,3774.08,966.18,1938.34,2566.35,3146.06,3774.08,4402.09,4981.8,5803.05,2446.45,470.06
2023Q2,可隆-线下山,鞋,138,105,31,249,618581.71,415,274,2289.98,536.1,1271.39,1619.85,1941.51,2289.98,2638.45,2960.11,3415.8,1459.38,348.38
2023Q2,可隆-线下山,马夹,110,92,19,223,473388.2,353,221,1656.18,451.35,798.62,1092.0,1362.8,1656.18,1949.55,2220.36,2604.0,1373.21,379.25
2023Q2,可隆-线下山,软壳夹克,196,168,44,343,1023427.79,722,408,2469.88,526.61,1469.32,1811.62,2127.59,2469.88,2812.18,3128.15,3575.77,1529.01,218.73
2023Q2,可隆-线下山,配件,84,136,15,286,162691.37,499,235,439.92,118.01,215.7,292.41,363.21,439.92,516.62,587.43,687.74,321.55,62.64
2023Q2,可隆-线下山,抓绒夹克,107,119,22,254,519214.8,359,248,1651.74,325.56,1033.18,1244.79,1440.13,1651.74,1863.35,2058.69,2335.41,1460.02,381.0
2023Q2,可隆-线下山,防风夹克,118,249,58,322,929038.14,671,425,2227.83,670.15,954.54,1390.14,1792.23,2227.83,2663.43,3065.52,3635.15,1509.78,338.49
2023Q2,可隆-线下山,其他,27,16,8,57,14736.75,61,51,273.43,55.49,167.99,204.06,237.36,273.43,309.5,342.8,389.97,231.28,37.06
2023Q2,可隆-线下山,棉服,60,124,29,190,804940.24,320,213,3322.31,533.09,2309.43,2655.95,2975.8,3322.31,3668.82,3988.68,4441.81,2358.48,364.89
2023Q2,可隆-线下山,连衣裙,24,22,8,50,96233.88,93,54,1617.59,263.62,1116.7,1288.06,1446.23,1617.59,1788.94,1947.11,2171.19,1072.38,237.89
2023Q2,可隆-线下山,短裤,124,127,33,230,196874.45,324,284,774.59,236.23,325.75,479.3,621.04,774.59,928.14,1069.88,1270.68,575.54,76.89
2023Q3,可隆-东北,防水夹克,405,647,136,984,4051064.19,1735,1188,3641.01,1146.38,1462.89,2208.03,2895.86,3641.01,4386.16,5073.99,6048.41,2298.58,517.32
2023Q3,可隆-东北,卫衣,201,255,82,498,752038.87,719,538,1324.26,228.15,890.78,1039.08,1175.97,1324.26,1472.56,1609.45,1803.37,995.77,215.35
2023Q3,可隆-东北,长袖T恤,267,446,115,772,679579.48,1208,828,785.59,234.13,340.74,492.92,633.4,785.59,937.77,1078.25,1277.26,547.64,85.47
2023Q3,可隆-东北,三合一夹克,143,82,35,251,1421974.51,427,260,5027.51,1378.11,2409.1,3304.87,4131.74,5027.51,5923.29,6750.16,7921.55,3869.36,599.1
2023Q3,可隆-东北,POLO,176,379,55,513,523783.58,693,610,972.04,244.0,508.44,667.04,813.44,972.04,1130.64,1277.04,1484.45,789.09,158.74
2023Q3,可隆-东北,短袖T恤,259,464,56,637,580810.67,1300,779,687.11,119.84,459.41,537.31,609.21,687.11,765.01,836.91,938.78,443.75,72.73
2023Q3,可隆-东北,长裤,379,559,72,838,1597910.1,1530,1010,1331.76,276.97,805.51,985.54,1151.73,1331.76,1511.79,1677.97,1913.39,1009.51,207.59
2023Q3,可隆-东北,衬衫,264,140,81,383,623720.63,764,485,1000.43,267.65,491.9,665.87,826.46,1000.43,1174.4,1334.99,1562.5,810.54,156.4
2023Q3,可隆-东北,针织夹克,142,119,45,260,328154.51,472,306,1361.17,390.25,619.69,873.36,1107.51,1361.17,1614.84,1848.99,2180.7,748.09,103.2
2023Q3,可隆-东北,羽绒服,316,312,82,527,2655371.34,989,710,3556.09,763.12,2106.15,2602.18,3060.06,3556.09,4052.12,4509.99,5158.64,2545.88,570.18
2023Q3,可隆-东北,鞋,81,139,43,306,695303.49,478,263,2298.93,572.86,1210.5,1582.86,1926.57,2298.93,2671.29,3015.01,3501.94,1517.75,359.94
2023Q3,可隆-东北,马夹,122,162,29,268,719323.35,443,313,1886.57,297.13,1322.02,1515.15,1693.43,1886.57,2079.71,2257.99,2510.55,1631.55,313.63
2023Q3,可隆-东北,软壳夹克,183,317,75,623,1624777.43,971,575,2351.92,532.5,1340.17,1686.3,2005.8,2351.92,2698.05,3017.55,3470.17,1702.09,412.71
2023Q3,可隆-东北,配件,271,255,113,570,392382.17,1035,639,466.06,140.3,199.5,290.69,374.87,466.06,557.26,641.44,760.69,369.31,67.78
2023Q3,可隆-东北,抓绒夹克,202,172,40,396,696146.83,567,414,1826.94,268.24,1317.29,1491.65,1652.59,1826.94,2001.3,2162.24,2390.25,1179.55,173.19
2023Q3,可隆-东北,防风夹克,221,462,157,703,2043572.89,954,840,2743.85,806.14,1212.18,1736.17,2219.85,2743.85,3267.84,3751.52,4436.74,2188.98,476.96
2023Q3,可隆-东北,其他,69,139,16,189,61311.43,274,224,273.5,45.75,186.57,216.31,243.76,273.5,303.24,330.69,369.58,218.69,30.69
2023Q3,可隆-东北,棉服,124,177,30,310,1069843.89,473,331,2710.55,583.45,1601.99,1981.23,2331.31,2710.55,3089.79,3439.87,3935.8,2177.96,504.72
2023Q3,可隆-东北,连衣裙,58,39,8,93,177146.03,165,105,1485.33,416.94,693.14,964.15,1214.32,1485.33,1756.35,2006.51,2360.92,1014.99,233.78
2023Q3,可隆-东北,短裤,206,167,84,342,582114.55,921,457,909.84,195.44,538.51,665.54,782.81,909.84,1036.87,1154.13,1320.26,606.36,157.6
2023Q3,可隆-华东,防水夹克,319,585,150,999,3853343.64,1742,1054,3138.15,635.94,1929.86,2343.23,2724.79,3138.15,3551.51,3933.08,4473.63,2379.84,530.6
2023Q3,可隆-华东,卫衣,506,339,99,788,1630188.95,1482,944,1221.39,177.78,883.61,999.16,1105.83,1221.39,1336.94,1443.61,1594.72,1096.49,170.63
2023Q3,可隆-华东,长袖T恤,191,501,69,780,596736.34,906,761,870.6,138.34,607.74,697.67,780.67,870.6,960.52,1043.52,1161.12,621.94,141.49
2023Q3,可隆-华东,三合一夹克,223,185,87,411,2637611.08,809,495,3721.95,1125.45,1583.59,2315.13,2990.4,3721.95,4453.49,5128.76,6085.4,2993.77,372.14
2023Q3,可隆-华东,POLO,300,475,92,699,1066899.54,1392,867,1068.55,302.83,493.17,690.01,871.71,1068.55,1265.39,1447.08,1704.49,801.06,152.71
2023Q3,可隆-华东,短袖T恤,591,314,224,891,839542.23,1777,1129,666.86,180.57,323.78,441.15,549.49,666.86,784.23,892.58,1046.06,491.88,88.06
2023Q3,可隆-华东,长裤,358,658,138,928,2052792.55,2025,1154,1342.63,317.69,739.01,945.51,1136.13,1342.63,1549.13,1739.74,2009.78,1048.45,248.21
2023Q3,可隆-华东,衬衫,227,371,73,519,676001.69,894,671,1006.51,157.01,708.2,810.25,904.46,1006.51,1108.57,1202.77,1336.23,773.13,185.51
2023Q3,可隆-华东,针织夹克,106,217,41,342,566288.1,543,364,1334.56,393.77,586.4,842.35,1078.61,1334.56,1590.51,1826.77,2161.47,1037.14,261.41
2023Q3,可隆-华东,羽绒服,312,982,78,983,6499305.59,2257,1372,3710.61,1033.97,1746.06,2418.14,3038.53,3710.61,4382.69,5003.08,5881.96,2799.66,727.9
2023Q3,可隆-华东,鞋,277,499,140,737,3002456.99,1681,916,2549.32,583.35,1440.95,1820.13,2170.14,2549.32,2928.5,3278.51,3774.36,1902.91,280.59
2023Q3,可隆-华东,马夹,180,270,52,399,1035991.4,803,502,1987.76,434.11,1162.96,1445.13,1705.59,1987.76,2269.93,2530.4,2899.39,1301.48,342.27
2023Q3,可隆-华东,软壳夹克,358,247,74,797,2331707.21,1242,679,2705.13,775.81,1231.1,1735.37,2200.85,2705.13,3209.4,3674.88,4334.32,1919.34,447.61
2023Q3,可隆-华东,配件,173,450,96,545,268244.69,1137,719,385.92,112.8,171.6,244.92,312.6,385.92,459.24,526.92,622.8,247.26,30.02
2023Q3,可隆-华东,抓绒夹克,120,135,37,269,493523.3,393,292,1537.22,376.38,822.1,1066.75,1292.58,1537.22,1781.87,2007.7,2327.63,1240.43,325.66
2023Q3,可隆-华东,防风夹克,340,543,111,757,2852154.5,1822,994,2136.03,629.16,940.63,1349.58,1727.08,2136.03,2544.98,2922.47,3457.25,1502.35,389.32
2023Q3,可隆-华东,其他,86,71,22,138,65282.22,306,179,265.87,61.3,149.41,189.25,226.03,265.87,305.72,342.49,394.6,203.13,45.36
2023Q3,可隆-华东,棉服,135,135,40,304,913511.41,460,310,2940.33,709.84,1591.63,2053.03,2478.93,2940.33,3401.72,3827.62,4430.99,1985.63,465.62
2023Q3,可隆-华东,连衣裙,49,114,5,130,350981.23,279,168,1528.44,254.35,1045.18,1210.5,1363.11,1528.44,1693.77,1846.38,2062.58,1206.08,293.2
2023Q3,可隆-华东,短裤,174,173,74,371,553633.58,777,421,847.54,227.24,415.78,563.49,699.83,847.54,995.25,1131.59,1324.74,636.04,138.14
2023Q3,可隆-华北,防水夹克,508,300,107,818,2177722.67,1023,915,3293.97,734.28,1898.85,2376.13,2816.69,3293.97,3771.25,4211.82,4835.95,2086.18,329.77
2023Q3,可隆-华北,卫衣,584,373,82,760,988896.46,1236,1039,1222.47,185.54,869.95,990.55,1101.87,1222.47,1343.07,1454.4,1612.11,818.41,219.19
2023Q3,可隆-华北,长袖T恤,243,374,88,537,663928.64,1134,705,994.49,289.74,443.98,632.32,806.16,994.49,1182.82,1356.66,1602.94,598.43,89.54
2023Q3,可隆-华北,三合一夹克,174,171,38,368,1748205.98,631,383,4202.33,630.81,3003.79,3413.82,3792.3,4202.33,4612.36,4990.85,5527.04,2849.88,455.88
2023Q3,可隆-华北,POLO,269,376,127,652,849233.87,1345,772,1025.52,319.08,419.26,626.66,818.11,1025.52,1232.92,1424.37,1695.59,688.14,188.44
2023Q3,可隆-华北,短袖T恤,462,385,160,690,1024262.75,1407,1007,869.27,171.66,543.12,654.69,757.69,869.27,980.84,1083.84,1229.75,736.53,130.07
2023Q3,可隆-华北,长裤,227,330,58,750,787007.82,962,615,1263.75,201.58,880.75,1011.78,1132.73,1263.75,1394.78,1515.72,1687.06,801.18,181.75
2023Q3,可隆-华北,衬衫,163,249,55,475,674570.24,794,467,1118.55,269.83,605.87,781.26,943.16,1118.55,1293.94,1455.84,1685.19,828.79,129.21
2023Q3,可隆-华北,针织夹克,252,270,57,480,1041423.85,1043,579,1598.6,287.48,1052.39,1239.25,1411.74,1598.6,1785.46,1957.95,2202.31,1078.79,159.88
2023Q3,可隆-华北,羽绒服,269,487,80,786,2826217.77,1207,836,3596.36,600.84,2454.77,2845.31,3205.82,3596.36,3986.91,4347.41,4858.13,2221.1,476.15
2023Q3,可隆-华北,鞋,238,149,82,429,900980.61,690,469,2017.58,555.56,962.02,1323.13,1656.47,2017.58,2378.7,2712.04,3184.26,1305.81,206.67
2023Q3,可隆-华北,马夹,190,273,65,497,1044807.77,790,528,1838.8,318.45,1233.75,1440.74,1631.81,1838.8,2045.79,2236.86,2507.54,1323.51,295.8
2023Q3,可隆-华北,软壳夹克,356,461,121,840,3078323.03,1642,938,2675.49,800.52,1154.5,1674.84,2155.15,2675.49,3195.83,3676.15,4356.59,1892.52,305.88
2023Q3,可隆-华北,配件,201,308,90,473,317279.71,1142,599,397.18,112.87,182.74,256.1,323.82,397.18,470.55,538.27,634.2,307.15,41.3
2023Q3,可隆-华北,抓绒夹克,126,155,29,297,524702.43,450,310,1811.63,303.73,1234.55,1431.97,1614.21,1811.63,2009.06,2191.29,2449.46,1169.17,302.46
2023Q3,可隆-华北,防风夹克,366,329,127,920,2309571.71,1446,822,2268.08,701.78,934.69,1390.85,1811.92,2268.08,2724.24,3145.31,3741.82,1675.89,331.59
2023Q3,可隆-华北,其他,49,79,16,152,49350.93,265,144,308.45,84.87,147.19,202.36,253.28,308.45,363.61,414.54,486.68,196.2,25.65
2023Q3,可隆-华北,棉服,147,130,37,308,899853.92,457,314,3356.37,544.67,2321.51,2675.54,3002.34,3356.37,3710.41,4037.21,4500.17,2043.84,554.99
2023Q3,可隆-华北,连衣裙,52,44,18,95,162695.91,163,114,1438.13,225.11,1010.41,1156.74,1291.8,1438.13,1584.45,1719.52,1910.87,1068.2,252.11
2023Q3,可隆-华北,短裤,200,208,82,344,449386.08,912,490,691.92,197.71,316.27,444.78,563.41,691.92,820.43,939.06,1107.11,480.71,76.66
2023Q3,可隆-华南,防水夹克,425,771,153,1291,4862018.87,2038,1349,3135.08,644.59,1910.35,2329.33,2716.09,3135.08,3554.06,3940.82,4488.72,2496.59,593.78
2023Q3,可隆-华南,卫衣,164,273,64,502,441701.35,655,501,1099.62,169.05,778.43,888.31,989.74,1099.62,1209.5,1310.93,1454.61,693.58,185.97
2023Q3,可隆-华南,长袖T恤,247,388,69,557,659501.9,1069,704,985.11,238.22,532.49,687.33,830.26,985.11,1139.95,1282.88,1485.37,618.46,97.16
2023Q3,可隆-华南,三合一夹克,252,192,42,429,1466809.81,626,486,3648.41,619.45,2471.47,2874.1,3245.77,3648.41,4051.05,4422.72,4949.25,2397.08,486.03
2023Q3,可隆-华南,POLO,124,200,53,393,375278.59,558,377,1005.83,274.02,485.19,663.3,827.72,1005.83,1183.94,1348.35,1581.27,661.25,89.53
2023Q3,可隆-华南,短袖T恤,363,426,156,856,963635.23,1348,945,853.88,255.39,368.64,534.64,687.88,853.88,1019.89,1173.12,1390.21,740.54,169.77
2023Q3,可隆-华南,长裤,328,323,116,716,1000569.19,1253,767,1349.25,268.33,839.43,1013.84,1174.84,1349.25,1523.66,1684.65,1912.73,840.11,200.13
2023Q3,可隆-华南,衬衫,265,255,83,499,778000.43,968,603,1140.35,278.74,610.75,791.93,959.17,1140.35,1321.53,1488.78,1725.7,864.42,134.63
2023Q3,可隆-华南,针织夹克,331,294,21,472,1306687.56,1013,646,1582.16,485.35,660.0,975.47,1266.68,1582.16,1897.64,2188.85,2601.39,1203.26,302.82
2023Q3,可隆-华南,羽绒服,292,323,77,557,2250170.26,1064,692,3407.05,1025.53,1458.54,2125.14,2740.46,3407.05,4073.65,4688.97,5560.68,2157.08,341.98
2023Q3,可隆-华南,鞋,133,414,58,459,1888542.77,794,605,2339.23,386.72,1604.46,1855.83,2087.86,2339.23,2590.59,2822.62,3151.33,2217.37,418.44
2023Q3,可隆-华南,马夹,68,166,32,221,629450.71,471,266,1802.74,380.11,1080.54,1327.61,1555.67,1802.74,2049.81,2277.88,2600.97,1325.87,345.87
2023Q3,可隆-华南,软壳夹克,248,289,79,566,2161600.63,1037,616,2840.51,592.75,1714.28,2099.57,2455.22,2840.51,3225.8,3581.45,4085.29,2199.1,387.01
2023Q3,可隆-华南,配件,182,308,101,469,330578.75,1052,591,459.76,92.85,283.34,343.69,399.4,459.76,520.11,575.82,654.74,321.07,65.05
2023Q3,可隆-华南,抓绒夹克,160,143,44,255,732074.92,555,347,1696.94,475.0,794.45,1103.19,1388.19,1696.94,2005.69,2290.69,2694.43,1428.98,250.6
2023Q3,可隆-华南,防风夹克,179,179,39,311,1075004.0,646,397,2531.14,755.74,1095.24,1586.47,2039.91,2531.14,3022.37,3475.81,4118.19,1730.21,219.6
2023Q3,可隆-华南,其他,54,100,12,141,48820.37,239,166,298.06,58.86,186.23,224.49,259.8,298.06,336.32,371.64,421.67,208.91,51.83
2023Q3,可隆-华南,棉服,259,220,108,567,1706929.26,722,587,2896.23,467.14,2008.66,2312.3,2592.59,2896.23,3199.88,3480.16,3877.24,2284.09,496.31
2023Q3,可隆-华南,连衣裙,72,94,10,141,353705.63,279,176,1551.47,417.71,757.82,1029.33,1279.95,1551.47,1822.98,2073.6,2428.66,1241.06,209.14
2023Q3,可隆-华南,短裤,95,85,39,224,163291.1,310,219,754.88,231.79,314.47,465.14,604.22,754.88,905.55,1044.62,1241.65,516.1,118.75
2023Q3,可隆-华西,防水夹克,610,594,98,969,5959038.99,2400,1302,3647.17,884.12,1967.34,2542.02,3072.49,3647.17,4221.85,4752.32,5503.83,2579.92,404.46
2023Q3,可隆-华西,卫衣,261,221,100,538,740622.95,898,582,1188.75,337.17,548.12,767.28,969.58,1188.75,1407.91,1610.22,1896.81,795.48,160.28
2023Q3,可隆-华西,长袖T恤,282,279,95,635,723798.13,1134,656,920.68,134.69,664.78,752.32,833.14,920.68,1008.23,1089.04,1203.53,630.88,135.15
2023Q3,可隆-华西,三合一夹克,145,118,36,277,988887.77,431,299,3821.48,778.96,2341.47,2847.79,3315.16,3821.48,4327.8,4795.18,5457.29,2219.24,531.86
2023Q3,可隆-华西,POLO,225,226,60,403,449100.45,782,511,928.79,171.63,602.7,714.26,817.23,928.79,1040.34,1143.32,1289.2,651.95,84.05
2023Q3,可隆-华西,短袖T恤,339,255,95,826,756692.13,980,689,850.61,199.48,471.59,601.25,720.94,850.61,980.27,1099.96,1269.52,722.88,128.77
2023Q3,可隆-华西,长裤,268,307,129,596,1152975.03,1094,704,1358.93,201.74,975.62,1106.75,1227.8,1358.93,1490.06,1611.11,1782.58,1021.9,217.8
2023Q3,可隆-华西,衬衫,97,221,72,442,449778.09,559,390,1196.21,229.23,760.68,909.68,1047.22,1196.21,1345.21,1482.75,1677.59,861.31,122.26
2023Q3,可隆-华西,针织夹克,105,176,38,299,619134.66,650,319,1418.68,287.83,871.8,1058.89,1231.59,1418.68,1605.77,1778.47,2023.12,979.03,225.34
2023Q3,可隆-华西,羽绒服,190,303,33,508,2268458.34,849,526,3319.94,775.72,1846.08,2350.29,2815.72,3319.94,3824.15,4289.58,4948.94,2459.29,380.57
2023Q3,可隆-华西,鞋,156,234,46,372,1212340.85,703,436,2542.64,448.94,1689.67,1981.47,2250.84,2542.64,2834.45,3103.81,3485.41,1829.95,280.7
2023Q3,可隆-华西,马夹,111,152,45,275,594492.85,351,308,1996.35,504.03,1038.7,1366.32,1668.74,1996.35,2323.97,2626.39,3054.81,1579.87,374.39
2023Q3,可隆-华西,软壳夹克,223,265,73,483,1758393.82,882,561,2608.69,480.17,1696.37,2008.48,2296.58,2608.69,2920.8,3208.9,3617.04,1922.45,363.12
2023Q3,可隆-华西,配件,117,187,33,365,162371.97,524,337,438.12,123.22,204.01,284.1,358.03,438.12,518.21,592.14,696.87,310.01,67.18
2023Q3,可隆-华西,抓绒夹克,111,230,45,273,656280.31,509,386,1799.47,504.86,840.23,1168.39,1471.31,1799.47,2127.63,2430.55,2859.68,1462.31,334.55
2023Q3,可隆-华西,防风夹克,170,297,50,468,1295935.04,770,517,2293.99,724.97,916.55,1387.78,1822.76,2293.99,2765.22,3200.2,3816.43,1588.46,252.48
2023Q3,可隆-华西,其他,62,89,18,149,55662.33,269,169,285.85,40.81,208.3,234.83,259.32,285.85,312.38,336.87,371.56,217.38,52.06
2023Q3,可隆-华西,棉服,183,244,73,411,1719702.42,830,500,2897.97,563.18,1827.93,2194.0,2531.91,2897.97,3264.04,3601.94,4080.64,2176.54,350.04
2023Q3,可隆-华西,连衣裙,40,30,11,77,133028.36,121,81,1517.96,217.12,1105.43,1246.56,1376.83,1517.96,1659.08,1789.35,1973.9,1084.67,237.67
2023Q3,可隆-华西,短裤,58,84,24,151,213228.5,298,166,816.54,257.77,326.77,494.32,648.99,816.54,984.09,1138.76,1357.86,676.56,114.54
2023Q3,可隆-安徽,防水夹克,365,299,100,622,2156439.61,972,764,3752.61,1084.22,1692.59,2397.33,3047.87,3752.61,4457.36,5107.89,6029.48,2464.3,486.31
2023Q3,可隆-安徽,卫衣,179,95,32,322,395916.91,476,306,1103.04,285.76,560.09,745.84,917.29,1103.04,1288.78,1460.24,1703.13,870.47,233.4
2023Q3,可隆-安徽,长袖T恤,340,378,92,730,696058.85,1166,810,838.37,262.73,339.17,509.95,667.59,838.37,1009.14,1166.78,1390.11,550.75,76.69
2023Q3,可隆-安徽,三合一夹克,109,104,26,211,1239487.74,426,239,3906.23,1035.22,1939.31,2612.2,3233.34,3906.23,4579.13,5200.26,6080.2,3010.12,608.85
2023Q3,可隆-安徽,POLO,191,174,64,381,526148.29,624,429,1121.04,217.19,708.38,849.55,979.87,1121.04,1262.22,1392.54,1577.15,860.01,239.91
2023Q3,可隆-安徽,短袖T恤,232,322,79,529,691274.58,974,633,842.33,263.28,342.1,513.23,671.2,842.33,1013.46,1171.43,1395.22,691.34,83.27
2023Q3,可隆-安徽,长裤,322,265,112,547,1249721.4,1172,699,1587.79,227.87,1154.84,1302.96,1439.68,1587.79,1735.9,1872.62,2066.31,1074.66,229.86
2023Q3,可隆-安徽,衬衫,87,76,14,151,161261.3,224,177,1161.45,348.37,499.55,725.99,935.01,1161.45,1387.89,1596.91,1893.02,763.27,206.55
2023Q3,可隆-安徽,针织夹克,88,102,34,216,360568.16,303,224,1453.06,351.34,785.53,1013.89,1224.7,1453.06,1681.43,1892.23,2190.87,1108.89,209.16
2023Q3,可隆-安徽,羽绒服,264,187,39,468,1815117.33,797,490,3412.81,861.09,1776.74,2336.45,2853.1,3412.81,3972.52,4489.17,5221.1,2249.93,387.05
2023Q3,可隆-安徽,鞋,220,351,88,480,1755803.96,1064,659,2141.1,422.68,1338.01,1612.75,1866.36,2141.1,2415.84,2669.45,3028.72,1664.6,337.44
2023Q3,可隆-安徽,马夹,63,151,19,245,369302.19,359,233,1638.45,328.92,1013.5,1227.3,1424.65,1638.45,1852.25,2049.6,2329.18,1089.0,293.69
2023Q3,可隆-安徽,软壳夹克,148,153,69,326,1337362.3,571,370,2902.04,720.78,1532.55,2001.06,2433.53,2902.04,3370.55,3803.02,4415.68,2293.36,432.57
2023Q3,可隆-安徽,配件,92,137,49,209,95092.13,455,278,347.07,64.83,223.89,266.03,304.93,347.07,389.21,428.11,483.22,216.34,53.84
2023Q3,可隆-安徽,抓绒夹克,138,90,36,224,293014.44,355,264,1449.24,432.86,626.8,908.16,1167.88,1449.24,1730.6,1990.31,2358.24,901.05,166.97
2023Q3,可隆-安徽,防风夹克,172,189,79,309,1473510.95,750,440,2362.23,734.9,965.93,1443.61,1884.55,2362.23,2839.92,3280.85,3905.52,1840.29,250.26
2023Q3,可隆-安徽,其他,33,54,10,81,29048.35,129,97,292.31,63.41,171.84,213.05,251.1,292.31,333.52,371.57,425.46,222.75,37.0
2023Q3,可隆-安徽,棉服,167,135,57,297,1933924.09,624,359,3127.35,792.62,1621.36,2136.57,2612.14,3127.35,3642.55,4118.13,4791.86,2921.32,510.17
2023Q3,可隆-安徽,连衣裙,25,37,10,68,99111.4,129,72,1312.41,259.0,820.31,988.66,1144.06,1312.41,1480.76,1636.16,1856.31,773.53,196.84
2023Q3,可隆-安徽,短裤,66,116,25,195,210775.43,299,207,819.64,208.25,423.97,559.33,684.28,819.64,955.0,1079.95,1256.96,656.65,106.92
2023Q3,可隆-山西,防水夹克,319,341,103,571,2089545.18,894,763,3132.46,856.4,1505.3,2061.96,2575.8,3132.46,3689.13,4202.97,4930.91,2340.37,313.51
2023Q3,可隆-山西,卫衣,194,383,30,478,761460.26,997,607,1187.49,272.47,669.79,846.89,1010.38,1187.49,1364.59,1528.08,1759.68,768.11,101.75
2023Q3,可隆-山西,长袖T恤,104,174,38,292,399669.82,530,316,988.2,253.09,507.33,671.84,823.69,988.2,1152.7,1304.56,1519.68,733.54,117.48
2023Q3,可隆-山西,三合一夹克,66,139,15,195,889707.39,351,220,3652.18,628.21,2458.59,2866.92,3243.85,3652.18,4060.51,4437.44,4971.41,2650.78,559.05
2023Q3,可隆-山西,POLO,158,168,42,291,406024.86,538,368,944.22,297.92,378.17,571.82,750.57,944.22,1137.87,1316.62,1569.85,821.35,144.34
2023Q3,可隆-山西,短袖T恤,226,301,113,579,425032.48,902,640,733.44,162.81,424.1,529.93,627.61,733.44,839.27,936.96,1075.35,494.62,101.8
2023Q3,可隆-山西,长裤,118,276,54,453,647400.69,589,448,1336.72,207.58,942.31,1077.24,1201.79,1336.72,1471.65,1596.2,1772.65,1075.47,174.17
2023Q3,可隆-山西,衬衫,134,139,29,238,356810.92,543,302,1016.7,251.79,538.31,701.97,853.04,1016.7,1180.36,1331.44,1545.45,675.54,133.15
2023Q3,可隆-山西,针织夹克,99,176,58,306,604687.8,657,333,1361.02,383.7,631.99,881.4,1111.62,1361.02,1610.43,1840.65,2166.8,964.26,153.5
2023Q3,可隆-山西,羽绒服,226,230,33,394,1569495.68,663,489,3166.71,445.09,2321.03,2610.34,2877.4,3166.71,3456.02,3723.08,4101.41,2340.52,539.35
2023Q3,可隆-山西,鞋,280,241,41,413,1257901.53,1083,562,2127.49,604.83,978.31,1371.45,1734.35,2127.49,2520.62,2883.52,3397.63,1247.81,349.25
2023Q3,可隆-山西,马夹,63,111,18,199,571223.13,331,192,1884.26,366.92,1187.11,1425.61,1645.76,1884.26,2122.75,2342.9,2654.78,1673.19,339.67
2023Q3,可隆-山西,软壳夹克,131,264,28,331,1266536.72,623,423,2822.89,563.7,1751.86,2118.26,2456.48,2822.89,3189.29,3527.51,4006.65,2063.17,544.9
2023Q3,可隆-山西,配件,152,154,31,273,219323.74,633,337,430.3,117.56,206.95,283.36,353.89,430.3,506.71,577.25,677.17,336.85,81.76
2023Q3,可隆-山西,抓绒夹克,97,138,23,263,572051.9,465,258,1545.72,447.32,695.8,986.57,1254.96,1545.72,1836.48,2104.88,2485.1,1205.15,198.89
2023Q3,可隆-山西,防风夹克,125,146,33,311,830752.66,589,304,2229.06,451.72,1370.78,1664.4,1935.43,2229.06,2522.68,2793.71,3177.68,1427.73,194.62
2023Q3,可隆-山西,其他,36,67,15,112,45587.9,230,118,303.36,42.79,222.07,249.88,275.55,303.36,331.18,356.85,393.22,201.24,44.99
2023Q3,可隆-山西,棉服,114,166,19,271,1056067.47,500,299,2725.16,579.73,1623.68,2000.5,2348.34,2725.16,3101.98,3449.82,3942.59,2108.79,581.09
2023Q3,可隆-山西,连衣裙,19,30,10,42,140029.23,118,59,1506.8,446.77,657.93,948.33,1216.4,1506.8,1797.2,2065.26,2445.02,1140.09,301.26
2023Q3,可隆-山西,短裤,112,118,38,262,178294.48,398,268,781.42,240.15,325.14,481.24,625.32,781.42,937.52,1081.6,1285.73,488.3,121.27
2023Q3,可隆-西北,防水夹克,272,287,82,575,2106287.46,876,641,3452.6,726.24,2072.75,2544.8,2980.54,3452.6,3924.65,4360.39,4977.69,2457.74,473.79
2023Q3,可隆-西北,卫衣,141,234,46,339,842289.19,687,421,1367.05,233.86,922.71,1074.72,1215.04,1367.05,1519.06,1659.37,1858.16,1116.79,302.66
2023Q3,可隆-西北,长袖T恤,158,164,33,376,380007.22,659,355,798.82,147.46,518.65,614.5,702.97,798.82,894.66,983.14,1108.47,603.19,83.1
2023Q3,可隆-西北,三合一夹克,201,168,51,287,1984238.02,714,420,3859.59,1171.24,1634.24,2395.54,3098.29,3859.59,4620.9,5323.64,6319.2,2800.4,766.1
2023Q3,可隆-西北,POLO,117,306,13,396,249079.48,610,436,904.01,168.69,583.5,693.15,794.37,904.01,1013.66,1114.87,1258.26,426.47,114.88
2023Q3,可隆-西北,短袖T恤,323,242,92,508,636953.14,1164,657,690.31,132.08,439.36,525.21,604.46,690.31,776.16,855.41,967.68,521.27,140.41
2023Q3,可隆-西北,长裤,133,336,39,481,877912.98,833,508,1376.6,427.74,563.89,841.92,1098.57,1376.6,1654.63,1911.28,2274.86,1104.84,163.58
2023Q3,可隆-西北,衬衫,79,148,11,200,352643.84,442,238,998.1,173.04,669.32,781.8,885.62,998.1,1110.58,1214.4,1361.49,800.21,134.05
2023Q3,可隆-西北,针织夹克,88,127,34,177,265246.46,315,249,1386.74,352.71,716.58,945.84,1157.47,1386.74,1616.0,1827.63,2127.44,899.05,107.89
2023Q3,可隆-西北,羽绒服,89,127,17,202,1125805.0,420,233,3750.03,956.53,1932.62,2554.37,3128.29,3750.03,4371.78,4945.7,5758.76,2753.28,582.08
2023Q3,可隆-西北,鞋,130,174,45,361,907052.53,490,349,2340.1,429.67,1523.73,1803.01,2060.81,2340.1,2619.38,2877.18,3242.4,1842.5,489.46
2023Q3,可隆-西北,马夹,63,120,40,177,558507.48,426,223,2270.53,363.24,1580.38,1816.49,2034.43,2270.53,2506.63,2724.58,3033.33,1401.02,381.64
2023Q3,可隆-西北,软壳夹克,208,290,38,471,1815336.95,851,536,2783.16,584.5,1672.6,2052.53,2403.23,2783.16,3163.08,3513.79,4010.61,2064.65,516.87
2023Q3,可隆-西北,配件,116,220,72,309,225918.35,670,408,430.61,124.08,194.86,275.51,349.96,430.61,511.26,585.71,691.18,367.18,91.45
2023Q3,可隆-西北,抓绒夹克,112,156,20,267,546818.15,505,288,1667.84,478.91,757.92,1069.21,1356.55,1667.84,1979.13,2266.47,2673.54,1117.92,284.74
2023Q3,可隆-西北,防风夹克,140,61,30,188,565086.2,338,231,2399.24,631.14,1200.08,1610.32,1989.0,2399.24,2809.48,3188.16,3724.63,1764.4,225.97
2023Q3,可隆-西北,其他,23,27,6,55,18643.13,109,56,274.23,40.52,197.23,223.57,247.89,274.23,300.57,324.88,359.33,172.65,34.55
2023Q3,可隆-西北,棉服,102,124,29,242,897823.42,428,255,2870.85,611.78,1708.47,2106.13,2473.19,2870.85,3268.5,3635.57,4155.58,1953.18,293.82
2023Q3,可隆-西北,连衣裙,46,35,14,83,121293.83,146,95,1467.04,457.96,596.93,894.6,1169.37,1467.04,1764.72,2039.49,2428.75,801.96,186.67
2023Q3,可隆-西北,短裤,85,99,13,200,105895.36,208,197,810.09,230.68,371.8,521.74,660.14,810.09,960.03,1098.43,1294.51,533.2,119.81
2023Q3,可隆-电商,防水夹克,495,252,101,849,2844844.15,1201,848,3150.13,587.71,2033.48,2415.49,2768.12,3150.13,3532.15,3884.78,4384.33,2223.93,482.87
2023Q3,可隆-电商,卫衣,418,429,162,766,1349635.86,1829,1009,1170.62,276.61,645.06,824.86,990.83,1170.62,1350.42,1516.39,1751.51,842.33,192.11
2023Q3,可隆-电商,长袖T恤,455,536,229,1113,961288.47,1716,1220,862.08,123.81,626.83,707.31,781.6,862.08,942.56,1016.85,1122.09,543.28,108.04
2023Q3,可隆-电商,三合一夹克,233,368,20,516,2591629.61,975,621,3784.0,666.09,2518.43,2951.39,3351.04,3784.0,4216.96,4616.61,5182.79,2692.8,458.02
2023Q3,可隆-电商,POLO,301,626,100,864,1104094.55,1548,1027,979.47,202.21,595.28,726.71,848.04,979.47,1110.91,1232.23,1404.1,731.29,162.93
2023Q3,可隆-电商,短袖T恤,513,579,162,1011,1052580.92,2023,1254,792.08,253.3,310.81,475.46,627.44,792.08,956.73,1108.7,1324.01,549.68,94.92
2023Q3,可隆-电商,长裤,277,859,229,1319,1986507.38,2440,1365,1082.39,316.04,481.92,687.35,876.97,1082.39,1287.82,1477.44,1746.07,758.96,200.97
2023Q3,可隆-电商,衬衫,93,186,59,307,367857.24,519,338,1128.07,214.29,720.92,860.21,988.78,1128.07,1267.36,1395.93,1578.08,694.63,174.14
2023Q3,可隆-电商,针织夹克,136,345,55,432,994922.2,873,536,1454.04,402.44,689.4,950.98,1192.45,1454.04,1715.62,1957.09,2299.16,1151.38,260.37
2023Q3,可隆-电商,羽绒服,342,422,83,900,4086819.45,1500,847,3358.92,905.79,1637.93,2226.69,2770.16,3358.92,3947.68,4491.15,5261.07,2437.79,529.93
2023Q3,可隆-电商,鞋,356,316,93,637,2209146.85,1495,765,2144.83,621.49,964.0,1367.97,1740.86,2144.83,2548.8,2921.69,3449.95,1547.58,409.66
2023Q3,可隆-电商,马夹,133,327,76,506,1145540.7,909,536,1897.68,342.93,1246.11,1469.01,1674.77,1897.68,2120.59,2326.35,2617.84,1285.06,324.39
2023Q3,可隆-电商,软壳夹克,345,488,129,699,2518201.84,1489,962,2543.25,449.96,1688.34,1980.81,2250.78,2543.25,2835.72,3105.7,3488.16,1886.82,370.18
2023Q3,可隆-电商,配件,151,356,92,505,277234.93,945,599,393.77,65.48,269.36,311.92,351.21,393.77,436.33,475.61,531.27,286.01,37.04
2023Q3,可隆-电商,抓绒夹克,201,231,86,392,1157701.62,940,518,1743.69,311.38,1152.07,1354.47,1541.3,1743.69,1946.09,2132.91,2397.59,1259.87,342.23
2023Q3,可隆-电商,防风夹克,375,456,178,756,2589065.3,1425,1009,2576.76,623.36,1392.37,1797.56,2171.57,2576.76,2981.94,3355.96,3885.82,1756.92,272.15
2023Q3,可隆-电商,其他,101,109,10,165,55691.73,340,220,299.9,71.63,163.81,210.36,253.34,299.9,346.46,389.44,450.32,167.05,37.85
2023Q3,可隆-电商,棉服,269,320,114,597,2429613.32,959,703,2914.73,476.73,2008.95,2318.82,2604.86,2914.73,3224.61,3510.64,3915.86,2471.98,585.05
2023Q3,可隆-电商,连衣裙,101,96,30,181,346870.6,386,227,1205.32,238.18,752.78,907.59,1050.5,1205.32,1360.14,1503.05,1705.5,905.91,219.67
2023Q3,可隆-电商,短裤,86,215,62,299,234497.59,387,363,777.46,222.78,354.19,498.99,632.66,777.46,922.27,1055.93,1245.29,614.54,79.79
2023Q3,可隆-新疆,防水夹克,92,132,25,261,632017.65,314,249,2967.87,847.52,1357.57,1908.46,2416.98,2967.87,3518.76,4027.27,4747.67,1984.69,523.63
2023Q3,可隆-新疆,卫衣,120,166,48,296,331539.03,488,334,1404.89,422.66,601.83,876.56,1130.16,1404.89,1679.62,1933.22,2292.48,749.59,201.18
2023Q3,可隆-新疆,长袖T恤,72,150,20,190,247584.77,434,242,1032.8,160.61,727.65,832.05,928.41,1032.8,1137.2,1233.56,1370.08,612.33,94.2
2023Q3,可隆-新疆,三合一夹克,82,103,27,186,818353.54,281,212,4393.98,1151.82,2205.51,2954.2,3645.29,4393.98,5142.67,5833.76,6812.81,3098.23,450.49
2023Q3,可隆-新疆,POLO,111,141,47,253,318095.97,411,299,1008.4,199.67,629.02,758.81,878.61,1008.4,1138.19,1257.99,1427.71,754.66,96.81
2023Q3,可隆-新疆,短袖T恤,96,253,46,355,381829.05,727,395,749.31,109.0,542.21,613.06,678.46,749.31,820.16,885.56,978.2,575.95,135.92
2023Q3,可隆-新疆,长裤,168,283,63,440,615133.56,633,514,1286.09,266.4,779.93,953.09,1112.93,1286.09,1459.25,1619.08,1845.52,967.63,167.12
2023Q3,可隆-新疆,衬衫,85,80,34,197,333347.2,359,199,1095.6,174.84,763.4,877.05,981.96,1095.6,1209.25,1314.16,1462.78,928.39,254.04
2023Q3,可隆-新疆,针织夹克,65,109,11,134,288955.76,267,185,1655.54,477.03,749.19,1059.26,1345.48,1655.54,1965.61,2251.83,2657.3,1134.88,250.69
2023Q3,可隆-新疆,羽绒服,74,165,27,220,809081.51,343,266,3425.34,910.3,1695.77,2287.46,2833.64,3425.34,4017.03,4563.21,5336.96,2351.03,380.74
2023Q3,可隆-新疆,鞋,124,62,21,184,498661.47,306,207,2145.2,454.89,1280.91,1576.59,1849.52,2145.2,2440.88,2713.81,3100.46,1557.89,431.41
2023Q3,可隆-新疆,马夹,79,92,27,152,408286.49,263,198,2327.19,475.39,1423.95,1732.95,2018.19,2327.19,2636.2,2921.44,3325.52,1580.15,367.87
2023Q3,可隆-新疆,软壳夹克,223,135,39,331,1732516.27,633,397,2834.06,797.82,1318.19,1836.78,2315.47,2834.06,3352.64,3831.34,4509.49,2543.56,471.06
2023Q3,可隆-新疆,配件,80,116,16,204,125535.84,377,212,467.3,75.1,324.6,373.42,418.48,467.3,516.12,561.18,625.01,328.7,78.33
2023Q3,可隆-新疆,抓绒夹克,69,41,17,128,193360.48,200,127,1856.28,567.27,778.46,1147.19,1487.55,1856.28,2225.01,2565.37,3047.55,958.36,240.21
2023Q3,可隆-新疆,防风夹克,97,135,31,239,511907.89,354,263,2085.76,393.49,1338.13,1593.9,1829.99,2085.76,2341.53,2577.63,2912.09,1386.5,279.52
2023Q3,可隆-新疆,其他,17,25,7,40,10590.05,71,49,229.49,40.2,153.11,179.24,203.36,229.49,255.62,279.74,313.91,152.84,37.55
2023Q3,可隆-新疆,棉服,64,80,27,182,396800.21,255,171,2393.92,535.75,1375.99,1724.23,2045.68,2393.92,2742.15,3063.6,3518.99,1641.92,366.1
2023Q3,可隆-新疆,连衣裙,20,33,5,58,119866.1,93,58,1744.37,330.7,1116.05,1331.0,1529.42,1744.37,1959.32,2157.74,2438.83,1313.5,289.82
2023Q3,可隆-新疆,短裤,110,90,30,197,208502.94,370,230,856.48,149.72,572.0,669.32,759.16,856.48,953.8,1043.63,1170.9,588.35,153.1
2023Q3,可隆-青海,防水夹克,135,91,37,219,1171321.39,576,263,3259.62,1023.05,1315.82,1980.8,2594.64,3259.62,3924.61,4538.44,5408.03,2062.55,526.77
2023Q3,可隆-青海,卫衣,55,49,13,103,129656.33,206,117,1122.58,348.98,459.52,686.36,895.74,1122.58,1349.42,1558.81,1855.45,676.37,151.15
2023Q3,可隆-青海,长袖T恤,43,91,16,115,107439.96,207,150,846.32,188.82,487.57,610.3,723.59,846.32,969.06,1082.35,1242.84,528.75,135.47
2023Q3,可隆-青海,三合一夹克,41,51,17,87,574651.94,156,109,5070.18,1097.83,2984.31,3697.89,4356.59,5070.18,5783.77,6442.46,7375.62,3640.64,523.39
2023Q3,可隆-青海,POLO,61,95,28,157,221280.79,321,184,961.04,223.93,535.58,681.13,815.49,961.04,1106.59,1240.95,1431.28,665.01,83.91
2023Q3,可隆-青海,短袖T恤,93,95,25,196,168158.56,346,213,805.18,220.5,386.23,529.56,661.85,805.18,948.5,1080.8,1268.22,477.05,75.79
2023Q3,可隆-青海,长裤,80,77,26,145,202188.7,272,183,1223.65,266.03,718.2,891.11,1050.73,1223.65,1396.57,1556.19,1782.31,704.85,139.95
2023Q3,可隆-青海,衬衫,30,34,4,66,105276.49,107,68,1165.66,239.04,711.47,866.85,1010.28,1165.66,1321.04,1464.46,1667.65,995.85,267.65
2023Q3,可隆-青海,针织夹克,45,23,12,61,131579.75,120,80,1449.78,375.62,736.11,980.26,1205.63,1449.78,1693.94,1919.31,2238.59,1124.95,189.58
2023Q3,可隆-青海,羽绒服,45,62,10,98,437640.35,188,117,3541.92,935.1,1765.23,2373.04,2934.11,3541.92,4149.74,4710.8,5505.64,2315.72,326.39
2023Q3,可隆-青海,鞋,42,76,31,131,401835.79,243,149,2050.96,435.85,1222.83,1506.14,1767.65,2050.96,2334.26,2595.77,2966.25,1664.1,279.55
2023Q3,可隆-青海,马夹,26,30,8,56,111230.89,90,64,1768.47,420.0,970.48,1243.48,1495.47,1768.47,2041.47,2293.47,2650.46,1208.1,155.27
2023Q3,可隆-青海,软壳夹克,50,57,14,133,282928.84,182,121,2512.17,753.24,1081.01,1570.62,2022.57,2512.17,3001.78,3453.73,4093.99,1599.94,214.9
2023Q3,可隆-青海,配件,42,36,5,74,28572.47,109,83,391.59,102.45,196.93,263.52,324.99,391.59,458.18,519.65,606.74,275.75,53.59
2023Q3,可隆-青海,抓绒夹克,43,43,6,82,250874.94,151,92,1833.29,269.26,1321.69,1496.71,1658.27,1833.29,2008.31,2169.87,2398.74,1577.12,345.19
2023Q3,可隆-青海,防风夹克,43,62,15,117,256742.61,188,120,2027.0,403.97,1259.46,1522.04,1764.42,2027.0,2289.58,2531.96,2875.33,1373.57,243.37
2023Q3,可隆-青海,其他,8,4,2,12,3904.37,17,14,283.26,40.2,206.88,233.01,257.13,283.26,309.39,333.51,367.68,227.74,46.7
2023Q3,可隆-青海,棉服,25,29,12,51,196858.37,101,66,3308.12,685.22,2006.2,2451.59,2862.73,3308.12,3753.51,4164.64,4747.08,2048.62,390.36
2023Q3,可隆-青海,连衣裙,7,10,2,16,28649.69,30,19,1502.68,396.99,748.4,1006.44,1244.64,1502.68,1760.73,1998.92,2336.37,942.51,236.44
2023Q3,可隆-青海,短裤,58,26,21,85,94234.21,157,105,814.81,129.08,569.55,653.45,730.9,814.81,898.71,976.16,1085.88,613.1,106.94
2023Q3,可隆-线下山,防水夹克,210,223,41,425,1652346.87,791,474,3637.26,895.5,1935.82,2517.89,3055.19,3637.26,4219.33,4756.63,5517.8,2242.32,349.06
2023Q3,可隆-线下山,卫衣,70,123,39,210,333770.19,361,232,1096.81,316.75,494.98,700.87,890.92,1096.81,1302.7,1492.75,1761.99,845.29,234.1
2023Q3,可隆-线下山,长袖T恤,169,214,60,368,599076.4,851,443,942.14,247.86,471.2,632.31,781.03,942.14,1103.25,1251.96,1462.64,719.12,122.23
2023Q3,可隆-线下山,三合一夹克,154,90,8,213,1174769.49,404,252,4113.78,1293.33,1656.46,2497.13,3273.12,4113.78,4954.44,5730.44,6829.77,2894.62,760.58
2023Q3,可隆-线下山,POLO,175,112,36,263,385951.1,457,323,1062.3,160.0,758.31,862.31,958.3,1062.3,1166.3,1262.3,1398.3,827.19,176.29
2023Q3,可隆-线下山,短袖T恤,168,283,77,519,408964.18,925,528,713.05,187.65,356.52,478.49,591.08,713.05,835.02,947.61,1107.11,458.45,74.85
2023Q3,可隆-线下山,长裤,102,206,41,353,618643.61,586,349,1450.47,452.85,590.06,884.41,1156.12,1450.47,1744.82,2016.53,2401.45,1041.56,209.65
2023Q3,可隆-线下山,衬衫,75,87,13,156,188453.45,250,175,1030.52,259.94,536.63,705.59,861.56,1030.52,1199.48,1355.45,1576.4,721.36,182.48
2023Q3,可隆-线下山,针织夹克,84,143,7,195,219901.01,256,234,1199.0,340.27,552.5,773.67,977.83,1199.0,1420.17,1624.33,1913.56,847.77,118.62
2023Q3,可隆-线下山,羽绒服,148,168,39,264,1592889.3,661,355,3766.07,764.57,2313.39,2810.36,3269.1,3766.07,4263.04,4721.78,5371.66,2478.0,596.13
2023Q3,可隆-线下山,鞋,63,91,23,203,337135.54,230,177,2099.64,557.72,1039.97,1402.49,1737.12,2099.64,2462.17,2796.8,3270.87,1502.92,419.55
2023Q3,可隆-线下山,马夹,38,63,13,103,264692.39,179,114,1971.63,446.98,1122.37,1412.91,1681.09,1971.63,2262.17,2530.36,2910.29,1527.1,232.26
2023Q3,可隆-线下山,软壳夹克,142,266,61,361,1787069.67,889,469,2658.64,793.69,1150.63,1666.53,2142.74,2658.64,3174.54,3650.76,4325.39,2139.61,356.86
2023Q3,可隆-线下山,配件,122,87,31,236,116697.97,311,240,482.21,102.96,286.59,353.51,415.29,482.21,549.13,610.91,698.42,367.01,76.21
2023Q3,可隆-线下山,抓绒夹克,62,77,11,136,169217.47,213,150,1201.62,361.14,515.46,750.2,966.88,1201.62,1436.36,1653.05,1960.01,831.83,149.74
2023Q3,可隆-线下山,防风夹克,197,226,65,400,1615490.56,841,488,2498.12,740.49,1091.2,1572.51,2016.81,2498.12,2979.44,3423.74,4053.15,1854.95,443.31
2023Q3,可隆-线下山,其他,48,65,8,92,36887.62,171,121,314.41,48.02,223.18,254.39,283.2,314.41,345.63,374.44,415.26,194.11,38.93
2023Q3,可隆-线下山,棉服,50,68,14,101,388174.3,193,132,3197.18,610.57,2037.1,2433.97,2800.31,3197.18,3594.05,3960.39,4479.37,2040.03,513.84
2023Q3,可隆-线下山,连衣裙,32,31,9,58,119478.83,99,72,1552.49,298.43,985.46,1179.44,1358.51,1552.49,1746.47,1925.53,2179.2,1317.53,358.0
2023Q3,可隆-线下山,短裤,117,116,33,220,194444.65,373,266,791.37,148.82,508.62,605.35,694.64,791.37,888.1,977.39,1103.88,485.22,129.72
2023Q4,可隆-东北,防水夹克,446,347,151,925,2093600.16,944,944,3313.87,1022.14,1371.8,2036.19,2649.48,3313.87,3978.26,4591.55,5460.37,2150.87,544.11
2023Q4,可隆-东北,卫衣,531,367,211,826,1694549.55,2044,1109,1195.59,276.88,669.51,849.48,1015.61,1195.59,1375.56,1541.69,1777.04,737.5,153.26
2023Q4,可隆-东北,长袖T恤,287,322,19,575,686206.01,961,628,937.47,249.41,463.59,625.71,775.35,937.47,1099.59,1249.24,1461.24,755.38,104.75
2023Q4,可隆-东北,三合一夹克,258,272,60,607,3340584.54,1130,590,4478.72,916.59,2737.19,3332.97,3882.93,4478.72,5074.5,5624.46,6403.56,3216.8,698.44
2023Q4,可隆-东北,POLO,128,358,83,612,741346.87,1036,569,998.39,314.15,401.51,605.71,794.2,998.39,1202.59,1391.08,1658.11,681.83,93.48
2023Q4,可隆-东北,短袖T恤,343,440,95,740,888225.59,1659,878,725.61,133.56,471.84,558.66,638.79,725.61,812.43,892.57,1006.09,560.05,102.46
2023Q4,可隆-东北,长裤,320,491,52,724,1038245.45,1384,863,1242.01,192.37,876.51,1001.55,1116.97,1242.01,1367.05,1482.47,1645.99,759.77,197.41
2023Q4,可隆-东北,衬衫,122,148,25,252,388195.37,510,295,983.91,283.4,445.44,629.65,799.69,983.91,1168.12,1338.16,1579.05,713.38,95.05
2023Q4,可隆-东北,针织夹克,222,325,65,473,771366.71,926,612,1142.92,272.27,625.61,802.58,965.94,1142.92,1319.89,1483.25,1714.68,813.87,220.17
2023Q4,可隆-东北,羽绒服,211,196,54,493,2198007.26,829,461,3530.63,823.7,1965.6,2501.0,2995.22,3530.63,4066.03,4560.25,5260.4,2850.27,483.3
2023Q4,可隆-东北,鞋,194,466,20,499,2163567.13,1088,680,2431.03,401.47,1668.23,1929.18,2170.07,2431.03,2691.98,2932.87,3274.12,1930.95,342.29
2023Q4,可隆-东北,马夹,139,150,70,382,658185.38,441,359,2068.96,410.91,1288.24,1555.33,1801.87,2068.96,2336.05,2582.59,2931.86,1354.14,236.71
2023Q4,可隆-东北,软壳夹克,319,665,56,765,2976228.03,1300,1040,2970.86,566.89,1893.77,2262.25,2602.38,2970.86,3339.34,3679.48,4161.33,2298.17,562.07
2023Q4,可隆-东北,配件,233,156,83,403,180773.26,675,472,469.37,70.56,335.3,381.16,423.5,469.37,515.23,557.57,617.54,262.0,70.49
2023Q4,可隆-东北,抓绒夹克,197,274,51,406,726458.06,696,522,1832.99,463.67,952.02,1253.4,1531.6,1832.99,2134.37,2412.57,2806.69,1029.06,155.42
2023Q4,可隆-东北,防风夹克,275,342,120,600,2000890.36,1209,737,2463.04,519.19,1476.57,1814.05,2125.57,2463.04,2800.52,3112.04,3553.35,1680.35,341.54
2023Q4,可隆-东北,其他,60,74,21,163,52692.82,269,155,284.31,49.95,189.4,221.87,251.84,284.31,316.78,346.75,389.2,180.99,27.37
2023Q4,可隆-东北,棉服,188,261,55,400,2262450.68,895,504,2882.2,774.23,1411.16,1914.41,2378.95,2882.2,3385.46,3849.99,4508.09,2553.07,706.19
2023Q4,可隆-东北,连衣裙,28,43,9,64,144901.59,124,80,1613.86,319.64,1006.55,1214.31,1406.09,1613.86,1821.62,2013.4,2285.09,1167.77,181.18
2023Q4,可隆-东北,短裤,108,129,30,212,253291.08,413,267,820.64,170.31,497.05,607.75,709.94,820.64,931.34,1033.52,1178.28,573.35,89.81
2023Q4,可隆-华东,防水夹克,586,774,175,1249,5221142.58,2199,1535,3241.97,774.28,1770.84,2274.12,2738.69,3241.97,3745.26,4209.83,4867.97,2336.33,480.18
2023Q4,可隆-华东,卫衣,629,446,170,822,1793014.68,1942,1245,1303.56,209.66,905.21,1041.49,1167.28,1303.56,1439.84,1565.64,1743.85,862.85,210.17
2023Q4,可隆-华东,长袖T恤,360,410,96,833,940422.95,1295,866,1024.87,235.1,578.18,730.99,872.05,1024.87,1177.68,1318.74,1518.58,776.22,145.46
2023Q4,可隆-华东,三合一夹克,375,382,128,628,4311679.2,1225,885,4430.88,1260.7,2035.55,2855.0,3611.42,4430.88,5250.34,6006.76,7078.35,3636.72,523.84
2023Q4,可隆-华东,POLO,209,462,111,821,1308070.14,1414,782,1025.31,148.79,742.62,839.33,928.6,1025.31,1122.03,1211.3,1337.77,895.15,190.38
2023Q4,可隆-华东,短袖T恤,398,480,177,1034,1339842.42,2062,1055,847.19,156.0,550.79,652.19,745.79,847.19,948.6,1042.2,1174.8,596.19,99.02
2023Q4,可隆-华东,长裤,325,258,33,650,1061533.53,877,616,1510.66,277.97,982.51,1163.2,1329.98,1510.66,1691.34,1858.13,2094.41,1203.07,271.02
2023Q4,可隆-华东,衬衫,298,220,64,558,859419.46,957,582,1173.29,169.24,851.72,961.73,1063.28,1173.29,1283.3,1384.84,1528.7,855.13,224.25
2023Q4,可隆-华东,针织夹克,247,253,113,510,1153372.73,913,613,1518.9,289.37,969.1,1157.19,1330.81,1518.9,1706.99,1880.61,2126.58,1216.2,308.7
2023Q4,可隆-华东,羽绒服,176,140,50,319,2279574.48,618,366,4224.45,1200.62,1943.27,2723.67,3444.04,4224.45,5004.85,5725.23,6745.76,3519.31,653.35
2023Q4,可隆-华东,鞋,185,173,71,326,1014860.36,723,429,2169.49,409.51,1391.43,1657.61,1903.32,2169.49,2435.67,2681.38,3029.46,1464.1,391.54
2023Q4,可隆-华东,马夹,132,292,54,544,962961.89,769,478,1899.59,479.77,988.03,1299.88,1587.74,1899.59,2211.44,2499.31,2907.11,1313.49,272.22
2023Q4,可隆-华东,软壳夹克,551,345,130,838,2919235.54,1495,1026,2416.44,543.07,1384.61,1737.6,2063.45,2416.44,2769.44,3095.28,3556.89,1735.4,390.22
2023Q4,可隆-华东,配件,110,520,61,466,339365.47,1153,691,482.03,147.93,200.96,297.11,385.87,482.03,578.18,666.94,792.68,333.65,41.41
2023Q4,可隆-华东,抓绒夹克,231,318,60,475,1113930.57,883,609,1747.1,534.31,731.9,1079.21,1399.79,1747.1,2094.4,2414.99,2869.15,1285.21,315.21
2023Q4,可隆-华东,防风夹克,514,406,176,1054,2911553.18,1384,1096,2636.84,677.05,1350.44,1790.52,2196.76,2636.84,3076.93,3483.16,4058.66,2089.39,331.16
2023Q4,可隆-华东,其他,104,95,20,210,95515.05,394,219,282.67,68.52,152.48,197.02,238.13,282.67,327.21,368.32,426.57,243.75,29.57
2023Q4,可隆-华东,棉服,275,219,91,449,1816700.04,928,585,2780.89,572.43,1693.27,2065.35,2408.81,2780.89,3152.97,3496.43,3983.0,2000.23,456.57
2023Q4,可隆-华东,连衣裙,48,80,29,134,273030.18,239,157,1709.2,474.41,807.82,1116.19,1400.84,1709.2,2017.57,2302.22,2705.47,1160.9,315.21
2023Q4,可隆-华东,短裤,155,284,47,462,387291.49,696,486,758.09,124.48,521.57,602.48,677.17,758.09,839.0,913.69,1019.51,560.82,99.84
2023Q4,可隆-华北,防水夹克,495,488,172,1012,4245273.77,1853,1155,3205.96,916.35,1464.9,2060.53,2610.34,3205.96,3801.59,4351.39,5130.29,2360.24,615.39
2023Q4,可隆-华北,卫衣,237,140,98,405,675992.78,799,475,1316.75,372.85,608.34,850.69,1074.4,1316.75,1559.11,1782.82,2099.74,808.52,173.19
2023Q4,可隆-华北,长袖T恤,497,477,124,753,1241455.66,1589,1098,994.37,199.22,615.85,745.35,864.88,994.37,1123.87,1243.4,1412.73,765.8,112.6
2023Q4,可隆-华北,三合一夹克,127,118,27,207,1410977.04,441,272,4653.7,1118.13,2529.25,3256.03,3926.91,4653.7,5380.48,6051.36,7001.77,3649.2,969.62
2023Q4,可隆-华北,POLO,407,408,137,856,685481.02,1302,952,941.82,151.03,654.85,753.03,843.65,941.82,1039.99,1130.61,1258.99,542.5,71.17
2023Q4,可隆-华北,短袖T恤,409,443,115,895,633650.61,1316,967,738.3,183.8,389.09,508.56,618.84,738.3,857.77,968.05,1124.28,483.01,84.96
2023Q4,可隆-华北,长裤,345,365,131,703,1134770.12,1438,841,1098.9,287.87,551.95,739.07,911.79,1098.9,1286.02,1458.74,1703.43,747.88,205.92
2023Q4,可隆-华北,衬衫,256,308,70,624,626859.92,922,634,1059.58,320.06,451.47,659.51,851.54,1059.58,1267.62,1459.66,1731.71,712.61,199.48
2023Q4,可隆-华北,针织夹克,218,210,51,371,789950.55,776,479,1444.69,249.79,970.08,1132.44,1282.32,1444.69,1607.05,1756.93,1969.26,1028.26,207.68
2023Q4,可隆-华北,羽绒服,203,352,84,528,2649731.74,950,639,3233.23,880.37,1560.52,2132.76,2660.99,3233.23,3805.47,4333.7,5082.01,2651.5,569.28
2023Q4,可隆-华北,鞋,318,354,133,583,1736026.96,1409,805,2247.72,404.97,1478.28,1741.51,1984.49,2247.72,2510.95,2753.94,3098.16,1371.0,239.21
2023Q4,可隆-华北,马夹,110,166,30,286,831596.51,540,306,1937.34,381.95,1211.64,1459.91,1689.08,1937.34,2185.61,2414.78,2739.43,1359.37,347.91
2023Q4,可隆-华北,软壳夹克,276,380,94,591,1863427.33,1123,750,2514.13,555.24,1459.18,1820.09,2153.23,2514.13,2875.04,3208.18,3680.13,1754.04,284.06
2023Q4,可隆-华北,配件,273,375,82,555,485536.8,1281,730,473.48,106.95,270.28,339.79,403.96,473.48,543.0,607.16,698.07,355.02,86.6
2023Q4,可隆-华北,抓绒夹克,228,226,55,507,1091053.04,768,509,1595.22,430.42,777.42,1057.19,1315.44,1595.22,1874.99,2133.24,2499.09,1368.63,373.0
2023Q4,可隆-华北,防风夹克,241,396,81,550,1689107.64,974,718,2894.54,594.03,1765.88,2152.0,2508.42,2894.54,3280.66,3637.08,4142.01,1865.64,433.42
2023Q4,可隆-华北,其他,72,79,24,150,37472.84,226,175,232.99,51.83,134.51,168.2,199.3,232.99,266.68,297.77,341.83,152.01,28.0
2023Q4,可隆-华北,棉服,171,196,58,344,1327090.5,444,425,3724.17,641.76,2504.83,2921.97,3307.03,3724.17,4141.32,4526.38,5071.88,3018.81,711.72
2023Q4,可隆-华北,连衣裙,59,73,21,135,301755.37,249,153,1598.06,356.66,920.4,1152.23,1366.23,1598.06,1829.89,2043.89,2347.05,1194.49,208.64
2023Q4,可隆-华北,短裤,132,183,31,316,283920.81,625,346,809.01,204.82,419.85,552.98,675.87,809.01,942.14,1065.03,1239.13,464.1,93.43
2023Q4,可隆-华南,防水夹克,463,518,127,1127,3529565.63,1620,1108,3020.64,916.61,1279.09,1874.88,2424.85,3020.64,3616.44,4166.4,4945.52,2105.97,395.49
2023Q4,可隆-华南,卫衣,366,258,108,628,736829.13,1223,732,1127.02,200.8,745.51,876.02,996.5,1127.02,1257.54,1378.01,1548.69,621.32,163.3
2023Q4,可隆-华南,长袖T恤,307,637,41,730,910352.42,1486,985,865.21,257.17,376.58,543.75,698.05,865.21,1032.37,1186.67,1405.26,576.46,73.41
2023Q4,可隆-华南,三合一夹克,236,344,61,578,2556078.25,893,641,3700.71,904.12,1982.88,2570.56,3113.03,3700.71,4288.39,4830.86,5599.36,2894.29,730.49
2023Q4,可隆-华南,POLO,194,628,77,731,718311.43,1164,899,1012.9,228.54,578.68,727.23,864.35,1012.9,1161.46,1298.58,1492.84,616.6,116.3
2023Q4,可隆-华南,短袖T恤,343,274,148,496,683525.96,1258,765,666.67,142.03,396.83,489.14,574.36,666.67,758.99,844.2,964.93,503.19,128.71
2023Q4,可隆-华南,长裤,261,358,19,627,774834.79,988,638,1305.85,304.91,726.53,924.72,1107.66,1305.85,1504.04,1686.98,1946.16,804.34,114.38
2023Q4,可隆-华南,衬衫,259,269,63,441,819599.49,799,591,1290.87,363.23,600.73,836.83,1054.77,1290.87,1526.97,1744.91,2053.66,1044.37,214.25
2023Q4,可隆-华南,针织夹克,257,256,37,454,687407.39,620,550,1426.86,392.16,681.76,936.66,1171.96,1426.86,1681.77,1917.06,2250.39,1193.3,198.9
2023Q4,可隆-华南,羽绒服,292,395,32,786,2681537.55,1129,719,3217.93,979.54,1356.8,1993.5,2581.23,3217.93,3854.63,4442.35,5274.96,2352.09,507.57
2023Q4,可隆-华南,鞋,356,274,117,662,1811267.65,1129,747,2141.07,338.87,1497.21,1717.48,1920.8,2141.07,2361.34,2564.66,2852.71,1658.23,224.05
2023Q4,可隆-华南,马夹,184,273,52,350,918714.74,744,509,1847.89,385.15,1116.11,1366.45,1597.54,1847.89,2098.24,2329.33,2656.71,1232.3,242.39
2023Q4,可隆-华南,软壳夹克,330,315,124,667,1959360.05,1201,769,2515.53,431.3,1696.05,1976.4,2235.18,2515.53,2795.87,3054.65,3421.26,1710.07,463.59
2023Q4,可隆-华南,配件,221,351,68,582,327674.06,1151,640,384.91,97.44,199.77,263.11,321.57,384.91,448.24,506.71,589.53,285.66,64.11
2023Q4,可隆-华南,抓绒夹克,240,238,64,389,956206.75,845,542,1439.37,331.54,809.44,1024.94,1223.87,1439.37,1654.87,1853.8,2135.61,1109.85,203.16
2023Q4,可隆-华南,防风夹克,81,215,67,340,855206.3,633,363,2053.74,430.73,1235.36,1515.33,1773.77,2053.74,2333.72,2592.16,2958.27,1306.7,348.5
2023Q4,可隆-华南,其他,53,80,14,150,55410.63,269,147,342.32,87.79,175.52,232.58,285.26,342.32,399.38,452.05,526.67,218.02,39.8
2023Q4,可隆-华南,棉服,191,210,54,401,2332778.91,925,455,2762.92,653.34,1521.58,1946.25,2338.25,2762.92,3187.59,3579.6,4134.93,2351.79,372.53
2023Q4,可隆-华南,连衣裙,40,64,14,118,261943.61,201,118,1632.97,504.49,674.44,1002.36,1305.05,1632.97,1960.89,2263.59,2692.41,1328.59,323.79
2023Q4,可隆-华南,短裤,220,271,79,510,520773.97,826,570,868.58,207.69,473.97,608.97,733.58,868.58,1003.58,1128.19,1304.73,618.01,104.8
2023Q4,可隆-华西,防水夹克,332,644,89,931,3881756.91,1647,1065,3049.57,963.01,1219.86,1845.81,2423.62,3049.57,3675.53,4253.33,5071.89,2254.49,586.1
2023Q4,可隆-华西,卫衣,223,527,60,730,991681.81,1269,810,1174.25,222.89,750.76,895.64,1029.37,1174.25,1319.13,1452.86,1642.31,793.55,182.3
2023Q4,可隆-华西,长袖T恤,385,460,163,943,1189653.08,1678,1008,908.11,224.37,481.8,627.64,762.27,908.11,1053.95,1188.57,1379.29,716.08,184.3
2023Q4,可隆-华西,三合一夹克,254,347,52,459,3255853.24,1254,653,3416.08,739.19,2011.61,2492.08,2935.6,3416.08,3896.55,4340.07,4968.39,2507.89,341.6
2023Q4,可隆-华西,POLO,357,344,188,694,963761.59,1315,889,931.28,197.36,556.29,684.58,803.0,931.28,1059.57,1177.99,1345.74,763.16,171.02
2023Q4,可隆-华西,短袖T恤,357,555,66,745,1021531.82,1437,978,898.16,154.18,605.22,705.44,797.95,898.16,998.38,1090.89,1221.95,668.52,139.93
2023Q4,可隆-华西,长裤,428,469,176,716,1712971.43,1605,1073,1446.58,366.12,750.96,988.94,1208.61,1446.58,1684.56,1904.23,2215.43,1040.93,269.7
2023Q4,可隆-华西,衬衫,202,198,39,343,617444.52,697,439,1081.04,255.45,595.68,761.73,915.0,1081.04,1247.09,1400.36,1617.49,856.69,188.46
2023Q4,可隆-华西,针织夹克,131,116,36,308,408816.7,417,283,1214.53,265.83,709.44,882.23,1041.73,1214.53,1387.32,1546.82,1772.78,938.33,242.52
2023Q4,可隆-华西,羽绒服,146,362,66,603,2920518.44,849,574,4123.67,959.87,2299.91,2923.83,3499.75,4123.67,4747.58,5323.5,6139.39,3329.69,892.99
2023Q4,可隆-华西,鞋,219,185,64,504,1013495.31,735,468,1821.16,414.36,1033.88,1303.21,1551.83,1821.16,2090.49,2339.11,2691.31,1428.4,222.22
2023Q4,可隆-华西,马夹,153,151,80,310,804924.65,546,384,1988.78,595.31,857.7,1244.65,1601.83,1988.78,2375.73,2732.92,3238.93,1386.41,259.51
2023Q4,可隆-华西,软壳夹克,161,208,49,415,1136719.82,629,418,2701.97,639.71,1486.53,1902.33,2286.16,2701.97,3117.77,3501.6,4045.35,1944.48,476.58
2023Q4,可隆-华西,配件,176,231,47,418,257650.22,710,454,456.4,100.69,265.1,330.54,390.95,456.4,521.85,582.26,667.84,338.78,72.97
2023Q4,可隆-华西,抓绒夹克,259,215,38,413,1194794.93,918,512,1914.05,315.12,1315.33,1520.16,1709.23,1914.05,2118.88,2307.95,2575.79,1260.1,225.65
2023Q4,可隆-华西,防风夹克,136,271,20,365,1529002.86,855,427,2390.42,446.3,1542.45,1832.54,2100.33,2390.42,2680.52,2948.3,3327.66,1740.42,481.63
2023Q4,可隆-华西,其他,53,96,20,135,74622.89,293,169,335.06,106.63,132.47,201.78,265.75,335.06,404.37,468.34,558.97,250.23,49.29
2023Q4,可隆-华西,棉服,132,201,25,297,1250307.5,630,358,2714.68,794.29,1205.53,1721.82,2198.39,2714.68,3230.97,3707.54,4382.68,2049.07,524.31
2023Q4,可隆-华西,连衣裙,25,53,11,75,169618.34,150,89,1770.17,478.02,861.94,1172.65,1459.46,1770.17,2080.88,2367.68,2774.0,1164.47,320.82
2023Q4,可隆-华西,短裤,150,227,74,357,438620.24,716,451,776.83,208.88,379.95,515.73,641.06,776.83,912.61,1037.94,1215.49,565.95,141.5
2023Q4,可隆-安徽,防水夹克,251,387,86,564,2927813.18,1189,724,3217.52,709.13,1870.18,2331.12,2756.59,3217.52,3678.45,4103.93,4706.69,2387.91,605.57
2023Q4,可隆-安徽,卫衣,144,217,56,366,626292.02,687,417,1215.32,291.65,661.19,850.76,1025.75,1215.32,1404.89,1579.88,1827.78,846.9,174.56
2023Q4,可隆-安徽,长袖T恤,183,265,117,566,528704.52,889,565,876.8,133.17,623.78,710.34,790.24,876.8,963.36,1043.26,1156.46,608.54,154.65
2023Q4,可隆-安徽,三合一夹克,111,95,35,220,987005.38,399,241,4140.31,1265.25,1736.35,2558.76,3317.9,4140.31,4962.72,5721.87,6797.33,2616.35,339.74
2023Q4,可隆-安徽,POLO,173,266,56,448,447408.94,594,495,985.4,179.85,643.69,760.59,868.5,985.4,1102.3,1210.21,1363.08,750.68,170.78
2023Q4,可隆-安徽,短袖T恤,161,198,53,466,292533.77,688,412,776.98,209.26,379.38,515.41,640.96,776.98,913.01,1038.56,1216.44,427.69,56.76
2023Q4,可隆-安徽,长裤,174,166,80,354,433210.75,470,420,1384.7,200.88,1003.03,1133.6,1254.13,1384.7,1515.27,1635.8,1806.54,975.42,186.01
2023Q4,可隆-安徽,衬衫,64,182,10,242,279184.94,389,256,1048.92,201.07,666.88,797.58,918.22,1048.92,1179.61,1300.25,1471.16,697.88,113.0
2023Q4,可隆-安徽,针织夹克,109,199,25,309,402508.65,477,333,1182.31,322.67,569.23,778.97,972.57,1182.31,1392.04,1585.64,1859.91,799.66,184.51
2023Q4,可隆-安徽,羽绒服,203,175,32,404,1798902.29,728,410,3608.94,946.75,1810.12,2425.51,2993.56,3608.94,4224.33,4792.38,5597.11,2404.66,318.16
2023Q4,可隆-安徽,鞋,171,196,54,309,1177268.36,628,421,2139.18,401.08,1377.12,1637.83,1878.48,2139.18,2399.89,2640.54,2981.46,1786.58,243.32
2023Q4,可隆-安徽,马夹,57,113,23,179,373807.92,361,193,1631.28,482.34,714.84,1028.36,1317.76,1631.28,1944.8,2234.21,2644.19,1022.97,202.17
2023Q4,可隆-安徽,软壳夹克,151,196,73,297,1062468.27,616,420,2560.07,448.55,1707.83,1999.38,2268.51,2560.07,2851.63,3120.76,3502.02,1671.85,396.42
2023Q4,可隆-安徽,配件,132,239,51,314,148479.46,620,422,351.38,64.77,228.32,270.42,309.28,351.38,393.47,432.33,487.38,242.87,39.91
2023Q4,可隆-安徽,抓绒夹克,185,141,23,279,655012.57,608,349,1779.5,251.24,1302.15,1465.45,1616.2,1779.5,1942.81,2093.55,2307.1,1137.91,297.6
2023Q4,可隆-安徽,防风夹克,155,133,33,363,918886.38,483,321,2503.74,500.44,1552.91,1878.19,2178.45,2503.74,2829.02,3129.29,3554.66,1871.19,249.15
2023Q4,可隆-安徽,其他,51,47,4,89,48675.83,183,102,332.78,75.76,188.83,238.08,283.53,332.78,382.02,427.48,491.88,257.17,45.96
2023Q4,可隆-安徽,棉服,62,125,29,200,912904.96,344,216,3012.43,842.49,1411.69,1959.31,2464.81,3012.43,3560.05,4065.55,4781.67,2597.46,547.55
2023Q4,可隆-安徽,连衣裙,34,32,9,62,70216.88,90,75,1196.15,297.82,630.29,823.87,1002.57,1196.15,1389.73,1568.42,1821.57,717.55,91.25
2023Q4,可隆-安徽,短裤,102,148,34,206,320099.97,473,284,848.42,153.08,557.57,657.07,748.92,848.42,947.92,1039.76,1169.88,698.87,191.71
2023Q4,可隆-山西,防水夹克,284,410,79,752,2333660.53,1073,773,2935.9,453.28,2074.68,2369.31,2641.27,2935.9,3230.53,3502.49,3887.78,2200.01,373.93
2023Q4,可隆-山西,卫衣,100,205,38,329,428497.69,471,343,1383.13,251.54,905.22,1068.71,1219.64,1383.13,1546.63,1697.55,1911.36,826.19,127.59
2023Q4,可隆-山西,长袖T恤,357,322,115,574,560522.12,1059,794,887.33,192.01,522.52,647.32,762.53,887.33,1012.14,1127.34,1290.55,578.34,78.83
2023Q4,可隆-山西,三合一夹克,234,113,88,277,3226940.07,840,435,5091.37,727.15,3709.78,4182.43,4618.72,5091.37,5564.02,6000.31,6618.39,3798.23,759.65
2023Q4,可隆-山西,POLO,178,185,41,422,402700.42,656,404,918.89,239.04,464.72,620.09,763.52,918.89,1074.27,1217.7,1420.88,618.29,83.85
2023Q4,可隆-山西,短袖T恤,271,229,73,504,473892.1,906,573,671.65,197.84,295.76,424.36,543.06,671.65,800.25,918.95,1087.11,501.76,109.27
2023Q4,可隆-山西,长裤,128,185,66,321,397463.85,529,379,1173.47,339.01,529.35,749.71,953.11,1173.47,1393.82,1597.23,1885.39,780.69,101.27
2023Q4,可隆-山西,衬衫,91,85,30,209,240165.54,316,206,1133.74,343.6,480.9,704.24,910.4,1133.74,1357.08,1563.24,1855.31,831.1,223.42
2023Q4,可隆-山西,针织夹克,124,219,37,339,648027.71,611,380,1462.66,410.48,682.75,949.56,1195.85,1462.66,1729.47,1975.76,2324.67,1123.83,222.04
2023Q4,可隆-山西,羽绒服,209,170,26,365,1553288.11,525,405,3649.59,926.36,1889.51,2491.64,3047.46,3649.59,4251.73,4807.55,5594.96,2933.76,464.31
2023Q4,可隆-山西,鞋,131,119,44,393,628806.89,451,294,1986.54,562.86,917.1,1282.96,1620.68,1986.54,2352.4,2690.12,3168.56,1298.51,228.41
2023Q4,可隆-山西,马夹,47,88,24,144,335986.47,256,159,1880.8,374.49,1169.27,1412.68,1637.38,1880.8,2124.21,2348.91,2667.22,1332.72,308.29
2023Q4,可隆-山西,软壳夹克,245,358,70,625,1757691.49,1241,673,2761.54,717.52,1398.25,1864.64,2295.15,2761.54,3227.92,3658.44,4268.33,1568.77,355.08
2023Q4,可隆-山西,配件,171,188,46,301,217324.44,690,405,422.93,89.5,252.87,311.05,364.75,422.93,481.11,534.81,610.89,343.26,82.93
2023Q4,可隆-山西,抓绒夹克,80,213,36,273,792464.64,541,329,1881.48,448.22,1029.86,1321.21,1590.14,1881.48,2172.82,2441.75,2822.74,1469.28,270.68
2023Q4,可隆-山西,防风夹克,219,216,58,411,2005054.93,859,493,2553.83,508.58,1587.53,1918.11,2223.25,2553.83,2884.4,3189.55,3621.84,2090.76,273.47
2023Q4,可隆-山西,其他,59,62,20,104,52034.27,171,141,340.87,97.97,154.73,218.41,277.19,340.87,404.55,463.34,546.61,295.89,65.87
2023Q4,可隆-山西,棉服,143,137,48,262,1280615.76,550,328,3134.48,917.85,1390.56,1987.17,2537.88,3134.48,3731.08,4281.79,5061.97,2454.08,623.62
2023Q4,可隆-山西,连衣裙,41,34,7,72,167103.41,117,82,1686.19,419.24,889.65,1162.15,1413.69,1686.19,1958.7,2210.24,2566.59,1435.35,310.25
2023Q4,可隆-山西,短裤,92,108,35,228,255911.81,369,235,978.14,238.17,525.61,680.42,823.33,978.14,1132.95,1275.85,1478.3,665.13,134.17
2023Q4,可隆-西北,防水夹克,405,262,111,623,3140306.79,1455,778,3116.65,672.23,1839.42,2276.37,2679.7,3116.65,3553.6,3956.93,4528.32,1982.96,332.07
2023Q4,可隆-西北,卫衣,161,200,30,337,377831.22,555,391,1105.21,167.21,787.51,896.2,996.53,1105.21,1213.9,1314.23,1456.36,768.95,101.03
2023Q4,可隆-西北,长袖T恤,145,277,70,479,513140.53,834,492,890.63,203.38,504.2,636.4,758.43,890.63,1022.83,1144.86,1317.74,618.09,78.84
2023Q4,可隆-西北,三合一夹克,117,125,22,285,1158149.58,377,264,4487.08,1074.68,2445.19,3143.73,3788.54,4487.08,5185.62,5830.43,6743.91,3107.93,534.84
2023Q4,可隆-西北,POLO,116,272,59,378,442956.09,764,447,878.99,185.85,525.88,646.68,758.19,878.99,999.79,1111.3,1269.27,619.38,107.18
2023Q4,可隆-西北,短袖T恤,115,271,39,460,271538.54,549,425,805.9,240.63,348.69,505.1,649.48,805.9,962.31,1106.69,1311.23,487.0,119.95
2023Q4,可隆-西北,长裤,153,273,77,478,760310.26,741,503,1288.6,321.48,677.78,886.75,1079.64,1288.6,1497.56,1690.45,1963.71,998.87,182.47
2023Q4,可隆-西北,衬衫,61,93,20,158,212276.49,287,174,1171.29,349.96,506.37,733.84,943.82,1171.29,1398.76,1608.73,1906.2,770.85,167.68
2023Q4,可隆-西北,针织夹克,114,106,14,212,378872.8,335,234,1711.69,351.05,1044.7,1272.88,1483.51,1711.69,1939.87,2150.49,2448.88,1158.76,231.89
2023Q4,可隆-西北,羽绒服,138,239,71,377,1970595.34,771,448,3493.68,1093.85,1415.38,2126.38,2782.68,3493.68,4204.68,4860.99,5790.76,2583.42,319.75
2023Q4,可隆-西北,鞋,141,229,41,347,1070921.19,704,411,2064.46,624.83,877.28,1283.42,1658.32,2064.46,2470.6,2845.49,3376.6,1507.31,236.9
2023Q4,可隆-西北,马夹,44,97,20,157,257565.34,234,161,1695.78,386.12,962.15,1213.13,1444.8,1695.78,1946.76,2178.43,2506.63,1166.26,290.46
2023Q4,可隆-西北,软壳夹克,174,296,19,450,1419703.68,683,489,2657.86,421.73,1856.57,2130.69,2383.74,2657.86,2931.99,3185.03,3543.5,2045.43,385.78
2023Q4,可隆-西北,配件,128,114,35,248,159976.96,532,277,441.84,109.24,234.29,305.29,370.83,441.84,512.84,578.39,671.24,311.39,81.79
2023Q4,可隆-西北,抓绒夹克,122,115,43,228,630548.51,484,280,1769.06,278.12,1240.63,1421.41,1588.28,1769.06,1949.84,2116.71,2353.12,1352.25,314.19
2023Q4,可隆-西北,防风夹克,117,262,50,401,1076122.07,677,429,2473.82,444.74,1628.81,1917.89,2184.74,2473.82,2762.9,3029.75,3407.78,1591.89,367.09
2023Q4,可隆-西北,其他,38,36,10,72,26888.85,147,84,278.56,59.51,165.5,204.18,239.88,278.56,317.24,352.94,403.52,188.99,33.16
2023Q4,可隆-西北,棉服,59,134,14,154,484157.51,295,207,2814.74,639.66,1599.38,2015.16,2398.96,2814.74,3230.52,3614.31,4158.02,1663.03,278.56
2023Q4,可隆-西北,连衣裙,20,50,8,67,128406.72,105,78,1588.41,282.81,1051.07,1234.9,1404.59,1588.41,1772.24,1941.92,2182.31,1256.12,328.34
2023Q4,可隆-西北,短裤,186,130,26,272,303063.54,619,342,748.36,124.35,512.09,592.92,667.53,748.36,829.19,903.81,1009.51,504.39,82.57
2023Q4,可隆-电商,防水夹克,568,646,56,1253,4692709.0,2139,1270,3359.2,890.84,1666.61,2245.65,2780.16,3359.2,3938.24,4472.75,5229.96,2134.16,258.06
2023Q4,可隆-电商,卫衣,321,258,135,696,975201.64,1112,714,1317.74,227.24,885.99,1033.69,1170.03,1317.74,1465.44,1601.78,1794.93,960.93,169.65
2023Q4,可隆-电商,长袖T恤,177,431,123,708,832499.17,1182,731,946.9,271.23,431.55,607.85,770.59,946.9,1123.2,1285.94,1516.49,694.02,84.77
2023Q4,可隆-电商,三合一夹克,177,323,66,500,3065914.56,926,566,4616.42,1243.93,2252.96,3061.51,3807.87,4616.42,5424.98,6171.33,7228.67,3450.83,467.43
2023Q4,可隆-电商,POLO,224,382,90,599,1235890.4,1337,696,1022.61,251.4,544.95,708.36,859.2,1022.61,1186.02,1336.86,1550.54,892.46,164.62
2023Q4,可隆-电商,短袖T恤,305,474,106,833,556439.19,1195,885,788.51,120.17,560.18,638.29,710.4,788.51,866.62,938.73,1040.88,504.31,102.28
2023Q4,可隆-电商,长裤,349,478,139,785,1136258.24,1370,966,1191.57,352.04,522.7,751.52,962.75,1191.57,1420.4,1631.62,1930.85,803.06,211.75
2023Q4,可隆-电商,衬衫,505,371,98,717,1226384.61,1459,974,1200.97,288.45,652.9,840.4,1013.47,1200.97,1388.46,1561.53,1806.72,932.77,255.29
2023Q4,可隆-电商,针织夹克,159,123,72,318,736499.23,609,354,1643.74,271.45,1127.99,1304.43,1467.3,1643.74,1820.19,1983.05,2213.79,1210.89,277.67
2023Q4,可隆-电商,羽绒服,447,477,147,937,3265751.67,1319,1071,3890.86,582.6,2783.92,3162.61,3512.17,3890.86,4269.55,4619.11,5114.32,2401.56,315.35
2023Q4,可隆-电商,鞋,356,216,76,662,1317933.12,1108,648,2047.01,539.45,1022.06,1372.7,1696.37,2047.01,2397.65,2721.32,3179.85,1159.34,284.54
2023Q4,可隆-电商,马夹,123,123,36,358,721789.32,459,282,1850.46,588.69,731.94,1114.59,1467.8,1850.46,2233.11,2586.32,3086.71,1542.05,329.12
2023Q4,可隆-电商,软壳夹克,401,547,112,793,2552593.13,1610,1060,2313.39,394.7,1563.45,1820.01,2056.83,2313.39,2569.95,2806.77,3142.27,1512.48,309.05
2023Q4,可隆-电商,配件,247,533,25,781,330463.33,1287,805,410.57,59.08,298.32,336.72,372.17,410.57,448.97,484.42,534.63,244.36,46.29
2023Q4,可隆-电商,抓绒夹克,193,415,92,548,1566311.71,1245,700,1810.35,498.1,863.96,1187.72,1486.59,1810.35,2134.12,2432.98,2856.37,1377.77,246.1
2023Q4,可隆-电商,防风夹克,573,544,100,1064,2632980.41,1947,1217,2594.57,485.09,1672.91,1988.21,2279.27,2594.57,2909.88,3200.93,3613.25,1520.29,424.76
2023Q4,可隆-电商,其他,92,87,37,203,71098.99,342,216,317.59,75.27,174.58,223.51,268.67,317.59,366.51,411.67,475.65,198.79,48.9
2023Q4,可隆-电商,棉服,228,297,93,562,1756105.06,986,618,2737.94,721.9,1366.32,1835.56,2268.7,2737.94,3207.17,3640.31,4253.93,1765.89,308.7
2023Q4,可隆-电商,连衣裙,57,99,23,172,229400.59,220,179,1419.37,333.68,785.38,1002.27,1202.48,1419.37,1636.27,1836.47,2120.1,1016.24,149.16
2023Q4,可隆-电商,短裤,116,154,61,376,246593.98,483,331,740.92,120.0,512.92,590.92,662.92,740.92,818.92,890.93,992.93,521.88,121.55
2023Q4,可隆-新疆,防水夹克,131,300,46,415,2328366.19,810,477,3900.69,901.62,2187.61,2773.67,3314.64,3900.69,4486.74,5027.72,5794.09,3027.81,428.98
2023Q4,可隆-新疆,卫衣,122,160,9,237,394253.87,423,291,1188.15,306.57,605.67,804.94,988.88,1188.15,1387.42,1571.37,1831.95,994.79,217.66
2023Q4,可隆-新疆,长袖T恤,86,196,60,305,280223.62,494,342,874.85,125.46,636.47,718.02,793.3,874.85,956.4,1031.68,1138.32,603.15,138.07
2023Q4,可隆-新疆,三合一夹克,97,91,43,206,1082255.93,321,231,3644.44,629.37,2448.64,2857.73,3235.35,3644.44,4053.53,4431.14,4966.11,3263.48,507.89
2023Q4,可隆-新疆,POLO,102,239,34,331,352189.29,501,375,971.48,138.33,708.66,798.57,881.57,971.48,1061.39,1144.39,1261.97,754.8,191.0
2023Q4,可隆-新疆,短袖T恤,169,240,42,356,351234.58,593,451,776.61,191.17,413.39,537.65,652.35,776.61,900.86,1015.56,1178.05,560.74,136.44
2023Q4,可隆-新疆,长裤,108,187,22,262,390790.82,464,317,1245.26,247.99,774.07,935.27,1084.06,1245.26,1406.45,1555.25,1766.04,820.2,173.44
2023Q4,可隆-新疆,衬衫,82,106,35,203,341662.12,346,223,1115.47,224.18,689.53,835.25,969.76,1115.47,1261.19,1395.7,1586.25,926.94,158.34
2023Q4,可隆-新疆,针织夹克,71,62,28,123,303370.93,250,161,1544.98,463.35,664.62,965.79,1243.8,1544.98,1846.16,2124.16,2518.01,1204.51,243.15
2023Q4,可隆-新疆,羽绒服,59,104,17,194,845682.18,284,180,3586.85,549.2,2543.38,2900.36,3229.88,3586.85,3943.83,4273.35,4740.17,2801.18,503.59
2023Q4,可隆-新疆,鞋,68,149,40,191,626130.99,478,257,2296.03,443.96,1452.5,1741.08,2007.45,2296.03,2584.6,2850.98,3228.35,1286.38,244.74
2023Q4,可隆-新疆,马夹,78,78,17,172,388208.84,287,173,1764.5,256.88,1276.43,1443.4,1597.53,1764.5,1931.47,2085.6,2303.94,1478.67,241.88
2023Q4,可隆-新疆,软壳夹克,91,194,11,275,822934.15,428,296,2860.15,829.48,1284.13,1823.29,2320.98,2860.15,3399.31,3897.0,4602.06,1880.18,287.33
2023Q4,可隆-新疆,配件,40,25,8,96,26116.71,103,73,386.9,100.79,195.4,260.91,321.39,386.9,452.41,512.89,598.56,258.27,43.18
2023Q4,可隆-新疆,抓绒夹克,56,48,21,112,216420.55,193,125,1527.67,286.13,984.02,1170.0,1341.68,1527.67,1713.66,1885.34,2128.55,1108.6,256.66
2023Q4,可隆-新疆,防风夹克,88,159,50,265,1296167.94,560,297,2490.81,371.9,1784.2,2025.94,2249.08,2490.81,2732.55,2955.68,3271.8,2186.12,506.47
2023Q4,可隆-新疆,其他,22,23,6,48,19835.45,88,51,301.05,61.63,183.95,224.01,260.99,301.05,341.11,378.09,430.47,236.96,34.41
2023Q4,可隆-新疆,棉服,106,99,27,206,954937.51,442,232,2824.16,454.59,1960.43,2255.92,2528.68,2824.16,3119.65,3392.4,3778.81,2202.49,440.09
2023Q4,可隆-新疆,连衣裙,29,29,9,51,117727.63,109,67,1395.34,391.93,650.67,905.43,1140.59,1395.34,1650.1,1885.26,2218.4,1070.99,252.02
2023Q4,可隆-新疆,短裤,65,110,22,146,201932.64,360,197,833.89,205.91,442.65,576.49,700.04,833.89,967.73,1091.28,1266.3,604.22,127.05
2023Q4,可隆-青海,防水夹克,50,171,31,223,943611.18,425,252,3070.1,947.85,1269.18,1885.28,2454.0,3070.1,3686.21,4254.92,5060.6,2153.56,440.02
2023Q4,可隆-青海,卫衣,86,64,27,136,241143.02,277,177,1361.47,373.88,651.09,894.11,1118.44,1361.47,1604.49,1828.82,2146.62,790.61,162.05
2023Q4,可隆-青海,长袖T恤,68,93,20,170,218430.74,279,181,945.03,261.44,448.29,618.23,775.09,945.03,1114.97,1271.83,1494.06,712.17,112.93
2023Q4,可隆-青海,三合一夹克,40,87,14,119,513776.18,230,141,3653.62,530.75,2645.2,2990.19,3308.64,3653.62,3998.61,4317.06,4768.2,2412.42,423.18
2023Q4,可隆-青海,POLO,44,37,15,91,71184.07,111,96,885.52,245.64,418.8,578.47,725.85,885.52,1045.18,1192.56,1401.36,595.4,125.63
2023Q4,可隆-青海,短袖T恤,46,98,23,165,173239.65,231,167,785.68,228.82,350.93,499.66,636.95,785.68,934.42,1071.71,1266.2,675.7,157.35
2023Q4,可隆-青海,长裤,90,95,6,164,184164.48,277,191,1116.23,207.74,721.52,856.55,981.2,1116.23,1251.27,1375.91,1552.49,684.28,144.2
2023Q4,可隆-青海,衬衫,43,40,11,89,132229.48,142,94,1168.86,282.83,631.48,815.32,985.02,1168.86,1352.69,1522.39,1762.79,938.13,210.03
2023Q4,可隆-青海,针织夹克,43,38,8,84,153322.59,151,89,1396.83,214.83,988.65,1128.29,1257.19,1396.83,1536.47,1665.37,1847.98,955.47,227.59
2023Q4,可隆-青海,羽绒服,53,51,14,99,461472.58,177,118,3877.53,863.61,2236.68,2798.02,3316.19,3877.53,4438.88,4957.04,5691.11,2684.08,645.53
2023Q4,可隆-青海,鞋,27,55,20,95,336213.39,200,102,2278.97,668.71,1008.43,1443.09,1844.31,2278.97,2713.63,3114.86,3683.26,1666.91,358.29
2023Q4,可隆-青海,马夹,28,41,9,67,151677.5,117,78,1932.17,587.25,816.4,1198.11,1550.46,1932.17,2313.88,2666.23,3165.39,1387.52,358.05
2023Q4,可隆-青海,软壳夹克,83,47,27,124,613652.45,269,157,2607.04,750.29,1181.49,1669.18,2119.36,2607.04,3094.73,3544.9,4182.65,2115.12,518.82
2023Q4,可隆-青海,配件,45,44,16,92,43793.64,151,105,479.88,105.28,279.85,348.28,411.45,479.88,548.32,611.48,700.97,304.35,64.8
2023Q4,可隆-青海,抓绒夹克,55,45,13,93,254732.09,175,113,1517.63,388.53,779.43,1031.97,1265.08,1517.63,1770.17,2003.29,2333.54,1361.99,321.67
2023Q4,可隆-青海,防风夹克,44,76,17,115,381567.5,203,137,2085.85,487.66,1159.29,1476.27,1768.87,2085.85,2402.83,2695.43,3109.94,1857.58,340.38
2023Q4,可隆-青海,其他,4,7,1,10,5865.95,21,12,320.66,47.07,231.23,261.82,290.06,320.66,351.25,379.49,419.49,256.22,60.01
2023Q4,可隆-青海,棉服,21,60,10,88,314852.66,145,91,2693.55,843.81,1090.31,1638.79,2145.07,2693.55,3242.02,3748.31,4465.54,2069.87,450.44
2023Q4,可隆-青海,连衣裙,4,6,3,10,20416.4,21,13,1504.33,468.07,614.99,919.24,1200.08,1504.33,1808.57,2089.41,2487.27,1076.27,259.34
2023Q4,可隆-青海,短裤,22,29,15,59,66510.78,106,66,837.9,245.87,370.75,530.56,678.08,837.9,997.71,1145.24,1354.23,642.8,120.09
2023Q4,可隆-线下山,防水夹克,143,198,44,344,1665733.67,636,385,3382.8,553.37,2331.39,2691.08,3023.11,3382.8,3742.49,4074.52,4544.89,2575.44,500.17
2023Q4,可隆-线下山,卫衣,192,228,37,384,787551.47,768,457,1326.49,407.74,551.79,816.82,1061.46,1326.49,1591.53,1836.17,2182.75,1009.23,245.03
2023Q4,可隆-线下山,长袖T恤,120,183,60,393,429555.99,622,363,901.43,146.44,623.2,718.39,806.25,901.43,996.62,1084.48,1208.95,718.65,136.34
2023Q4,可隆-线下山,三合一夹克,87,107,31,224,811339.92,377,225,3502.25,1002.44,1597.61,2249.2,2850.67,3502.25,4153.84,4755.3,5607.38,2334.51,621.49
2023Q4,可隆-线下山,POLO,211,167,46,343,586905.78,663,424,972.39,295.0,411.9,603.65,780.64,972.39,1164.14,1341.14,1591.89,801.77,172.23
2023Q4,可隆-线下山,短袖T恤,192,219,61,428,267987.71,472,472,864.98,145.1,589.3,683.61,770.67,864.98,959.29,1046.35,1169.68,574.71,99.91
2023Q4,可隆-线下山,长裤,171,241,41,387,601296.14,699,453,1462.73,219.1,1046.44,1188.85,1320.32,1462.73,1605.15,1736.61,1922.85,896.32,212.05
2023Q4,可隆-线下山,衬衫,63,104,22,166,237169.64,285,189,998.17,286.24,454.32,640.37,812.12,998.17,1184.23,1355.97,1599.27,780.42,150.85
2023Q4,可隆-线下山,针织夹克,150,136,10,234,623783.17,556,296,1337.46,374.31,626.27,869.57,1094.15,1337.46,1580.76,1805.34,2123.51,1131.99,214.7
2023Q4,可隆-线下山,羽绒服,212,172,90,351,2875875.18,734,474,4607.11,712.62,3253.14,3716.34,4143.91,4607.11,5070.32,5497.89,6103.61,3814.98,1065.0
2023Q4,可隆-线下山,鞋,71,121,41,191,526345.99,333,233,2173.1,618.42,998.1,1400.07,1771.12,2173.1,2575.07,2946.13,3471.78,1519.82,255.21
2023Q4,可隆-线下山,马夹,59,94,35,170,384095.94,254,188,2045.84,313.21,1450.74,1654.32,1842.25,2045.84,2249.43,2437.36,2703.59,1481.93,315.93
2023Q4,可隆-线下山,软壳夹克,151,317,73,520,2276185.2,1130,541,2890.07,580.43,1787.26,2164.54,2512.8,2890.07,3267.35,3615.61,4108.97,2146.08,401.74
2023Q4,可隆-线下山,配件,52,114,23,162,94045.49,307,189,403.39,126.59,162.86,245.15,321.1,403.39,485.67,561.63,669.23,320.13,39.8
2023Q4,可隆-线下山,抓绒夹克,104,94,22,208,260785.21,267,220,1391.09,397.76,635.35,893.89,1132.55,1391.09,1649.64,1888.29,2226.38,982.0,205.71
2023Q4,可隆-线下山,防风夹克,199,212,31,406,1051910.29,721,442,2264.69,608.19,1109.12,1504.45,1869.36,2264.69,2660.01,3024.93,3541.89,1484.06,353.04
2023Q4,可隆-线下山,其他,25,29,7,60,21197.52,91,61,265.87,40.13,189.62,215.7,239.78,265.87,291.95,316.03,350.14,216.16,45.94
2023Q4,可隆-线下山,棉服,133,124,21,246,836983.91,428,278,2698.83,758.15,1258.34,1751.14,2206.03,2698.83,3191.62,3646.51,4290.94,2026.49,245.38
2023Q4,可隆-线下山,连衣裙,8,22,5,33,92491.33,69,35,1766.2,436.3,937.23,1220.82,1482.6,1766.2,2049.79,2311.57,2682.43,1200.1,310.54
2023Q4,可隆-线下山,短裤,40,41,11,76,72079.54,138,92,735.58,139.37,470.78,561.37,644.99,735.58,826.17,909.8,1028.26,504.49,84.43
2024Q1,可隆-东北,防水夹克,293,406,57,591,2906371.93,1061,756,3114.84,597.18,1980.19,2368.36,2726.67,3114.84,3503.01,3861.32,4368.92,2781.92,580.81
2024Q1,可隆-东北,卫衣,216,162,72,368,344342.64,450,450,1171.98,282.62,635.0,818.7,988.28,1171.98,1355.69,1525.26,1765.49,724.49,94.82
2024Q1,可隆-东北,长袖T恤,343,269,75,490,757631.42,1101,687,941.05,189.01,581.93,704.79,818.2,941.05,1063.91,1177.31,1337.97,642.9,110.56
2024Q1,可隆-东北,三合一夹克,215,275,82,423,2535870.5,1003,572,4252.25,672.8,2973.93,3411.25,3814.93,4252.25,4689.57,5093.25,5665.13,2429.83,292.35
2024Q1,可隆-东北,POLO,218,489,110,563,1206128.28,1215,817,1047.55,177.97,709.4,825.09,931.87,1047.55,1163.23,1270.02,1421.29,951.65,230.72
2024Q1,可隆-东北,短袖T恤,309,210,105,819,338119.91,860,624,755.21,197.0,380.91,508.96,627.16,755.21,883.26,1001.46,1168.91,482.41,125.45
2024Q1,可隆-东北,长裤,216,417,88,602,1103668.69,1050,721,1516.67,404.93,747.3,1010.5,1253.46,1516.67,1779.87,2022.83,2367.02,1099.0,158.68
2024Q1,可隆-东北,衬衫,175,302,80,479,850702.75,1085,557,1138.63,351.37,471.03,699.42,910.25,1138.63,1367.02,1577.85,1876.51,756.22,127.41
2024Q1,可隆-东北,针织夹克,105,113,30,264,319191.36,397,248,1366.87,342.14,716.8,939.19,1144.48,1366.87,1589.27,1794.55,2085.37,818.42,175.05
2024Q1,可隆-东北,羽绒服,301,340,108,644,2363829.95,995,749,3306.62,745.87,1889.47,2374.28,2821.8,3306.62,3791.43,4238.95,4872.94,2220.15,416.99
2024Q1,可隆-东北,鞋,196,303,64,524,1688201.08,1031,563,2196.26,571.86,1109.72,1481.43,1824.55,2196.26,2567.97,2911.08,3397.17,1619.28,195.63
2024Q1,可隆-东北,马夹,170,147,25,365,863958.85,534,342,2089.67,416.85,1297.66,1568.61,1818.72,2089.67,2360.62,2610.73,2965.05,1564.68,397.23
2024Q1,可隆-东北,软壳夹克,166,269,15,337,1344828.68,837,450,2632.91,824.38,1066.59,1602.44,2097.06,2632.91,3168.76,3663.38,4364.11,1577.1,265.67
2024Q1,可隆-东北,配件,211,353,53,541,277310.18,719,617,505.58,72.99,366.91,414.35,458.14,505.58,553.02,596.82,658.85,369.67,87.89
2024Q1,可隆-东北,抓绒夹克,157,312,73,447,903559.37,848,542,1579.96,317.85,976.05,1182.65,1373.36,1579.96,1786.56,1977.27,2247.44,1118.66,184.52
2024Q1,可隆-东北,防风夹克,181,250,111,560,1182797.03,673,542,2382.29,451.95,1523.57,1817.34,2088.52,2382.29,2676.06,2947.23,3331.39,1666.07,401.1
2024Q1,可隆-东北,其他,73,66,36,148,38441.42,247,175,305.36,81.26,150.97,203.79,252.54,305.36,358.18,406.93,476.0,155.89,32.43
2024Q1,可隆-东北,棉服,230,215,87,394,1378493.46,872,532,2817.49,789.73,1317.0,1830.33,2304.17,2817.49,3330.82,3804.66,4475.93,1507.13,183.64
2024Q1,可隆-东北,连衣裙,46,44,11,88,156221.86,155,101,1560.73,245.79,1093.73,1253.49,1400.97,1560.73,1720.49,1867.97,2076.89,980.31,144.75
2024Q1,可隆-东北,短裤,136,247,70,389,386695.47,553,453,920.7,252.05,441.8,605.63,756.87,920.7,1084.53,1235.76,1450.01,685.75,134.86
2024Q1,可隆-华东,防水夹克,593,602,186,1253,4746938.07,1703,1381,3261.9,808.96,1724.88,2250.7,2736.07,3261.9,3787.72,4273.1,4960.71,2708.4,427.98
2024Q1,可隆-华东,卫衣,165,487,125,764,1407635.98,1481,777,1323.96,214.91,915.62,1055.32,1184.27,1323.96,1463.65,1592.6,1775.28,929.12,182.76
2024Q1,可隆-华东,长袖T恤,713,308,145,947,848136.65,1589,1166,764.35,213.8,358.12,497.09,625.38,764.35,903.32,1031.6,1213.34,532.73,144.4
2024Q1,可隆-华东,三合一夹克,253,438,116,630,4007990.4,1187,807,3835.68,795.8,2323.65,2840.92,3318.4,3835.68,4352.95,4830.43,5506.86,3235.36,837.36
2024Q1,可隆-华东,POLO,426,325,106,806,938776.68,1157,857,970.49,223.71,545.44,690.86,825.08,970.49,1115.9,1250.13,1440.28,758.67,130.35
2024Q1,可隆-华东,短袖T恤,326,632,70,953,899060.84,1333,1028,897.45,241.48,438.64,595.6,740.49,897.45,1054.41,1199.3,1404.56,677.7,159.2
2024Q1,可隆-华东,长裤,719,460,152,892,2834219.13,2272,1331,1508.67,456.24,641.81,938.37,1212.11,1508.67,1805.23,2078.97,2466.78,1247.36,204.5
2024Q1,可隆-华东,衬衫,211,285,68,407,645091.92,941,564,1333.9,407.92,558.85,824.0,1068.75,1333.9,1599.05,1843.8,2190.53,729.96,153.8
2024Q1,可隆-华东,针织夹克,121,288,51,468,698451.32,585,460,1710.85,283.43,1172.33,1356.56,1526.62,1710.85,1895.07,2065.13,2306.04,1183.69,263.89
2024Q1,可隆-华东,羽绒服,281,405,106,587,3613059.82,1378,792,3205.02,615.48,2035.62,2435.68,2804.96,3205.02,3605.08,3974.37,4497.52,2561.08,365.96
2024Q1,可隆-华东,鞋,311,387,113,788,2241307.54,1580,811,1818.0,274.13,1297.15,1475.33,1639.81,1818.0,1996.19,2160.67,2393.68,1393.0,231.8
2024Q1,可隆-华东,马夹,186,279,36,503,1167339.31,789,501,1626.99,508.98,659.93,990.77,1296.16,1626.99,1957.83,2263.22,2695.85,1405.79,244.34
2024Q1,可隆-华东,软壳夹克,276,585,27,812,2780377.17,1690,888,2406.28,355.15,1731.49,1962.34,2175.43,2406.28,2637.13,2850.23,3152.11,1692.11,457.15
2024Q1,可隆-华东,配件,131,263,86,383,222694.41,719,480,484.53,122.91,250.99,330.89,404.63,484.53,564.42,638.17,742.64,295.95,81.36
2024Q1,可隆-华东,抓绒夹克,89,123,37,218,566229.96,448,249,1886.94,384.08,1157.18,1406.83,1637.28,1886.94,2136.59,2367.04,2693.51,1213.89,220.45
2024Q1,可隆-华东,防风夹克,294,503,142,870,2144524.83,1346,939,2552.64,511.53,1580.73,1913.22,2220.14,2552.64,2885.13,3192.05,3626.85,1667.18,440.89
2024Q1,可隆-华东,其他,52,52,12,122,24169.23,122,116,324.39,47.23,234.65,265.35,293.69,324.39,355.09,383.43,423.58,211.25,54.68
2024Q1,可隆-华东,棉服,251,190,112,413,2013084.28,989,553,2981.99,787.19,1486.33,1998.0,2470.32,2981.99,3493.66,3965.97,4635.08,2041.18,317.23
2024Q1,可隆-华东,连衣裙,36,82,17,116,190038.7,192,135,1610.77,431.37,791.16,1071.55,1330.37,1610.77,1891.16,2149.98,2516.65,1025.14,178.16
2024Q1,可隆-华东,短裤,162,209,36,363,418482.02,643,407,861.36,209.68,462.97,599.26,725.06,861.36,997.65,1123.45,1301.68,642.06,121.77
2024Q1,可隆-华北,防水夹克,665,725,139,1196,3956337.71,1967,1529,3075.92,802.03,1552.07,2073.39,2554.6,3075.92,3597.24,4078.46,4760.19,2146.87,306.15
2024Q1,可隆-华北,卫衣,218,377,31,436,920637.68,997,626,1213.59,185.39,861.35,981.85,1093.09,1213.59,1334.09,1445.33,1602.91,896.32,170.75
2024Q1,可隆-华北,长袖T恤,560,470,137,1030,752903.36,1167,1167,799.24,199.92,419.39,549.34,669.29,799.24,929.18,1049.14,1219.07,608.63,158.76
2024Q1,可隆-华北,三合一夹克,466,441,106,696,3243044.91,1348,1013,3643.64,693.82,2325.38,2776.37,3192.66,3643.64,4094.63,4510.92,5100.67,2500.68,370.8
2024Q1,可隆-华北,POLO,215,284,69,688,432009.38,708,568,946.02,189.08,586.76,709.66,823.11,946.02,1068.92,1182.37,1343.09,617.34,160.93
2024Q1,可隆-华北,短袖T恤,272,426,162,630,711201.29,1435,860,653.13,165.31,339.03,446.49,545.67,653.13,760.58,859.77,1000.28,486.28,81.13
2024Q1,可隆-华北,长裤,332,602,75,752,1747766.31,1742,1009,1315.38,417.19,522.71,793.89,1044.2,1315.38,1586.56,1836.87,2191.49,984.13,247.53
2024Q1,可隆-华北,衬衫,282,378,75,547,990545.09,1235,735,1017.88,183.94,668.39,787.95,898.31,1017.88,1137.44,1247.8,1404.15,769.83,214.64
2024Q1,可隆-华北,针织夹克,167,305,73,619,719223.47,652,545,1414.7,380.58,691.61,938.98,1167.33,1414.7,1662.08,1890.43,2213.92,1074.22,238.08
2024Q1,可隆-华北,羽绒服,202,454,77,587,3731404.11,1246,733,3685.74,1016.94,1753.54,2414.56,3024.72,3685.74,4346.75,4956.92,5821.32,2815.05,674.52
2024Q1,可隆-华北,鞋,246,346,66,522,1113321.35,886,658,2136.29,328.8,1511.57,1725.29,1922.57,2136.29,2350.01,2547.29,2826.77,1220.3,337.56
2024Q1,可隆-华北,马夹,232,209,77,419,1102650.72,873,518,1787.88,542.44,757.23,1109.82,1435.29,1787.88,2140.47,2465.93,2927.01,1258.64,225.14
2024Q1,可隆-华北,软壳夹克,261,292,102,569,2641441.18,1377,655,2384.78,477.46,1477.6,1787.95,2074.43,2384.78,2695.13,2981.6,3387.44,1801.93,493.26
2024Q1,可隆-华北,配件,326,363,158,637,323843.25,1168,847,432.16,113.59,216.33,290.17,358.32,432.16,505.99,574.15,670.7,257.66,65.21
2024Q1,可隆-华北,抓绒夹克,108,253,105,399,1030859.67,629,466,1875.3,264.75,1372.27,1544.36,1703.21,1875.3,2047.39,2206.24,2431.28,1655.64,349.15
2024Q1,可隆-华北,防风夹克,187,280,110,510,1334261.06,798,577,2302.36,487.94,1375.28,1692.44,1985.2,2302.36,2619.52,2912.28,3327.03,1855.3,478.36
2024Q1,可隆-华北,其他,131,124,53,231,123494.37,470,308,324.97,48.67,232.49,264.13,293.33,324.97,356.61,385.81,427.18,280.48,52.25
2024Q1,可隆-华北,棉服,207,265,70,454,1965118.58,961,542,3024.37,947.41,1224.28,1840.1,2408.55,3024.37,3640.19,4208.64,5013.94,2134.51,481.5
2024Q1,可隆-华北,连衣裙,63,56,19,105,222001.86,196,138,1387.81,381.59,662.78,910.82,1139.77,1387.81,1635.84,1864.79,2189.15,1125.35,293.77
2024Q1,可隆-华北,短裤,158,152,53,373,418300.62,663,363,789.71,207.76,394.96,530.01,654.67,789.71,924.76,1049.42,1226.02,675.99,152.6
2024Q1,可隆-华南,防水夹克,277,336,28,578,2329880.66,1135,641,3047.35,503.83,2090.06,2417.56,2719.86,3047.35,3374.84,3677.14,4105.4,1973.77,524.82
2024Q1,可隆-华南,卫衣,326,695,116,894,1512629.61,1482,1137,1391.74,367.73,693.04,932.07,1152.71,1391.74,1630.76,1851.41,2163.98,977.91,121.45
2024Q1,可隆-华南,长袖T恤,261,330,103,686,624050.76,909,694,1020.22,285.05,478.63,663.91,834.94,1020.22,1205.5,1376.53,1618.82,674.58,122.65
2024Q1,可隆-华南,三合一夹克,256,357,72,616,2886781.96,993,685,3946.71,1142.6,1775.77,2518.46,3204.02,3946.71,4689.39,5374.95,6346.16,2683.93,599.49
2024Q1,可隆-华南,POLO,272,616,188,808,1846743.93,2149,1076,1069.22,181.35,724.65,842.53,951.34,1069.22,1187.1,1295.91,1450.06,807.24,109.97
2024Q1,可隆-华南,短袖T恤,418,362,73,840,756507.0,1363,853,809.08,247.52,338.79,499.68,648.19,809.08,969.97,1118.48,1328.87,537.03,91.57
2024Q1,可隆-华南,长裤,362,426,184,844,2005061.08,1689,972,1587.93,255.0,1103.43,1269.18,1422.18,1587.93,1753.68,1906.68,2123.43,1249.42,203.7
2024Q1,可隆-华南,衬衫,258,233,129,512,739914.01,920,620,987.8,264.71,484.85,656.91,815.74,987.8,1159.86,1318.69,1543.69,804.5,96.81
2024Q1,可隆-华南,针织夹克,113,174,39,319,403500.71,474,326,1352.89,319.94,745.0,952.96,1144.93,1352.89,1560.86,1752.82,2024.78,896.45,206.92
2024Q1,可隆-华南,羽绒服,388,427,164,692,4928247.01,1650,979,3745.67,949.14,1942.3,2559.24,3128.73,3745.67,4362.61,4932.09,5738.86,2918.72,527.09
2024Q1,可隆-华南,鞋,279,272,74,462,1607090.47,1083,625,2076.06,647.41,845.99,1266.8,1655.25,2076.06,2496.88,2885.32,3435.62,1701.82,398.55
2024Q1,可隆-华南,马夹,172,175,69,377,541794.67,466,416,1844.03,384.95,1112.63,1362.85,1593.82,1844.03,2094.25,2325.22,2652.43,1295.37,349.4
2024Q1,可隆-华南,软壳夹克,344,421,189,856,2325160.47,1561,954,2550.14,562.4,1481.58,1847.14,2184.58,2550.14,2915.7,3253.14,3731.18,1504.94,399.48
2024Q1,可隆-华南,配件,147,330,81,462,236047.48,959,558,409.64,75.9,265.42,314.76,360.3,409.64,458.98,504.52,569.04,239.74,32.95
2024Q1,可隆-华南,抓绒夹克,158,205,57,394,642770.54,597,420,1685.02,310.28,1095.48,1297.17,1483.34,1685.02,1886.71,2072.88,2336.62,1089.14,280.48
2024Q1,可隆-华南,防风夹克,522,424,90,691,3434087.49,1510,1036,2832.82,424.76,2025.78,2301.87,2556.73,2832.82,3108.92,3363.77,3724.82,2492.75,324.9
2024Q1,可隆-华南,其他,69,82,13,134,57282.47,223,164,304.78,52.82,204.42,238.76,270.45,304.78,339.11,370.81,415.7,252.0,41.69
2024Q1,可隆-华南,棉服,116,216,38,294,1265942.71,604,370,3039.68,677.23,1752.94,2193.14,2599.48,3039.68,3479.88,3886.22,4461.86,2181.91,497.53
2024Q1,可隆-华南,连衣裙,51,67,20,130,330068.13,243,138,1686.07,494.82,745.91,1067.54,1364.43,1686.07,2007.7,2304.59,2725.19,1347.68,267.25
2024Q1,可隆-华南,短裤,150,139,45,293,317663.04,530,334,782.35,197.19,407.69,535.86,654.17,782.35,910.52,1028.83,1196.44,590.02,159.79
2024Q1,可隆-华西,防水夹克,406,363,184,940,3046935.4,1442,953,2650.74,649.57,1416.55,1838.78,2228.52,2650.74,3072.97,3462.71,4014.85,2027.03,472.93
2024Q1,可隆-华西,卫衣,235,348,83,485,909143.96,918,666,1231.45,373.4,521.99,764.7,988.74,1231.45,1474.17,1698.21,2015.6,962.98,160.78
2024Q1,可隆-华西,长袖T恤,319,229,72,556,688192.59,1128,620,848.92,249.61,374.67,536.91,686.68,848.92,1011.17,1160.94,1373.1,632.98,138.48
2024Q1,可隆-华西,三合一夹克,175,190,50,377,1656531.42,653,415,4184.65,870.2,2531.27,3096.9,3619.02,4184.65,4750.28,5272.4,6012.07,2503.87,309.53
2024Q1,可隆-华西,POLO,232,326,102,539,896878.95,1207,660,1023.64,299.26,455.05,649.56,829.12,1023.64,1218.15,1397.71,1652.07,720.84,128.31
2024Q1,可隆-华西,短袖T恤,411,267,63,746,711860.58,1203,741,784.8,219.84,367.11,510.0,641.9,784.8,927.69,1059.59,1246.45,586.29,151.2
2024Q1,可隆-华西,长裤,209,495,49,687,1677515.34,1232,753,1591.51,496.09,648.94,971.4,1269.05,1591.51,1913.97,2211.62,2633.3,1270.57,163.14
2024Q1,可隆-华西,衬衫,171,389,65,567,870700.58,1080,625,1003.1,229.79,566.5,715.86,853.74,1003.1,1152.46,1290.34,1485.66,783.5,178.72
2024Q1,可隆-华西,针织夹克,202,170,83,398,713160.79,753,455,1353.88,328.8,729.16,942.88,1140.16,1353.88,1567.6,1764.88,2044.36,870.3,184.61
2024Q1,可隆-华西,羽绒服,342,341,39,566,2785595.12,1111,722,3405.63,608.39,2249.69,2645.14,3010.18,3405.63,3801.08,4166.11,4683.24,2383.72,385.35
2024Q1,可隆-华西,鞋,105,199,54,369,1170247.35,546,358,2730.85,795.6,1219.21,1736.35,2213.71,2730.85,3247.99,3725.35,4401.61,2066.61,356.74
2024Q1,可隆-华西,马夹,138,184,64,330,1145570.15,873,386,1819.23,570.62,735.05,1105.96,1448.33,1819.23,2190.14,2532.51,3017.54,1366.48,313.75
2024Q1,可隆-华西,软壳夹克,244,308,120,502,1893873.95,865,672,2514.36,528.29,1510.6,1854.0,2170.97,2514.36,2857.75,3174.73,3623.78,2196.83,613.03
2024Q1,可隆-华西,配件,124,228,44,297,240907.99,702,396,450.99,105.04,251.42,319.69,382.71,450.99,519.26,582.28,671.56,323.3,40.24
2024Q1,可隆-华西,抓绒夹克,230,156,54,395,1007560.88,805,440,1925.19,511.26,953.8,1286.12,1592.88,1925.19,2257.51,2564.27,2998.84,1317.85,368.42
2024Q1,可隆-华西,防风夹克,128,177,43,347,1024139.87,555,348,2457.56,637.41,1246.47,1660.79,2043.24,2457.56,2871.88,3254.32,3796.13,1674.99,289.55
2024Q1,可隆-华西,其他,32,72,17,86,29662.74,163,121,303.87,78.26,155.18,206.05,253.0,303.87,354.74,401.69,468.21,188.76,51.06
2024Q1,可隆-华西,棉服,83,207,14,250,1054924.05,508,304,3054.66,474.94,2152.26,2460.98,2745.94,3054.66,3363.37,3648.34,4052.04,1977.18,356.2
2024Q1,可隆-华西,连衣裙,43,71,17,95,246201.16,233,131,1465.41,216.66,1053.76,1194.59,1324.58,1465.41,1606.24,1736.23,1920.39,1118.24,140.09
2024Q1,可隆-华西,短裤,343,158,54,356,513549.07,915,555,764.68,214.57,356.99,496.47,625.21,764.68,904.15,1032.89,1215.27,501.91,104.29
2024Q1,可隆-安徽,防水夹克,316,356,91,637,3211552.4,1453,763,2875.14,436.68,2045.45,2329.29,2591.3,2875.14,3158.99,3421.0,3792.17,2218.38,601.67
2024Q1,可隆-安徽,卫衣,67,237,45,309,406031.64,447,349,1015.26,302.23,441.02,637.47,818.81,1015.26,1211.71,1393.05,1649.95,887.8,176.86
2024Q1,可隆-安徽,长袖T恤,312,243,44,612,704493.05,1002,599,933.57,256.1,446.98,613.45,767.11,933.57,1100.04,1253.7,1471.39,765.51,208.0
2024Q1,可隆-安徽,三合一夹克,133,196,54,368,1415474.22,571,383,3805.77,895.51,2104.31,2686.39,3223.69,3805.77,4387.85,4925.15,5686.33,2509.17,640.16
2024Q1,可隆-安徽,POLO,199,134,37,309,349360.04,443,370,1099.74,158.51,798.57,901.6,996.71,1099.74,1202.78,1297.89,1432.63,806.52,122.87
2024Q1,可隆-安徽,短袖T恤,69,126,25,194,289677.11,451,220,736.91,192.97,370.26,495.69,611.48,736.91,862.34,978.12,1142.15,588.95,101.68
2024Q1,可隆-安徽,长裤,197,169,83,366,999203.08,807,449,1664.92,347.15,1005.34,1230.99,1439.27,1664.92,1890.57,2098.86,2393.93,1310.28,303.62
2024Q1,可隆-安徽,衬衫,164,125,38,273,365999.59,484,327,1115.79,216.54,704.38,845.12,975.05,1115.79,1256.54,1386.46,1570.52,822.34,176.43
2024Q1,可隆-安徽,针织夹克,99,164,50,242,443656.59,520,313,1284.57,217.48,871.37,1012.73,1143.21,1284.57,1425.93,1556.42,1741.27,914.81,153.6
2024Q1,可隆-安徽,羽绒服,242,238,98,487,2604172.05,869,578,3883.07,1223.14,1559.1,2354.14,3088.02,3883.07,4678.11,5411.99,6451.66,3077.4,638.63
2024Q1,可隆-安徽,鞋,108,134,18,217,482806.61,323,260,2057.51,445.35,1211.34,1500.81,1768.03,2057.51,2346.99,2614.2,2992.75,1410.03,276.3
2024Q1,可隆-安徽,马夹,88,117,37,240,632476.09,385,242,2322.3,519.43,1335.37,1673.0,1984.66,2322.3,2659.93,2971.59,3413.11,1627.6,253.37
2024Q1,可隆-安徽,软壳夹克,230,327,94,538,1417552.67,837,651,2837.58,543.94,1804.1,2157.66,2484.02,2837.58,3191.14,3517.51,3979.86,1760.96,445.22
2024Q1,可隆-安徽,配件,122,151,39,251,192569.7,557,312,404.73,128.79,160.02,243.73,321.01,404.73,488.44,565.72,675.2,324.16,48.17
2024Q1,可隆-安徽,抓绒夹克,100,175,18,264,552488.35,461,293,1683.25,247.44,1213.11,1373.94,1522.41,1683.25,1844.09,1992.55,2202.88,1292.43,283.47
2024Q1,可隆-安徽,防风夹克,243,245,77,514,873491.5,678,565,2498.74,462.41,1620.17,1920.73,2198.18,2498.74,2799.3,3076.75,3469.79,1309.65,347.22
2024Q1,可隆-安徽,其他,79,47,24,147,59304.95,290,150,316.71,90.02,145.68,204.19,258.2,316.71,375.22,429.23,505.75,204.17,54.15
2024Q1,可隆-安徽,棉服,129,165,24,286,878954.98,428,318,3126.72,996.22,1233.91,1881.45,2479.18,3126.72,3774.26,4372.0,5218.78,2024.1,395.03
2024Q1,可隆-安徽,连衣裙,24,35,9,57,81076.57,81,68,1477.23,443.41,634.75,922.97,1189.01,1477.23,1765.45,2031.5,2408.4,974.91,235.18
2024Q1,可隆-安徽,短裤,116,92,15,204,168080.17,350,223,801.45,246.27,333.53,493.61,641.37,801.45,961.53,1109.29,1318.62,528.06,126.53
2024Q1,可隆-山西,防水夹克,469,267,99,876,2708908.68,1418,835,2917.45,500.75,1966.02,2291.51,2591.96,2917.45,3242.94,3543.39,3969.03,1972.39,336.76
2024Q1,可隆-山西,卫衣,115,184,57,311,413440.78,561,356,958.92,218.02,544.67,686.39,817.2,958.92,1100.63,1231.45,1416.76,763.13,125.15
2024Q1,可隆-山西,长袖T恤,130,290,110,420,753324.94,913,530,1047.33,161.68,740.13,845.22,942.23,1047.33,1152.42,1249.43,1386.86,772.85,181.58
2024Q1,可隆-山西,三合一夹克,83,132,30,252,886099.13,396,245,4082.08,869.65,2429.74,2995.02,3516.81,4082.08,4647.35,5169.14,5908.35,2290.03,525.79
2024Q1,可隆-山西,POLO,235,172,67,442,526856.69,729,474,949.3,247.75,478.57,639.61,788.26,949.3,1110.34,1258.99,1469.58,720.56,144.48
2024Q1,可隆-山西,短袖T恤,163,310,72,587,616760.99,965,545,796.06,129.25,550.48,634.49,712.04,796.06,880.07,957.63,1067.49,676.92,110.45
2024Q1,可隆-山西,长裤,216,312,62,591,636587.81,756,590,1258.73,303.02,682.99,879.95,1061.76,1258.73,1455.69,1637.5,1895.07,779.83,143.57
2024Q1,可隆-山西,衬衫,159,177,54,304,468821.8,570,390,1108.67,251.2,631.38,794.66,945.39,1108.67,1271.95,1422.67,1636.19,772.2,132.57
2024Q1,可隆-山西,针织夹克,86,82,33,141,509401.66,341,201,1632.15,372.02,925.32,1167.13,1390.34,1632.15,1873.96,2097.17,2413.38,1391.9,304.87
2024Q1,可隆-山西,羽绒服,177,210,51,383,2179951.16,816,438,3354.79,954.67,1540.92,2161.45,2734.25,3354.79,3975.32,4548.12,5359.59,2629.9,679.62
2024Q1,可隆-山西,鞋,101,112,28,233,440440.9,283,241,2285.68,665.91,1020.44,1453.29,1852.83,2285.68,2718.52,3118.07,3684.09,1613.92,203.65
2024Q1,可隆-山西,马夹,95,154,19,235,640969.47,471,268,1906.89,418.29,1112.14,1384.02,1635.0,1906.89,2178.77,2429.75,2785.29,1383.4,288.76
2024Q1,可隆-山西,软壳夹克,164,133,48,297,967329.12,555,345,2679.45,456.31,1812.45,2109.06,2382.85,2679.45,2976.05,3249.84,3637.71,1771.75,489.52
2024Q1,可隆-山西,配件,197,216,87,378,194184.19,637,500,411.58,95.94,229.28,291.65,349.21,411.58,473.94,531.51,613.06,295.8,71.34
2024Q1,可隆-山西,抓绒夹克,111,114,15,220,332006.73,284,240,1542.47,240.79,1084.97,1241.48,1385.95,1542.47,1698.98,1843.45,2048.12,1149.71,221.01
2024Q1,可隆-山西,防风夹克,214,284,74,526,1873366.25,958,572,2142.08,531.51,1132.21,1477.7,1796.6,2142.08,2487.56,2806.47,3258.25,1850.05,351.61
2024Q1,可隆-山西,其他,40,58,16,104,59620.98,211,114,300.22,47.21,210.53,241.22,269.54,300.22,330.91,359.23,399.36,274.3,59.61
2024Q1,可隆-山西,棉服,134,144,48,331,949160.15,388,326,2889.1,794.2,1380.12,1896.35,2372.87,2889.1,3405.33,3881.85,4556.93,2398.83,375.19
2024Q1,可隆-山西,连衣裙,40,30,15,75,103909.06,128,85,1518.96,461.55,642.02,942.02,1218.95,1518.96,1818.97,2095.9,2488.21,800.56,196.09
2024Q1,可隆-山西,短裤,131,203,14,252,345976.84,514,348,774.41,148.71,491.85,588.52,677.74,774.41,871.07,960.3,1086.71,641.7,173.73
2024Q1,可隆-西北,防水夹克,178,216,82,451,1557725.83,643,476,3222.64,706.97,1879.39,2338.92,2763.11,3222.64,3682.17,4106.35,4707.28,2346.61,601.2
2024Q1,可隆-西北,卫衣,123,256,40,496,687922.21,735,419,1237.84,339.04,593.67,814.04,1017.46,1237.84,1458.21,1661.63,1949.81,921.96,255.95
2024Q1,可隆-西北,长袖T恤,155,275,53,408,491598.99,846,483,780.1,170.28,456.56,567.25,669.42,780.1,890.79,992.96,1137.7,561.12,116.04
2024Q1,可隆-西北,三合一夹克,135,168,52,305,1474709.54,528,355,3756.72,657.91,2506.69,2934.33,3329.08,3756.72,4184.36,4579.1,5138.32,2779.12,569.9
2024Q1,可隆-西北,POLO,171,305,48,502,481696.35,636,524,1156.8,181.48,811.98,929.94,1038.83,1156.8,1274.76,1383.65,1537.91,791.35,212.78
2024Q1,可隆-西北,短袖T恤,197,173,28,426,359110.93,661,398,752.67,191.45,388.91,513.36,628.23,752.67,877.11,991.98,1154.71,528.5,138.73
2024Q1,可隆-西北,长裤,79,211,29,320,392946.46,512,319,1131.46,261.06,635.44,805.13,961.76,1131.46,1301.15,1457.79,1679.69,774.17,143.78
2024Q1,可隆-西北,衬衫,88,135,46,243,375720.78,493,269,1067.81,321.86,456.28,665.49,858.6,1067.81,1277.02,1470.14,1743.72,767.44,212.18
2024Q1,可隆-西北,针织夹克,160,107,52,246,405941.36,409,319,1295.99,205.98,904.64,1038.52,1162.11,1295.99,1429.88,1553.47,1728.55,955.69,178.45
2024Q1,可隆-西北,羽绒服,224,208,84,474,1975266.84,746,516,3907.44,960.78,2081.97,2706.47,3282.94,3907.44,4531.94,5108.41,5925.07,2731.23,478.4
2024Q1,可隆-西北,鞋,114,263,64,420,999442.28,665,441,2171.04,490.02,1240.01,1558.52,1852.53,2171.04,2489.56,2783.57,3200.08,1524.81,412.35
2024Q1,可隆-西北,马夹,105,139,32,260,545120.35,405,276,1790.36,446.15,942.68,1232.68,1500.36,1790.36,2080.36,2348.04,2727.27,1398.68,336.61
2024Q1,可隆-西北,软壳夹克,106,163,50,416,1108891.07,595,319,2846.79,606.73,1694.0,2088.38,2452.42,2846.79,3241.17,3605.21,4120.93,1906.66,472.86
2024Q1,可隆-西北,配件,81,175,66,251,173344.18,509,322,426.64,77.58,279.24,329.67,376.22,426.64,477.07,523.62,589.57,328.39,67.15
2024Q1,可隆-西北,抓绒夹克,69,90,28,208,290916.33,239,187,1595.69,249.03,1122.53,1284.4,1433.82,1595.69,1757.56,1906.98,2118.66,1168.6,167.85
2024Q1,可隆-西北,防风夹克,226,219,73,452,1058859.61,762,518,2169.87,650.38,934.16,1356.9,1747.13,2169.87,2592.62,2982.84,3535.66,1365.88,174.63
2024Q1,可隆-西北,其他,42,63,10,103,39421.04,197,115,272.37,43.11,190.46,218.48,244.34,272.37,300.39,326.25,362.9,200.66,41.41
2024Q1,可隆-西北,棉服,83,116,14,164,691309.27,326,213,2750.76,614.51,1583.19,1982.62,2351.33,2750.76,3150.19,3518.89,4041.22,2235.94,350.59
2024Q1,可隆-西北,连衣裙,49,39,5,90,147937.21,145,93,1430.38,339.88,784.61,1005.53,1209.46,1430.38,1651.3,1855.23,2144.13,1026.29,276.12
2024Q1,可隆-西北,短裤,61,126,22,231,189370.5,307,209,777.73,113.28,562.5,636.13,704.1,777.73,851.36,919.33,1015.62,618.68,136.34
2024Q1,可隆-电商,防水夹克,186,567,90,709,2577420.78,1267,843,2951.15,922.49,1198.42,1798.04,2351.53,2951.15,3550.77,4104.27,4888.38,2068.09,518.76
2024Q1,可隆-电商,卫衣,364,477,127,800,1669388.31,1820,968,1196.96,255.67,711.19,877.37,1030.77,1196.96,1363.15,1516.55,1733.87,973.73,189.83
2024Q1,可隆-电商,长袖T恤,525,654,36,1033,1243096.4,2030,1215,944.33,196.02,571.88,699.3,816.91,944.33,1071.74,1189.35,1355.97,589.57,122.3
2024Q1,可隆-电商,三合一夹克,273,284,109,594,3346788.22,1070,666,4672.41,993.75,2784.29,3430.23,4026.48,4672.41,5318.35,5914.6,6759.28,3314.34,693.08
2024Q1,可隆-电商,POLO,516,629,35,1112,1345847.33,1691,1180,983.96,225.15,556.17,702.52,837.61,983.96,1130.3,1265.39,1456.77,841.34,160.03
2024Q1,可隆-电商,短袖T恤,513,452,180,923,777216.7,1599,1145,794.34,167.73,475.66,584.68,685.32,794.34,903.36,1004.0,1146.56,506.24,128.97
2024Q1,可隆-电商,长裤,432,717,144,1259,2464398.74,2272,1293,1269.07,355.86,592.93,824.24,1037.76,1269.07,1500.38,1713.89,2016.37,1029.67,144.49
2024Q1,可隆-电商,衬衫,239,262,63,517,611231.12,879,564,943.36,239.5,488.32,643.99,787.69,943.36,1099.03,1242.73,1446.3,673.5,153.87
2024Q1,可隆-电商,针织夹克,184,311,40,489,987960.58,1040,535,1485.96,366.44,789.73,1027.91,1247.77,1485.96,1724.14,1944.0,2255.48,1000.28,153.37
2024Q1,可隆-电商,羽绒服,333,550,79,933,3808619.94,1616,962,3573.67,1047.0,1584.37,2264.92,2893.12,3573.67,4254.22,4882.42,5772.37,2393.73,563.5
2024Q1,可隆-电商,鞋,261,705,124,1029,3109002.66,1808,1090,2409.84,521.27,1419.42,1758.25,2071.01,2409.84,2748.67,3061.43,3504.51,1798.02,443.41
2024Q1,可隆-电商,马夹,233,288,75,515,1491306.27,956,596,2022.43,605.05,872.83,1266.12,1629.15,2022.43,2415.71,2778.74,3293.03,1558.11,314.38
2024Q1,可隆-电商,软壳夹克,269,461,121,810,3058571.87,1458,851,2587.99,592.04,1463.11,1847.93,2203.16,2587.99,2972.81,3328.04,3831.27,2033.04,441.88
2024Q1,可隆-电商,配件,428,491,56,702,718886.73,1953,975,455.81,66.06,330.29,373.23,412.87,455.81,498.75,538.39,594.54,357.57,94.14
2024Q1,可隆-电商,抓绒夹克,205,419,53,619,1245509.26,1138,677,1567.51,461.78,690.12,990.28,1267.35,1567.51,1867.67,2144.74,2537.26,1100.34,190.75
2024Q1,可隆-电商,防风夹克,319,366,111,653,2004495.43,1331,796,2264.7,578.51,1165.54,1541.57,1888.67,2264.7,2640.73,2987.83,3479.56,1478.28,411.09
2024Q1,可隆-电商,其他,136,117,28,216,120135.14,550,281,301.45,86.07,137.91,193.86,245.5,301.45,357.4,409.04,482.2,229.09,53.91
2024Q1,可隆-电商,棉服,254,264,78,495,2288482.93,1021,596,3035.43,468.07,2146.1,2450.34,2731.19,3035.43,3339.68,3620.52,4018.38,2151.76,365.89
2024Q1,可隆-电商,连衣裙,49,127,29,155,321049.28,307,205,1518.01,352.21,848.82,1077.76,1289.08,1518.01,1746.95,1958.27,2257.65,1066.23,293.14
2024Q1,可隆-电商,短裤,169,300,79,463,489935.28,802,548,822.74,212.44,419.11,557.19,684.65,822.74,960.82,1088.28,1268.85,577.84,142.15
2024Q1,可隆-新疆,防水夹克,196,173,71,338,2358664.38,811,440,3284.22,511.05,2313.23,2645.42,2952.04,3284.22,3616.4,3923.03,4357.42,2689.9,670.28
2024Q1,可隆-新疆,卫衣,77,78,10,183,156233.23,220,165,1012.26,231.62,572.18,722.73,861.71,1012.26,1162.82,1301.79,1498.67,750.87,106.56
2024Q1,可隆-新疆,长袖T恤,79,233,31,301,399264.45,507,343,873.31,147.06,593.91,689.49,777.73,873.31,968.9,1057.13,1182.13,711.18,153.91
2024Q1,可隆-新疆,三合一夹克,85,104,25,173,1107445.03,426,214,3552.44,960.14,1728.18,2352.27,2928.35,3552.44,4176.53,4752.61,5568.72,2413.65,669.02
2024Q1,可隆-新疆,POLO,170,114,70,296,324530.7,425,354,918.22,256.34,431.18,597.8,751.6,918.22,1084.85,1238.65,1456.54,821.7,210.02
2024Q1,可隆-新疆,短袖T恤,116,110,31,234,169674.35,356,257,623.44,171.14,298.27,409.51,512.2,623.44,734.68,837.36,982.83,483.46,67.88
2024Q1,可隆-新疆,长裤,146,204,50,346,625602.69,563,400,1356.59,232.53,914.79,1065.94,1205.45,1356.59,1507.73,1647.25,1844.9,1056.54,283.01
2024Q1,可隆-新疆,衬衫,89,105,20,197,277704.12,361,214,1236.31,335.73,598.42,816.65,1018.09,1236.31,1454.54,1655.98,1941.35,710.96,144.74
2024Q1,可隆-新疆,针织夹克,70,84,16,151,236857.11,213,170,1222.73,338.42,579.74,799.71,1002.76,1222.73,1442.7,1645.75,1933.4,1108.51,289.04
2024Q1,可隆-新疆,羽绒服,78,115,27,196,866919.98,308,220,3755.35,718.63,2389.96,2857.07,3288.24,3755.35,4222.46,4653.64,5264.48,2760.45,722.51
2024Q1,可隆-新疆,鞋,99,84,16,224,454671.02,331,199,2075.39,576.01,980.96,1355.37,1700.98,2075.39,2449.8,2795.41,3285.02,1315.41,281.09
2024Q1,可隆-新疆,马夹,42,106,20,190,377995.71,269,168,1790.37,268.92,1279.43,1454.22,1615.57,1790.37,1965.17,2126.52,2355.1,1406.41,177.74
2024Q1,可隆-新疆,软壳夹克,67,83,19,189,479656.33,226,169,2427.51,512.02,1454.67,1787.48,2094.7,2427.51,2760.32,3067.54,3502.76,2049.86,420.7
2024Q1,可隆-新疆,配件,42,65,17,106,55943.3,179,124,418.55,109.11,211.24,282.16,347.63,418.55,489.47,554.94,647.69,312.68,68.47
2024Q1,可隆-新疆,抓绒夹克,102,95,46,192,433280.6,461,243,1597.2,409.46,819.22,1085.37,1331.05,1597.2,1863.35,2109.03,2457.07,946.51,245.98
2024Q1,可隆-新疆,防风夹克,83,108,30,190,720595.25,335,221,2477.45,626.74,1286.64,1694.02,2070.07,2477.45,2884.83,3260.88,3793.61,1997.64,267.1
2024Q1,可隆-新疆,其他,33,57,21,83,34107.63,205,111,318.51,94.14,139.64,200.83,257.31,318.51,379.7,436.18,516.2,175.5,36.19
2024Q1,可隆-新疆,棉服,56,80,23,141,489577.77,208,159,3131.16,760.61,1685.99,2180.39,2636.76,3131.16,3625.56,4081.92,4728.44,2383.41,623.52
2024Q1,可隆-新疆,连衣裙,23,26,10,66,96659.96,97,59,1446.29,325.01,828.77,1040.03,1235.03,1446.29,1657.54,1852.55,2128.81,941.93,185.23
2024Q1,可隆-新疆,短裤,75,84,16,169,126044.24,216,175,795.09,203.8,407.86,540.33,662.62,795.09,927.56,1049.85,1223.08,561.18,97.71
2024Q1,可隆-青海,防水夹克,68,106,16,205,779787.34,318,190,3328.56,783.86,1839.24,2348.74,2819.06,3328.56,3838.07,4308.38,4974.66,2544.82,353.06
2024Q1,可隆-青海,卫衣,37,46,13,104,113534.71,128,96,1160.54,347.53,500.23,726.13,934.64,1160.54,1386.43,1594.95,1890.35,924.58,189.51
2024Q1,可隆-青海,长袖T恤,59,77,10,138,227515.89,268,146,1021.89,230.82,583.32,733.36,871.85,1021.89,1171.92,1310.41,1506.61,804.67,208.99
2024Q1,可隆-青海,三合一夹克,60,33,11,83,494492.65,169,104,4334.61,966.8,2497.7,3126.12,3706.2,4334.61,4963.03,5543.11,6364.89,3112.76,856.99
2024Q1,可隆-青海,POLO,30,84,18,109,150000.45,225,132,1078.41,220.12,660.18,803.26,935.33,1078.41,1221.48,1353.56,1540.66,697.17,132.6
2024Q1,可隆-青海,短袖T恤,43,51,17,87,84627.48,188,111,832.71,158.16,532.21,635.01,729.91,832.71,935.51,1030.4,1164.84,416.54,104.86
2024Q1,可隆-青海,长裤,27,64,22,111,195751.84,168,113,1414.09,235.87,965.93,1119.25,1260.77,1414.09,1567.4,1708.92,1909.41,1105.58,220.57
2024Q1,可隆-青海,衬衫,57,68,6,97,114971.1,138,131,1202.41,203.19,816.34,948.41,1070.33,1202.41,1334.48,1456.4,1629.11,804.74,194.6
2024Q1,可隆-青海,针织夹克,47,59,19,86,110859.94,160,125,1033.95,291.43,480.24,669.67,844.52,1033.95,1223.37,1398.23,1645.94,710.06,177.79
2024Q1,可隆-青海,羽绒服,46,102,24,139,830730.38,277,172,3757.83,1133.22,1604.72,2341.31,3021.24,3757.83,4494.43,5174.36,6137.59,2991.02,555.69
2024Q1,可隆-青海,鞋,65,73,7,129,344089.08,194,145,2311.07,549.75,1266.55,1623.89,1953.73,2311.07,2668.41,2998.26,3465.54,1798.33,455.19
2024Q1,可隆-青海,马夹,40,26,15,63,205907.62,129,81,2212.17,479.54,1301.05,1612.75,1900.47,2212.17,2523.87,2811.6,3219.21,1635.37,383.49
2024Q1,可隆-青海,软壳夹克,65,80,10,143,493722.33,247,155,2750.61,854.57,1126.93,1682.4,2195.14,2750.61,3306.08,3818.82,4545.21,1974.73,393.56
2024Q1,可隆-青海,配件,40,44,12,93,52035.95,144,96,477.15,95.57,295.56,357.68,415.02,477.15,539.27,596.61,677.85,364.32,98.35
2024Q1,可隆-青海,抓绒夹克,36,41,13,75,185322.55,133,90,1621.8,516.62,640.23,976.03,1286.0,1621.8,1957.6,2267.57,2706.69,1433.28,250.79
2024Q1,可隆-青海,防风夹克,71,69,15,114,402229.18,240,155,2639.66,615.68,1469.88,1870.07,2239.47,2639.66,3039.86,3409.26,3932.59,1740.55,332.96
2024Q1,可隆-青海,其他,10,11,4,26,7367.84,37,25,286.0,67.99,156.81,201.01,241.8,286.0,330.19,370.99,428.78,195.16,38.81
2024Q1,可隆-青海,棉服,29,54,14,77,202669.13,108,97,2697.93,646.37,1469.82,1889.96,2277.79,2697.93,3118.07,3505.89,4055.3,2018.78,478.52
2024Q1,可隆-青海,连衣裙,8,16,1,20,56854.9,49,25,1742.41,493.7,804.39,1125.29,1421.51,1742.41,2063.32,2359.53,2779.17,1227.36,158.17
2024Q1,可隆-青海,短裤,41,48,13,79,79528.76,180,102,781.43,114.01,564.81,638.92,707.32,781.43,855.53,923.94,1020.84,504.92,105.28
2024Q1,可隆-线下山,防水夹克,238,362,75,534,3087592.57,1100,675,3166.39,469.28,2274.76,2579.79,2861.36,3166.39,3471.43,3752.99,4151.88,2706.99,731.53
2024Q1,可隆-线下山,卫衣,198,264,38,392,1113240.95,901,500,1327.59,359.55,644.45,878.16,1093.89,1327.59,1561.29,1777.02,2082.64,1119.72,311.46
2024Q1,可隆-线下山,长袖T恤,182,296,23,435,420044.55,829,501,903.53,273.74,383.42,561.35,725.6,903.53,1081.46,1245.7,1478.38,514.06,121.12
2024Q1,可隆-线下山,三合一夹克,133,136,53,232,1543590.47,475,322,4269.46,1102.7,2174.33,2891.09,3552.71,4269.46,4986.21,5647.83,6585.13,3147.47,814.87
2024Q1,可隆-线下山,POLO,71,77,24,154,132403.86,189,172,974.62,276.65,448.98,628.81,794.8,974.62,1154.44,1320.43,1555.59,646.32,174.24
2024Q1,可隆-线下山,短袖T恤,107,106,37,223,260133.7,418,250,736.18,201.43,353.46,484.39,605.25,736.18,867.11,987.96,1159.18,592.9,103.86
2024Q1,可隆-线下山,长裤,229,240,35,542,673193.47,802,504,1211.21,199.22,832.69,962.18,1081.72,1211.21,1340.7,1460.23,1629.57,841.38,210.09
2024Q1,可隆-线下山,衬衫,122,209,27,297,537874.66,672,358,1060.08,172.68,731.99,844.23,947.84,1060.08,1172.32,1275.93,1422.7,835.37,125.16
2024Q1,可隆-线下山,针织夹克,102,132,40,196,342310.38,403,274,1189.04,304.07,611.31,808.95,991.39,1189.04,1386.68,1569.12,1827.58,836.88,186.09
2024Q1,可隆-线下山,羽绒服,158,200,47,389,1261833.9,486,405,3706.67,688.22,2399.05,2846.39,3259.33,3706.67,4154.01,4566.95,5151.94,2741.58,447.5
2024Q1,可隆-线下山,鞋,87,151,37,246,593609.17,394,275,2029.39,427.47,1217.2,1495.05,1751.54,2029.39,2307.24,2563.72,2927.07,1440.06,296.62
2024Q1,可隆-线下山,马夹,101,76,29,174,464498.97,346,206,1872.98,464.53,990.38,1292.32,1571.04,1872.98,2174.92,2453.64,2848.49,1376.13,282.06
2024Q1,可隆-线下山,软壳夹克,144,195,65,385,714222.48,483,404,2436.87,425.85,1627.76,1904.56,2160.07,2436.87,2713.68,2969.19,3331.16,1454.14,249.13
2024Q1,可隆-线下山,配件,107,212,31,286,138888.82,611,350,343.92,63.15,223.94,264.99,302.88,343.92,384.97,422.86,476.53,255.37,69.38
2024Q1,可隆-线下山,抓绒夹克,121,191,23,311,529214.98,524,335,1597.45,346.94,938.26,1163.77,1371.94,1597.45,1822.97,2031.13,2326.04,1031.98,146.38
2024Q1,可隆-线下山,防风夹克,82,144,26,249,576924.48,355,252,2539.03,574.92,1446.68,1820.38,2165.33,2539.03,2912.72,3257.67,3746.35,1781.32,327.73
2024Q1,可隆-线下山,其他,22,35,6,51,18091.05,93,63,298.04,44.94,212.66,241.86,268.83,298.04,327.24,354.21,392.4,210.07,29.18
2024Q1,可隆-线下山,棉服,78,88,31,170,926186.01,367,197,3661.56,833.15,2078.58,2620.13,3120.01,3661.56,4203.1,4702.99,5411.17,2599.38,453.22
2024Q1,可隆-线下山,连衣裙,34,49,15,75,154214.48,131,98,1374.34,302.23,800.1,996.55,1177.89,1374.34,1570.79,1752.13,2009.02,1181.35,232.04
2024Q1,可隆-线下山,短裤,102,71,30,173,297480.14,379,203,923.01,133.64,669.08,755.95,836.14,923.01,1009.88,1090.06,1203.66,689.24,89.41
2024Q2,可隆-东北,防水夹克,469,455,114,855,5329607.59,2105,1038,3474.13,973.93,1623.66,2256.72,2841.08,3474.13,4107.19,4691.55,5519.39,2633.9,468.0
2024Q2,可隆-东北,卫衣,475,463,119,764,1770417.39,1960,1057,1216.16,256.44,728.93,895.61,1049.48,1216.16,1382.85,1536.71,1754.69,930.66,160.01
2024Q2,可隆-东北,长袖T恤,287,445,41,628,607133.95,1356,773,899.36,258.12,408.93,576.71,731.58,899.36,1067.14,1222.01,1441.42,453.48,77.63
2024Q2,可隆-东北,三合一夹克,133,521,63,566,3551043.74,1011,717,3905.75,785.38,2413.53,2924.03,3395.26,3905.75,4416.25,4887.48,5555.05,3447.19,576.86
2024Q2,可隆-东北,POLO,277,186,113,630,624224.68,889,576,976.19,208.82,579.43,715.16,840.46,976.19,1111.92,1237.22,1414.72,669.33,93.04
2024Q2,可隆-东北,短袖T恤,491,441,72,968,735021.76,1411,1004,850.5,229.64,414.18,563.45,701.23,850.5,999.77,1137.55,1332.75,546.55,76.37
2024Q2,可隆-东北,长裤,377,450,66,695,878396.87,1067,893,1231.05,381.27,506.64,754.46,983.23,1231.05,1478.88,1707.64,2031.72,814.33,204.7
2024Q2,可隆-东北,衬衫,160,254,79,450,455707.25,706,493,1188.69,183.04,840.91,959.89,1069.71,1188.69,1307.66,1417.48,1573.07,622.6,167.24
2024Q2,可隆-东北,针织夹克,215,320,101,535,1098627.72,1035,636,1417.3,384.94,685.92,936.13,1167.09,1417.3,1667.51,1898.48,2225.68,986.14,124.67
2024Q2,可隆-东北,羽绒服,189,289,90,432,2411054.08,943,568,3076.17,921.81,1324.73,1923.91,2476.99,3076.17,3675.34,4228.43,5011.96,2400.34,619.5
2024Q2,可隆-东北,鞋,218,244,40,387,1599157.62,840,502,2556.67,552.58,1506.77,1865.95,2197.49,2556.67,2915.84,3247.39,3717.08,1943.01,364.45
2024Q2,可隆-东北,马夹,127,89,44,276,519937.85,405,260,1910.69,567.64,832.17,1201.13,1541.72,1910.69,2279.65,2620.24,3102.73,1256.27,338.92
2024Q2,可隆-东北,软壳夹克,299,515,113,889,3366550.62,1481,927,2677.09,780.11,1194.88,1701.95,2170.02,2677.09,3184.16,3652.23,4315.33,2133.07,357.97
2024Q2,可隆-东北,配件,153,145,65,317,172622.58,452,363,498.8,122.39,266.26,345.82,419.25,498.8,578.36,651.79,755.82,378.67,53.1
2024Q2,可隆-东北,抓绒夹克,198,230,44,413,1014002.98,673,472,1954.62,489.08,1025.36,1343.27,1636.71,1954.62,2272.52,2565.97,2981.68,1547.25,410.08
2024Q2,可隆-东北,防风夹克,184,308,40,528,1867828.08,842,532,2342.35,567.04,1264.98,1633.56,1973.78,2342.35,2710.93,3051.15,3533.13,2154.31,511.04
2024Q2,可隆-东北,其他,63,87,31,152,38763.9,209,181,272.48,48.54,180.25,211.8,240.93,272.48,304.02,333.15,374.4,181.46,22.02
2024Q2,可隆-东北,棉服,142,181,50,275,1331927.8,596,373,2686.83,824.66,1119.97,1656.0,2150.8,2686.83,3222.86,3717.66,4418.63,2255.44,328.13
2024Q2,可隆-东北,连衣裙,44,77,19,111,207692.67,203,140,1425.61,415.86,635.48,905.79,1155.31,1425.61,1695.92,1945.44,2298.92,1067.14,159.79
2024Q2,可隆-东北,短裤,154,203,59,335,320238.28,631,416,737.15,187.2,381.47,503.15,615.47,737.15,858.83,971.15,1130.27,493.09,62.69
2024Q2,可隆-华东,防水夹克,563,603,146,1045,5643077.38,2264,1312,3109.9,660.95,1854.09,2283.71,2680.28,3109.9,3539.52,3936.1,4497.91,2475.39,637.24
2024Q2,可隆-华东,卫衣,243,464,85,679,1060541.0,1252,792,1230.86,308.86,644.03,844.79,1030.1,1230.86,1431.62,1616.93,1879.46,818.77,118.62
2024Q2,可隆-华东,长袖T恤,283,481,107,809,699726.23,1049,871,782.0,227.78,349.22,497.28,633.95,782.0,930.06,1066.73,1260.34,626.87,141.44
2024Q2,可隆-华东,三合一夹克,146,251,26,452,2602788.87,677,423,4403.75,1386.82,1768.79,2670.22,3502.31,4403.75,5305.18,6137.27,7316.07,3860.63,932.4
2024Q2,可隆-华东,POLO,257,397,101,770,1045096.43,1190,755,1037.47,177.67,699.89,815.38,921.98,1037.47,1152.95,1259.56,1410.58,864.81,133.85
2024Q2,可隆-华东,短袖T恤,524,480,70,982,978048.68,1907,1074,745.56,189.53,385.45,508.64,622.36,745.56,868.76,982.48,1143.58,519.77,92.38
2024Q2,可隆-华东,长裤,531,636,228,1165,2555756.02,2402,1395,1225.05,279.63,693.75,875.51,1043.29,1225.05,1406.81,1574.59,1812.28,1052.42,265.49
2024Q2,可隆-华东,衬衫,231,369,64,548,632646.61,911,664,1042.89,209.07,645.65,781.54,906.99,1042.89,1178.78,1304.23,1481.94,704.75,92.4
2024Q2,可隆-华东,针织夹克,250,270,88,535,1183353.14,818,608,1685.58,443.62,842.69,1131.04,1397.22,1685.58,1973.93,2240.11,2617.19,1338.69,222.66
2024Q2,可隆-华东,羽绒服,117,238,61,366,1157996.17,610,416,2791.44,622.53,1608.63,2013.28,2386.8,2791.44,3196.08,3569.6,4098.75,2006.91,458.29
2024Q2,可隆-华东,鞋,221,412,92,570,1519283.31,1065,725,2490.51,545.27,1454.5,1808.92,2136.08,2490.51,2844.93,3172.09,3635.57,1538.4,213.59
2024Q2,可隆-华东,马夹,164,345,35,452,1462557.02,933,544,2079.7,347.94,1418.61,1644.77,1853.54,2079.7,2305.86,2514.62,2810.37,1643.01,341.49
2024Q2,可隆-华东,软壳夹克,346,473,62,829,3544904.22,1431,881,2952.76,684.95,1651.35,2096.57,2507.54,2952.76,3397.99,3808.96,4391.17,2397.99,624.78
2024Q2,可隆-华东,配件,160,307,45,416,325861.47,890,512,447.84,72.2,310.67,357.6,400.92,447.84,494.77,538.09,599.45,364.82,51.48
2024Q2,可隆-华东,抓绒夹克,200,213,49,407,920010.94,780,462,1586.61,335.76,948.67,1166.91,1368.37,1586.61,1804.86,2006.31,2291.71,1264.72,203.57
2024Q2,可隆-华东,防风夹克,320,796,70,945,2899634.55,1746,1186,2380.39,451.49,1522.55,1816.02,2086.92,2380.39,2673.86,2944.75,3328.52,1588.24,412.92
2024Q2,可隆-华东,其他,80,105,15,164,46176.05,270,200,282.22,61.73,164.94,205.06,242.1,282.22,322.34,359.38,411.85,172.37,35.25
2024Q2,可隆-华东,棉服,214,269,68,475,1526795.39,874,551,2628.56,572.75,1540.33,1912.62,2256.27,2628.56,3000.85,3344.5,3831.34,1914.97,480.06
2024Q2,可隆-华东,连衣裙,31,107,32,185,260579.39,223,170,1540.37,383.73,811.28,1060.71,1290.95,1540.37,1789.8,2020.04,2346.21,1185.31,222.2
2024Q2,可隆-华东,短裤,132,202,37,422,350800.3,573,371,811.51,174.55,479.87,593.32,698.05,811.51,924.97,1029.7,1178.07,654.29,167.76
2024Q2,可隆-华北,防水夹克,615,636,200,1195,5911037.39,2778,1451,3226.36,476.47,2321.07,2630.78,2916.66,3226.36,3536.07,3821.95,4226.95,2061.94,537.95
2024Q2,可隆-华北,卫衣,317,592,101,830,1157201.74,1455,1010,1305.13,235.74,857.22,1010.45,1151.9,1305.13,1458.35,1599.8,1800.17,836.73,147.69
2024Q2,可隆-华北,长袖T恤,591,396,133,837,1073783.31,1882,1120,899.42,229.76,462.87,612.21,750.07,899.42,1048.76,1186.62,1381.92,638.18,142.3
2024Q2,可隆-华北,三合一夹克,387,195,88,541,3738000.99,1195,670,4404.31,840.46,2807.44,3353.74,3858.01,4404.31,4950.61,5454.88,6169.27,3140.78,579.75
2024Q2,可隆-华北,POLO,353,404,65,702,1283934.83,1529,822,960.19,202.88,574.73,706.59,828.32,960.19,1092.06,1213.78,1386.23,832.91,185.54
2024Q2,可隆-华北,短袖T恤,281,791,197,871,1242459.67,2089,1269,797.03,112.08,584.08,656.93,724.17,797.03,869.88,937.13,1032.39,562.22,137.08
2024Q2,可隆-华北,长裤,243,380,97,564,897331.97,1251,720,1158.13,204.74,769.12,902.2,1025.05,1158.13,1291.21,1414.06,1588.09,696.94,93.43
2024Q2,可隆-华北,衬衫,141,194,45,312,348346.8,511,380,905.29,283.37,366.89,551.08,721.1,905.29,1089.48,1259.5,1500.36,664.21,122.77
2024Q2,可隆-华北,针织夹克,251,245,104,525,776142.6,722,600,1441.17,457.81,571.32,868.9,1143.59,1441.17,1738.75,2013.44,2402.58,1047.84,233.57
2024Q2,可隆-华北,羽绒服,422,592,122,802,4812566.68,1518,1136,3999.54,1103.01,1903.83,2620.78,3282.59,3999.54,4716.5,5378.3,6315.85,3206.43,771.53
2024Q2,可隆-华北,鞋,249,423,77,681,1293294.22,1113,749,2138.47,601.24,996.11,1386.92,1747.66,2138.47,2529.28,2890.02,3401.08,1156.34,250.69
2024Q2,可隆-华北,马夹,130,178,63,345,892191.3,625,371,2136.46,531.08,1127.41,1472.61,1791.26,2136.46,2481.66,2800.31,3251.73,1430.9,289.95
2024Q2,可隆-华北,软壳夹克,354,516,150,891,1910379.51,1207,1020,2516.88,572.04,1430.0,1801.83,2145.05,2516.88,2888.7,3231.92,3718.16,1573.92,296.94
2024Q2,可隆-华北,配件,190,420,68,548,323184.75,1207,678,385.89,80.11,233.69,285.76,333.82,385.89,437.96,486.02,554.11,243.96,34.63
2024Q2,可隆-华北,抓绒夹克,170,176,81,360,790781.68,753,427,1704.43,505.62,743.76,1072.41,1375.78,1704.43,2033.09,2336.46,2766.23,1087.32,295.33
2024Q2,可隆-华北,防风夹克,369,468,101,902,2132991.93,1521,938,2132.56,489.07,1203.32,1521.22,1814.67,2132.56,2450.46,2743.91,3159.62,1341.96,167.01
2024Q2,可隆-华北,其他,67,90,27,157,51821.74,258,184,280.91,71.01,145.99,192.15,234.75,280.91,327.06,369.67,430.03,197.87,36.82
2024Q2,可隆-华北,棉服,232,329,55,472,1442026.96,895,616,2933.73,458.42,2062.73,2360.71,2635.76,2933.73,3231.7,3506.75,3896.4,1628.73,308.55
2024Q2,可隆-华北,连衣裙,102,109,43,200,578479.26,444,254,1473.13,207.64,1078.61,1213.58,1338.16,1473.13,1608.09,1732.67,1909.16,1249.96,177.4
2024Q2,可隆-华北,短裤,184,239,57,399,530428.31,911,480,731.06,209.47,333.05,469.21,594.9,731.06,867.21,992.9,1170.95,593.17,98.82
2024Q2,可隆-华南,防水夹克,601,952,83,1174,4260031.28,2227,1636,3224.16,685.19,1922.29,2367.67,2778.78,3224.16,3669.53,4080.65,4663.06,2049.94,392.86
2024Q2,可隆-华南,卫衣,240,358,39,546,628159.47,971,637,932.12,181.98,586.35,704.64,813.83,932.12,1050.4,1159.59,1314.28,632.12,144.2
2024Q2,可隆-华南,长袖T恤,334,651,134,884,1055871.14,1538,1119,883.33,211.02,482.39,619.55,746.17,883.33,1020.49,1147.11,1326.47,717.28,178.85
2024Q2,可隆-华南,三合一夹克,212,284,15,475,2295540.88,836,511,4285.37,915.88,2545.19,3140.51,3690.04,4285.37,4880.69,5430.22,6208.73,2906.38,417.31
2024Q2,可隆-华南,POLO,418,496,104,783,1373842.83,1457,1018,1085.0,234.64,639.17,791.69,932.48,1085.0,1237.52,1378.3,1577.75,895.89,176.58
2024Q2,可隆-华南,短袖T恤,367,442,109,926,1005250.31,1661,918,720.85,189.35,361.08,484.16,597.77,720.85,843.92,957.53,1118.48,572.04,129.31
2024Q2,可隆-华南,长裤,160,692,111,763,1365983.11,1447,963,1278.31,324.43,661.89,872.77,1067.43,1278.31,1489.18,1683.84,1959.6,889.93,212.26
2024Q2,可隆-华南,衬衫,233,293,60,407,899597.52,929,586,1310.68,275.12,787.95,966.78,1131.85,1310.68,1489.51,1654.58,1888.43,899.64,204.0
2024Q2,可隆-华南,针织夹克,153,192,29,315,555921.74,466,374,1437.72,329.68,811.33,1025.62,1223.43,1437.72,1652.01,1849.82,2130.05,1161.17,317.52
2024Q2,可隆-华南,羽绒服,524,426,84,716,2934196.11,1601,1034,2965.38,625.55,1776.83,2183.44,2558.77,2965.38,3371.99,3747.33,4279.05,1764.79,484.43
2024Q2,可隆-华南,鞋,203,256,63,462,1219372.44,769,522,2128.19,493.99,1189.6,1510.69,1807.09,2128.19,2449.28,2745.68,3165.57,1562.03,299.08
2024Q2,可隆-华南,马夹,63,162,43,263,440043.06,395,268,1795.33,433.23,972.19,1253.79,1513.73,1795.33,2076.93,2336.87,2705.12,1201.65,213.1
2024Q2,可隆-华南,软壳夹克,423,482,101,788,2375425.94,1457,1006,2106.6,666.01,841.18,1274.08,1673.69,2106.6,2539.51,2939.11,3505.22,1570.11,303.28
2024Q2,可隆-华南,配件,211,184,92,422,264494.21,733,487,416.01,104.32,217.8,285.61,348.2,416.01,483.81,546.4,635.07,353.71,51.95
2024Q2,可隆-华南,抓绒夹克,102,166,37,353,587161.51,444,305,1630.72,340.2,984.35,1205.48,1409.59,1630.72,1851.85,2055.97,2345.14,1205.4,284.04
2024Q2,可隆-华南,防风夹克,300,356,93,544,2515913.17,1305,749,2600.9,707.77,1256.14,1716.19,2140.85,2600.9,3060.96,3485.62,4087.22,1827.47,282.51
2024Q2,可隆-华南,其他,54,120,29,151,56327.11,298,203,342.19,102.4,147.64,214.2,275.64,342.19,408.75,470.19,557.23,201.05,33.56
2024Q2,可隆-华南,棉服,164,214,42,382,1264989.36,674,420,2725.77,613.54,1560.04,1958.84,2326.97,2725.77,3124.58,3492.7,4014.22,1939.44,458.91
2024Q2,可隆-华南,连衣裙,85,73,24,172,235792.05,272,182,1642.7,252.91,1162.16,1326.56,1478.3,1642.7,1807.09,1958.84,2173.81,882.92,172.31
2024Q2,可隆-华南,短裤,205,265,31,431,479922.55,715,501,850.71,120.11,622.5,700.57,772.64,850.71,928.78,1000.85,1102.94,658.09,134.83
2024Q2,可隆-华西,防水夹克,322,456,75,659,4119254.99,1439,853,3395.96,985.4,1523.69,2164.2,2755.44,3395.96,4036.47,4627.71,5465.3,2910.6,609.19
2024Q2,可隆-华西,卫衣,97,224,54,393,427379.17,501,375,1189.01,328.36,565.13,778.56,975.58,1189.01,1402.45,1599.47,1878.58,816.88,142.14
2024Q2,可隆-华西,长袖T恤,420,478,61,809,991407.85,1349,959,839.94,220.16,421.65,564.75,696.84,839.94,983.04,1115.14,1302.27,730.38,177.3
2024Q2,可隆-华西,三合一夹克,195,348,59,485,2007393.32,751,602,4574.51,1457.57,1805.13,2752.55,3627.09,4574.51,5521.93,6396.47,7635.4,2706.22,510.37
2024Q2,可隆-华西,POLO,326,260,117,742,709890.72,942,703,1009.98,289.21,460.48,648.47,821.99,1009.98,1197.96,1371.49,1617.32,784.98,135.47
2024Q2,可隆-华西,短袖T恤,402,630,142,1011,1099989.52,2079,1174,694.85,111.75,482.53,555.16,622.21,694.85,767.49,834.54,929.52,565.23,112.66
2024Q2,可隆-华西,长裤,411,275,119,666,1152320.4,1079,805,1260.72,244.22,796.7,955.44,1101.98,1260.72,1419.47,1566.0,1773.59,1043.31,189.04
2024Q2,可隆-华西,衬衫,180,174,53,361,451343.97,516,407,1194.44,188.23,836.79,959.15,1072.09,1194.44,1316.79,1429.73,1589.73,902.04,133.24
2024Q2,可隆-华西,针织夹克,202,180,66,376,794763.47,678,448,1708.87,360.67,1023.59,1258.02,1474.43,1708.87,1943.31,2159.71,2466.29,1130.07,232.34
2024Q2,可隆-华西,羽绒服,286,403,116,678,3487503.48,1145,805,4007.62,1056.44,2000.38,2687.07,3320.94,4007.62,4694.31,5328.18,6226.16,3113.5,396.02
2024Q2,可隆-华西,鞋,193,281,84,515,1658196.81,950,558,2317.7,573.47,1228.12,1600.87,1944.95,2317.7,2690.46,3034.54,3521.98,1599.17,408.11
2024Q2,可隆-华西,马夹,85,251,74,352,540610.88,518,410,1737.81,356.05,1061.32,1292.75,1506.38,1737.81,1969.24,2182.87,2485.51,1024.05,272.42
2024Q2,可隆-华西,软壳夹克,257,389,106,608,2279263.48,1338,752,2451.7,351.33,1784.17,2012.53,2223.33,2451.7,2680.06,2890.86,3189.49,1759.37,336.42
2024Q2,可隆-华西,配件,155,234,59,389,209328.02,740,448,415.96,65.49,291.53,334.09,373.39,415.96,458.52,497.82,553.48,280.2,34.61
2024Q2,可隆-华西,抓绒夹克,174,208,56,319,842231.78,712,438,1711.2,361.48,1024.39,1259.35,1476.24,1711.2,1946.16,2163.05,2470.31,1137.28,198.54
2024Q2,可隆-华西,防风夹克,241,316,53,538,1711850.42,937,610,2387.92,645.82,1160.87,1580.65,1968.14,2387.92,2807.7,3195.19,3744.14,1955.16,509.42
2024Q2,可隆-华西,其他,59,83,8,150,41360.85,217,150,326.83,99.85,137.12,202.02,261.93,326.83,391.73,451.64,536.51,199.12,30.93
2024Q2,可隆-华西,棉服,150,320,28,406,1580976.04,915,498,2809.88,533.32,1796.56,2143.22,2463.22,2809.88,3156.54,3476.53,3929.85,1765.8,432.5
2024Q2,可隆-华西,连衣裙,54,49,15,135,158740.3,167,118,1426.02,271.76,909.68,1086.32,1249.38,1426.02,1602.66,1765.71,1996.7,941.56,258.68
2024Q2,可隆-华西,短裤,183,233,64,383,466228.78,670,480,912.91,200.68,531.61,662.05,782.46,912.91,1043.35,1163.76,1334.34,646.94,100.61
2024Q2,可隆-安徽,防水夹克,426,243,60,562,2485746.23,1077,729,3405.93,706.02,2064.48,2523.4,2947.01,3405.93,3864.84,4288.45,4888.57,2441.23,441.02
2024Q2,可隆-安徽,卫衣,342,518,27,744,1113814.15,1497,887,1122.77,327.38,500.75,713.54,909.97,1122.77,1335.57,1532.0,1810.27,744.77,135.91
2024Q2,可隆-安徽,长袖T恤,304,270,72,695,685156.71,972,646,942.65,291.76,388.31,577.95,753.0,942.65,1132.29,1307.34,1555.34,683.22,120.79
2024Q2,可隆-安徽,三合一夹克,120,105,59,302,1505170.09,468,284,4892.5,1012.63,2968.5,3626.71,4234.29,4892.5,5550.71,6158.29,7019.02,3062.86,538.02
2024Q2,可隆-安徽,POLO,209,305,68,527,683361.41,1055,582,970.11,206.77,577.25,711.65,835.71,970.11,1104.51,1228.57,1404.32,662.52,85.8
2024Q2,可隆-安徽,短袖T恤,269,328,94,524,520904.38,1104,691,727.55,186.9,372.43,493.92,606.06,727.55,849.03,961.17,1120.04,464.99,112.35
2024Q2,可隆-安徽,长裤,270,287,84,569,876449.05,891,641,1275.55,260.7,780.22,949.67,1106.09,1275.55,1445.0,1601.42,1823.01,1004.95,232.81
2024Q2,可隆-安徽,衬衫,106,132,39,241,285476.2,292,277,1138.66,179.52,797.57,914.26,1021.97,1138.66,1255.35,1363.06,1515.65,940.67,222.27
2024Q2,可隆-安徽,针织夹克,70,134,36,198,426658.84,376,240,1375.69,364.11,683.89,920.56,1139.02,1375.69,1612.36,1830.83,2140.32,1136.97,261.37
2024Q2,可隆-安徽,羽绒服,307,254,94,441,2691764.09,975,655,3605.21,1041.77,1625.86,2303.01,2928.07,3605.21,4282.36,4907.42,5792.92,2803.37,390.98
2024Q2,可隆-安徽,鞋,154,212,47,402,1103146.41,715,413,2100.12,588.05,982.82,1365.05,1717.89,2100.12,2482.35,2835.19,3335.03,1545.73,398.56
2024Q2,可隆-安徽,马夹,118,112,33,244,569921.88,400,263,1851.51,359.32,1168.82,1402.37,1617.96,1851.51,2085.07,2300.66,2606.08,1417.25,231.92
2024Q2,可隆-安徽,软壳夹克,175,246,57,341,1526741.88,870,478,2358.03,604.8,1208.9,1602.02,1964.9,2358.03,2751.15,3114.03,3628.11,1735.84,463.8
2024Q2,可隆-安徽,配件,198,137,39,312,136154.27,391,374,451.13,119.86,223.4,301.31,373.22,451.13,529.04,600.96,702.84,367.55,60.91
2024Q2,可隆-安徽,抓绒夹克,159,181,41,270,973248.4,540,381,2111.81,414.3,1324.64,1593.93,1842.51,2111.81,2381.11,2629.69,2981.84,1730.32,268.24
2024Q2,可隆-安徽,防风夹克,127,438,39,503,1622574.98,920,604,2288.44,519.09,1302.18,1639.58,1951.03,2288.44,2625.85,2937.3,3378.52,1845.21,469.09
2024Q2,可隆-安徽,其他,26,69,11,117,37909.94,158,106,319.52,62.01,201.69,242.0,279.21,319.52,359.83,397.04,449.75,248.99,65.32
2024Q2,可隆-安徽,棉服,179,291,15,380,1387133.82,707,485,2828.43,528.43,1824.42,2167.9,2484.95,2828.43,3171.91,3488.97,3938.14,2112.48,353.96
2024Q2,可隆-安徽,连衣裙,30,45,14,88,137658.31,127,89,1481.64,427.2,669.95,947.64,1203.96,1481.64,1759.32,2015.64,2378.77,1101.8,259.74
2024Q2,可隆-安徽,短裤,124,139,46,261,249342.39,367,309,900.41,252.34,420.96,584.98,736.38,900.41,1064.43,1215.83,1430.32,656.91,169.89
2024Q2,可隆-山西,防水夹克,136,248,63,336,1464218.2,720,447,2896.96,595.22,1766.04,2152.93,2510.07,2896.96,3283.85,3640.98,4146.92,1904.08,493.73
2024Q2,可隆-山西,卫衣,394,225,97,650,951239.17,1161,716,1298.13,302.63,723.14,919.85,1101.42,1298.13,1494.83,1676.41,1933.64,867.07,178.97
2024Q2,可隆-山西,长袖T恤,274,451,103,643,976757.5,1495,828,916.89,270.78,402.42,578.42,740.89,916.89,1092.9,1255.36,1485.52,688.35,164.61
2024Q2,可隆-山西,三合一夹克,116,86,21,181,974659.29,349,223,4177.18,617.59,3003.75,3405.19,3775.74,4177.18,4578.61,4949.17,5474.12,2938.56,426.53
2024Q2,可隆-山西,POLO,100,212,23,311,401667.2,552,335,917.28,193.01,550.57,676.02,791.82,917.28,1042.73,1158.54,1322.6,732.02,117.29
2024Q2,可隆-山西,短袖T恤,254,512,175,733,860922.5,1454,941,840.92,199.1,462.62,592.04,711.5,840.92,970.34,1089.8,1259.04,583.77,124.41
2024Q2,可隆-山西,长裤,212,270,83,436,646152.95,783,565,1441.51,283.36,903.12,1087.31,1257.32,1441.51,1625.69,1795.7,2036.56,924.64,196.1
2024Q2,可隆-山西,衬衫,113,182,41,291,379223.53,563,336,940.44,300.4,369.68,564.94,745.18,940.44,1135.7,1315.94,1571.28,669.42,92.3
2024Q2,可隆-山西,针织夹克,101,132,32,247,418796.14,379,265,1398.43,403.69,631.42,893.82,1136.03,1398.43,1660.83,1903.04,2246.17,1040.27,134.4
2024Q2,可隆-山西,羽绒服,173,169,69,394,1647202.5,715,411,3193.69,523.11,2199.78,2539.8,2853.67,3193.69,3533.71,3847.58,4292.22,2332.06,638.34
2024Q2,可隆-山西,鞋,256,209,41,430,1512580.67,871,506,2141.25,543.58,1108.44,1461.77,1787.92,2141.25,2494.57,2820.72,3282.77,1774.73,378.32
2024Q2,可隆-山西,马夹,93,116,35,230,585784.91,345,244,1979.09,620.55,800.05,1203.4,1575.73,1979.09,2382.44,2754.77,3282.23,1646.15,317.02
2024Q2,可隆-山西,软壳夹克,316,281,131,550,1984628.47,970,728,2787.34,827.01,1216.02,1753.58,2249.78,2787.34,3324.89,3821.1,4524.05,2066.05,362.27
2024Q2,可隆-山西,配件,98,236,40,299,146039.26,536,374,423.15,111.04,212.18,284.36,350.98,423.15,495.33,561.95,656.33,268.45,46.04
2024Q2,可隆-山西,抓绒夹克,70,147,35,215,494603.56,388,252,1680.37,367.66,981.82,1220.8,1441.39,1680.37,1919.35,2139.95,2452.46,1253.27,274.76
2024Q2,可隆-山西,防风夹克,169,199,94,421,1483212.57,743,462,2500.64,676.83,1214.67,1654.61,2060.7,2500.64,2940.58,3346.67,3921.97,2080.64,378.93
2024Q2,可隆-山西,其他,72,91,12,156,71204.65,318,175,302.2,44.79,217.1,246.21,273.09,302.2,331.32,358.19,396.26,216.14,44.64
2024Q2,可隆-山西,棉服,135,107,19,222,733262.68,430,261,2896.44,469.76,2003.89,2309.23,2591.09,2896.44,3201.78,3483.64,3882.94,1794.9,222.02
2024Q2,可隆-山西,连衣裙,14,44,9,65,115770.11,112,67,1472.78,229.92,1035.94,1185.38,1323.33,1472.78,1622.23,1760.18,1955.61,1030.97,182.06
2024Q2,可隆-山西,短裤,74,145,38,232,179610.58,324,257,778.74,151.62,490.67,589.22,680.19,778.74,877.3,968.27,1097.14,567.0,106.3
2024Q2,可隆-西北,防水夹克,505,506,58,972,3382701.16,1600,1069,3365.62,747.24,1945.86,2431.57,2879.91,3365.62,3851.33,4299.67,4934.83,2171.88,509.54
2024Q2,可隆-西北,卫衣,174,280,35,380,558406.72,804,489,1043.53,232.95,600.92,752.34,892.11,1043.53,1194.94,1334.71,1532.72,753.51,195.37
2024Q2,可隆-西北,长袖T恤,160,304,48,471,661093.85,783,512,1011.01,194.36,641.73,768.06,884.67,1011.01,1137.34,1253.96,1419.16,805.22,204.54
2024Q2,可隆-西北,三合一夹克,111,157,21,242,1500696.63,494,289,4406.14,1076.86,2360.11,3060.07,3706.18,4406.14,5106.1,5752.22,6667.55,3350.5,462.2
2024Q2,可隆-西北,POLO,166,169,52,399,372123.21,515,387,1005.32,219.24,588.75,731.26,862.81,1005.32,1147.83,1279.38,1465.73,764.92,175.65
2024Q2,可隆-西北,短袖T恤,212,389,85,603,649766.35,1223,686,776.56,176.96,440.34,555.37,661.54,776.56,891.58,997.76,1148.17,521.91,133.15
2024Q2,可隆-西北,长裤,188,354,57,481,933803.73,822,599,1350.33,294.78,790.24,981.85,1158.72,1350.33,1541.93,1718.8,1969.37,1127.54,243.1
2024Q2,可隆-西北,衬衫,179,173,73,382,526276.3,720,425,1058.07,239.9,602.26,758.2,902.14,1058.07,1214.0,1357.94,1561.85,647.08,148.94
2024Q2,可隆-西北,针织夹克,130,142,36,270,527381.36,486,308,1512.62,410.34,732.98,999.7,1245.9,1512.62,1779.34,2025.55,2374.33,1088.87,297.59
2024Q2,可隆-西北,羽绒服,171,218,41,426,1884309.59,740,430,3548.2,709.86,2199.48,2660.88,3086.8,3548.2,4009.61,4435.53,5038.9,2731.0,418.88
2024Q2,可隆-西北,鞋,146,152,52,364,950429.39,660,350,2295.69,452.68,1435.6,1729.84,2001.44,2295.69,2589.93,2861.53,3246.31,1523.58,254.2
2024Q2,可隆-西北,马夹,109,154,23,234,778000.04,432,286,1896.29,325.93,1277.02,1488.88,1684.44,1896.29,2108.15,2303.7,2580.75,1725.93,479.2
2024Q2,可隆-西北,软壳夹克,214,285,51,506,1129020.77,627,550,2784.96,641.53,1566.06,1983.05,2367.97,2784.96,3201.95,3586.87,4132.17,1722.9,210.52
2024Q2,可隆-西北,配件,171,118,59,304,128489.09,477,348,454.92,96.67,271.26,334.09,392.09,454.92,517.76,575.76,657.92,292.08,64.19
2024Q2,可隆-西北,抓绒夹克,115,134,29,222,482885.58,492,278,1659.78,363.45,969.22,1205.46,1423.54,1659.78,1896.03,2114.1,2423.04,1058.6,286.89
2024Q2,可隆-西北,防风夹克,217,225,49,436,1222760.27,859,491,2225.43,683.55,926.69,1371.0,1781.12,2225.43,2669.74,3079.87,3660.88,1440.35,224.03
2024Q2,可隆-西北,其他,27,44,14,93,35800.57,136,85,298.81,52.87,198.35,232.72,264.45,298.81,333.18,364.91,409.85,246.08,35.73
2024Q2,可隆-西北,棉服,91,127,37,231,1088615.14,405,255,3149.85,671.6,1873.82,2310.35,2713.31,3149.85,3586.38,3989.34,4560.2,2649.69,622.19
2024Q2,可隆-西北,连衣裙,49,52,15,100,257979.36,188,116,1604.19,234.21,1159.19,1311.43,1451.95,1604.19,1756.43,1896.96,2096.04,1269.95,351.47
2024Q2,可隆-西北,短裤,125,190,18,287,346466.08,620,333,762.79,186.46,408.52,529.72,641.59,762.79,883.98,995.85,1154.34,554.24,142.84
2024Q2,可隆-电商,防水夹克,432,490,92,1135,6127757.73,1945,1014,3466.98,754.9,2032.67,2523.36,2976.3,3466.98,3957.67,4410.61,5052.28,3018.6,378.87
2024Q2,可隆-电商,卫衣,387,443,90,920,1067067.44,1365,920,1339.48,421.59,538.46,812.49,1065.45,1339.48,1613.51,1866.47,2224.82,832.36,169.81
2024Q2,可隆-电商,长袖T恤,568,498,171,1165,1547945.36,2235,1237,960.11,248.36,488.22,649.66,798.67,960.11,1121.55,1270.57,1481.68,693.34,107.66
2024Q2,可隆-电商,三合一夹克,150,141,50,412,1718296.74,563,341,4863.95,1297.74,2398.24,3241.77,4020.42,4863.95,5707.48,6486.13,7589.21,3063.26,651.61
2024Q2,可隆-电商,POLO,518,932,224,1137,1723604.3,2386,1674,979.02,158.28,678.28,781.16,876.13,979.02,1081.9,1176.87,1311.41,745.11,182.72
2024Q2,可隆-电商,短袖T恤,285,435,123,812,656800.37,1358,843,798.48,152.42,508.88,607.96,699.41,798.48,897.55,989.0,1118.56,497.68,65.21
2024Q2,可隆-电商,长裤,465,593,129,948,1901861.11,1963,1187,1304.62,407.65,530.1,795.07,1039.65,1304.62,1569.59,1814.18,2160.68,989.26,150.58
2024Q2,可隆-电商,衬衫,346,522,112,925,1113735.72,1317,980,1054.81,224.57,628.13,774.1,908.84,1054.81,1200.78,1335.52,1526.41,815.59,188.21
2024Q2,可隆-电商,针织夹克,148,289,47,500,854429.04,882,484,1689.75,396.7,936.02,1193.87,1431.89,1689.75,1947.6,2185.62,2522.82,954.93,216.72
2024Q2,可隆-电商,羽绒服,438,381,129,732,3011718.34,1330,948,3151.85,817.52,1598.55,2129.94,2620.46,3151.85,3683.24,4173.75,4868.65,2378.99,614.24
2024Q2,可隆-电商,鞋,288,490,93,734,2554422.79,1419,871,2326.67,426.67,1516.0,1793.33,2049.33,2326.67,2604.0,2860.0,3222.67,1815.73,458.55
2024Q2,可隆-电商,马夹,193,273,56,435,669436.17,708,522,1764.99,270.9,1250.28,1426.36,1588.9,1764.99,1941.07,2103.62,2333.88,964.76,117.47
2024Q2,可隆-电商,软壳夹克,467,602,93,1007,4553187.49,2008,1162,2671.74,661.13,1415.59,1845.32,2242.0,2671.74,3101.47,3498.15,4060.11,2132.72,481.14
2024Q2,可隆-电商,配件,394,245,98,627,329207.52,1016,737,416.54,84.43,256.13,311.01,361.67,416.54,471.42,522.08,593.84,323.78,72.57
2024Q2,可隆-电商,抓绒夹克,357,350,116,679,1496655.38,1081,823,1741.67,351.66,1073.51,1302.09,1513.09,1741.67,1970.25,2181.25,2480.16,1402.81,243.48
2024Q2,可隆-电商,防风夹克,381,458,154,1051,3097381.91,1546,993,2554.01,594.4,1424.65,1811.01,2167.65,2554.01,2940.37,3297.01,3802.25,1899.43,236.98
2024Q2,可隆-电商,其他,60,84,24,134,45091.74,213,168,331.73,100.96,139.91,205.53,266.11,331.73,397.36,457.94,543.75,212.99,45.73
2024Q2,可隆-电商,棉服,313,267,140,597,2821569.0,1033,720,3020.34,719.69,1652.92,2120.72,2552.54,3020.34,3488.14,3919.96,4531.7,2644.64,513.74
2024Q2,可隆-电商,连衣裙,73,111,19,177,329088.97,319,203,1415.71,226.03,986.25,1133.17,1268.79,1415.71,1562.63,1698.25,1890.37,1040.65,224.68
2024Q2,可隆-电商,短裤,223,234,87,443,407816.58,843,544,665.98,94.64,486.16,547.68,604.47,665.98,727.5,784.29,864.74,506.88,93.41
2024Q2,可隆-新疆,防水夹克,277,204,44,544,1728379.24,848,525,3269.82,1036.69,1300.11,1973.96,2595.97,3269.82,3943.67,4565.68,5446.87,2039.88,477.63
2024Q2,可隆-新疆,卫衣,92,156,31,224,427714.92,414,279,1205.97,261.83,708.49,878.69,1035.78,1205.97,1376.16,1533.26,1755.82,1085.01,280.69
2024Q2,可隆-新疆,长袖T恤,190,181,88,384,346908.68,530,459,907.86,201.1,525.76,656.48,777.14,907.86,1038.57,1159.23,1330.17,612.19,133.35
2024Q2,可隆-新疆,三合一夹克,130,124,31,250,1434444.38,521,285,3454.77,800.53,1933.76,2454.1,2934.42,3454.77,3975.11,4455.43,5135.89,2610.53,720.82
2024Q2,可隆-新疆,POLO,111,207,31,279,298812.41,497,349,845.53,153.45,553.97,653.72,745.79,845.53,945.28,1037.35,1167.78,617.06,148.96
2024Q2,可隆-新疆,短袖T恤,190,270,39,410,634108.17,877,499,911.37,290.47,359.48,548.28,722.57,911.37,1100.18,1274.46,1521.36,761.31,125.0
2024Q2,可隆-新疆,长裤,128,127,62,241,400351.2,427,317,1351.67,330.29,724.11,938.8,1136.97,1351.67,1566.36,1764.54,2045.29,1026.37,251.24
2024Q2,可隆-新疆,衬衫,57,156,33,189,321066.07,371,246,1105.92,251.59,627.91,791.44,942.39,1105.92,1269.45,1420.4,1634.25,846.82,195.46
2024Q2,可隆-新疆,针织夹克,59,97,34,153,281035.16,252,190,1422.03,226.24,992.17,1139.23,1274.97,1422.03,1569.09,1704.83,1897.14,1152.46,176.21
2024Q2,可隆-新疆,羽绒服,136,150,59,320,2069695.66,706,345,3678.04,721.63,2306.93,2776.0,3208.97,3678.04,4147.1,4580.08,5193.46,2985.62,554.76
2024Q2,可隆-新疆,鞋,77,149,28,195,495790.52,301,254,2128.16,563.19,1058.09,1424.17,1762.08,2128.16,2494.23,2832.14,3310.86,1755.28,346.56
2024Q2,可隆-新疆,马夹,44,52,23,112,175864.16,143,119,1660.27,266.39,1154.13,1327.28,1487.12,1660.27,1833.42,1993.25,2219.68,1319.18,344.93
2024Q2,可隆-新疆,软壳夹克,145,182,31,306,891311.67,469,358,2915.64,584.0,1806.04,2185.64,2536.04,2915.64,3295.24,3645.64,4142.04,1859.64,465.19
2024Q2,可隆-新疆,配件,119,51,23,186,79095.49,282,193,363.12,102.02,169.29,235.6,296.81,363.12,429.43,490.64,577.36,256.72,43.46
2024Q2,可隆-新疆,抓绒夹克,49,69,17,129,299060.32,220,135,1794.16,520.74,804.76,1143.24,1455.68,1794.16,2132.64,2445.08,2887.7,1369.71,226.3
2024Q2,可隆-新疆,防风夹克,111,96,17,246,608540.83,308,224,2483.64,450.4,1627.89,1920.65,2190.88,2483.64,2776.4,3046.64,3429.48,2043.26,329.32
2024Q2,可隆-新疆,其他,22,33,14,61,25481.72,89,69,366.36,90.85,193.74,252.79,307.3,366.36,425.41,479.92,557.15,275.31,51.78
2024Q2,可隆-新疆,棉服,94,114,36,213,779757.34,377,244,2931.25,837.37,1340.25,1884.54,2386.96,2931.25,3475.54,3977.96,4689.72,2017.44,518.24
2024Q2,可隆-新疆,连衣裙,35,19,11,58,128237.5,107,65,1690.71,257.63,1201.21,1368.67,1523.25,1690.71,1858.18,2012.75,2231.74,1088.82,185.97
2024Q2,可隆-新疆,短裤,74,110,13,154,161116.07,255,197,713.52,103.0,517.83,584.77,646.57,713.52,780.47,842.27,929.82,579.93,112.58
2024Q2,可隆-青海,防水夹克,102,124,47,242,844442.59,451,273,2838.91,500.8,1887.39,2212.91,2513.39,2838.91,3164.44,3464.92,3890.6,1768.98,214.06
2024Q2,可隆-青海,卫衣,100,62,26,199,220823.11,287,188,1110.08,200.02,730.04,860.05,980.07,1110.08,1240.1,1360.11,1530.13,807.21,159.29
2024Q2,可隆-青海,长袖T恤,39,140,21,160,156315.17,281,200,812.13,225.96,382.81,529.68,665.26,812.13,959.0,1094.58,1286.64,580.32,87.27
2024Q2,可隆-青海,三合一夹克,45,67,15,92,600882.79,202,127,4390.68,930.35,2623.01,3227.74,3785.95,4390.68,4995.41,5553.62,6344.42,2941.83,707.32
2024Q2,可隆-青海,POLO,56,91,17,152,175910.86,238,164,995.28,203.19,609.23,741.3,863.21,995.28,1127.35,1249.26,1421.97,687.62,156.36
2024Q2,可隆-青海,短袖T恤,85,79,20,182,225172.7,349,184,806.93,212.36,403.45,541.49,668.9,806.93,944.97,1072.38,1252.89,601.56,108.75
2024Q2,可隆-青海,长裤,52,75,26,123,268309.18,231,153,1564.64,263.22,1064.52,1235.61,1393.54,1564.64,1735.73,1893.66,2117.4,1106.86,172.0
2024Q2,可隆-青海,衬衫,46,60,13,104,116773.76,167,119,964.7,273.8,444.47,622.45,786.73,964.7,1142.67,1306.95,1539.68,718.41,115.69
2024Q2,可隆-青海,针织夹克,39,44,20,83,217042.5,203,103,1392.71,331.98,761.95,977.73,1176.92,1392.71,1608.5,1807.69,2089.87,1090.07,172.26
2024Q2,可隆-青海,羽绒服,18,63,8,102,260755.66,121,89,3321.79,597.0,2187.5,2575.55,2933.74,3321.79,3709.84,4068.04,4575.48,2401.07,520.73
2024Q2,可隆-青海,鞋,49,69,21,116,367866.55,248,139,2128.43,574.75,1036.41,1409.99,1754.84,2128.43,2502.02,2846.87,3335.41,1453.34,221.81
2024Q2,可隆-青海,马夹,35,43,10,73,215967.83,172,88,1858.52,479.39,947.69,1259.29,1546.92,1858.52,2170.12,2457.75,2865.23,1283.94,358.72
2024Q2,可隆-青海,软壳夹克,77,78,17,146,456334.12,339,172,2677.59,688.23,1369.96,1817.31,2230.24,2677.59,3124.94,3537.88,4122.88,1448.21,389.04
2024Q2,可隆-青海,配件,36,48,17,101,48996.9,152,101,428.21,127.08,186.77,269.37,345.61,428.21,510.81,587.06,695.07,320.0,38.86
2024Q2,可隆-青海,抓绒夹克,40,37,13,76,227617.65,145,90,1906.91,342.48,1256.2,1478.81,1684.3,1906.91,2129.53,2335.02,2626.13,1548.46,244.55
2024Q2,可隆-青海,防风夹克,29,40,8,96,185434.47,109,77,2474.21,348.54,1811.99,2038.54,2247.66,2474.21,2700.77,2909.89,3206.15,1769.95,393.07
2024Q2,可隆-青海,其他,13,22,6,41,12592.28,59,41,345.87,53.84,243.57,278.57,310.88,345.87,380.87,413.18,458.94,220.7,51.45
2024Q2,可隆-青海,棉服,42,43,12,88,211134.36,126,97,2710.22,707.25,1366.45,1826.16,2250.51,2710.22,3169.93,3594.28,4195.43,1616.15,259.73
2024Q2,可隆-青海,连衣裙,18,17,5,30,55287.15,54,40,1452.93,351.82,784.46,1013.15,1224.24,1452.93,1681.61,1892.71,2191.76,991.74,155.93
2024Q2,可隆-青海,短裤,47,32,11,84,80728.21,151,90,896.06,158.94,594.06,697.37,792.74,896.06,999.37,1094.74,1229.84,593.95,74.39
2024Q2,可隆-线下山,防水夹克,209,467,83,689,4453121.45,1468,759,3850.5,837.4,2259.45,2803.76,3306.2,3850.5,4394.81,4897.25,5609.03,2903.11,606.31
2024Q2,可隆-线下山,卫衣,158,312,60,405,822829.41,830,530,1319.07,419.06,522.86,795.25,1046.68,1319.07,1591.46,1842.89,2199.09,1086.84,173.26
2024Q2,可隆-线下山,长袖T恤,249,289,84,488,735132.81,1073,622,875.36,262.81,376.02,546.85,704.53,875.36,1046.19,1203.87,1427.26,697.2,99.13
2024Q2,可隆-线下山,三合一夹克,63,92,41,191,1039483.05,318,196,4419.16,767.61,2960.7,3459.65,3920.21,4419.16,4918.11,5378.68,6031.16,3162.63,755.68
2024Q2,可隆-线下山,POLO,152,215,86,374,422382.66,639,453,1010.19,303.95,432.69,630.26,812.62,1010.19,1207.76,1390.12,1648.48,652.59,138.65
2024Q2,可隆-线下山,短袖T恤,218,115,47,349,272006.78,543,380,792.23,146.84,513.24,608.68,696.78,792.23,887.67,975.78,1100.59,529.94,85.21
2024Q2,可隆-线下山,长裤,120,228,40,358,734242.16,554,388,1383.59,339.64,738.27,959.04,1162.83,1383.59,1604.36,1808.15,2096.84,1242.6,165.1
2024Q2,可隆-线下山,衬衫,147,164,59,305,443963.09,548,370,1171.23,270.8,656.71,832.73,995.21,1171.23,1347.25,1509.73,1739.91,888.72,238.01
2024Q2,可隆-线下山,针织夹克,108,128,23,218,392386.76,396,259,1423.45,403.73,656.36,918.79,1161.03,1423.45,1685.87,1928.11,2271.28,947.53,175.86
2024Q2,可隆-线下山,羽绒服,222,221,89,448,1642593.39,787,532,3256.84,832.03,1675.99,2216.81,2716.02,3256.84,3797.66,4296.87,5004.1,2407.82,612.59
2024Q2,可隆-线下山,鞋,143,213,27,285,875504.41,568,383,2007.53,318.05,1403.23,1609.97,1800.79,2007.53,2214.26,2405.09,2675.43,1532.89,243.79
2024Q2,可隆-线下山,马夹,79,92,36,170,480771.72,319,207,2045.77,476.24,1140.92,1450.47,1736.21,2045.77,2355.32,2641.06,3045.86,1477.46,196.26
2024Q2,可隆-线下山,软壳夹克,134,257,72,340,1164379.93,617,463,2641.95,504.72,1682.99,2011.06,2313.89,2641.95,2970.02,3272.85,3701.86,1807.34,247.64
2024Q2,可隆-线下山,配件,143,88,53,232,142601.69,442,284,423.58,133.45,170.02,256.77,336.84,423.58,510.33,590.4,703.84,305.33,37.67
2024Q2,可隆-线下山,抓绒夹克,58,145,37,185,377381.25,342,240,1857.61,473.02,958.87,1266.33,1550.15,1857.61,2165.07,2448.89,2850.96,1102.13,200.25
2024Q2,可隆-线下山,防风夹克,141,196,39,331,1358638.03,685,376,2275.0,684.54,974.37,1419.32,1830.05,2275.0,2719.95,3130.67,3712.53,2048.47,556.12
2024Q2,可隆-线下山,其他,40,30,11,72,27986.98,148,81,272.58,62.52,153.79,194.43,231.94,272.58,313.22,350.73,403.88,183.93,26.39
2024Q2,可隆-线下山,棉服,89,116,41,208,728277.99,338,246,2657.3,561.51,1590.42,1955.4,2292.31,2657.3,3022.28,3359.19,3836.47,2234.99,350.55
2024Q2,可隆-线下山,连衣裙,31,57,8,68,136353.14,129,96,1425.31,437.89,593.31,877.94,1140.68,1425.31,1709.94,1972.67,2344.88,1068.7,270.6
2024Q2,可隆-线下山,短裤,84,81,28,180,142222.13,260,193,835.77,217.11,423.27,564.39,694.65,835.77,976.89,1107.15,1291.69,514.0,65.51
2024Q3,可隆-东北,防水夹克,274,510,48,682,3065260.1,1156,832,3315.11,552.31,2265.72,2624.72,2956.11,3315.11,3674.1,4005.49,4474.95,2529.44,646.56
2024Q3,可隆-东北,卫衣,340,396,113,792,1221331.36,1148,849,1338.46,409.53,560.36,826.55,1072.27,1338.46,1604.66,1850.37,2198.47,1028.56,181.67
2024Q3,可隆-东北,长袖T恤,274,509,84,633,962654.32,1151,867,839.16,210.22,439.74,576.38,702.51,839.16,975.8,1101.94,1280.63,798.78,108.13
2024Q3,可隆-东北,三合一夹克,136,162,52,257,1227619.36,410,350,3699.01,968.37,1859.1,2488.54,3069.56,3699.01,4328.45,4909.47,5732.59,2627.91,533.02
2024Q3,可隆-东北,POLO,101,320,58,422,426068.87,717,479,946.45,253.32,465.15,629.8,781.79,946.45,1111.1,1263.09,1478.41,624.78,145.21
2024Q3,可隆-东北,短袖T恤,270,340,106,695,688957.68,1250,716,720.35,116.9,498.24,574.23,644.37,720.35,796.34,866.47,965.84,509.32,88.53
2024Q3,可隆-东北,长裤,487,578,139,832,1788550.99,1863,1204,1374.8,332.85,742.38,958.73,1158.44,1374.8,1591.15,1790.86,2073.78,952.84,174.11
2024Q3,可隆-东北,衬衫,109,129,20,206,299246.44,400,258,1193.37,224.7,766.44,912.49,1047.31,1193.37,1339.42,1474.24,1665.24,768.69,152.82
2024Q3,可隆-东北,针织夹克,134,313,88,442,882430.17,808,535,1495.04,221.32,1074.52,1218.38,1351.18,1495.04,1638.9,1771.69,1959.82,1114.43,146.81
2024Q3,可隆-东北,羽绒服,151,209,11,422,1389480.87,617,371,3464.62,820.98,1904.77,2438.4,2930.99,3464.62,3998.26,4490.85,5188.68,2257.98,356.3
2024Q3,可隆-东北,鞋,80,227,54,331,990638.25,630,361,2114.34,534.59,1098.61,1446.1,1766.85,2114.34,2461.82,2782.57,3236.97,1582.36,192.3
2024Q3,可隆-东北,马夹,103,209,55,267,802180.71,691,367,1805.39,462.66,926.34,1227.07,1504.66,1805.39,2106.12,2383.72,2776.98,1193.99,168.7
2024Q3,可隆-东北,软壳夹克,87,205,41,508,997030.13,509,333,2378.93,575.33,1285.8,1659.77,2004.97,2378.93,2752.89,3098.09,3587.12,1861.3,491.64
2024Q3,可隆-东北,配件,93,164,39,322,152627.62,541,296,407.5,98.29,220.76,284.65,343.62,407.5,471.39,530.36,613.9,309.71,60.58
2024Q3,可隆-东北,抓绒夹克,177,237,69,417,916804.4,794,483,1648.37,250.55,1172.32,1335.18,1485.51,1648.37,1811.23,1961.56,2174.54,1159.99,192.1
2024Q3,可隆-东北,防风夹克,529,450,50,911,2874895.8,1511,1029,2676.51,487.44,1750.38,2067.21,2359.67,2676.51,2993.34,3285.81,3700.13,1859.48,403.99
2024Q3,可隆-东北,其他,88,124,18,194,52223.36,308,230,292.35,68.51,162.18,206.71,247.82,292.35,336.88,377.99,436.22,176.52,44.93
2024Q3,可隆-东北,棉服,222,233,61,408,1427228.76,710,516,2708.76,501.59,1755.74,2081.77,2382.73,2708.76,3034.8,3335.75,3762.11,2038.64,454.19
2024Q3,可隆-东北,连衣裙,58,50,11,132,190593.5,168,119,1378.91,218.73,963.33,1105.5,1236.74,1378.91,1521.08,1652.32,1838.23,1084.57,211.54
2024Q3,可隆-东北,短裤,108,135,33,219,227477.42,455,276,865.03,196.01,492.62,620.02,737.63,865.03,992.44,1110.04,1276.65,516.11,65.55
2024Q3,可隆-华东,防水夹克,445,458,97,770,3738693.67,1546,1000,3120.16,828.78,1545.47,2084.18,2581.45,3120.16,3658.87,4156.14,4860.61,2586.79,704.05
2024Q3,可隆-华东,卫衣,349,446,91,849,1220695.41,1308,886,1090.43,237.98,638.26,792.95,935.74,1090.43,1245.11,1387.9,1590.19,956.26,227.18
2024Q3,可隆-华东,长袖T恤,441,602,153,972,897085.97,1878,1196,773.09,120.77,543.62,622.12,694.59,773.09,851.6,924.06,1026.72,444.17,58.48
2024Q3,可隆-华东,三合一夹克,246,332,47,521,4067706.45,995,625,5243.66,960.93,3417.89,4042.5,4619.06,5243.66,5868.27,6444.83,7261.62,3829.96,968.55
2024Q3,可隆-华东,POLO,457,531,149,819,1157308.02,1820,1137,910.84,193.57,543.06,668.88,785.02,910.84,1036.66,1152.8,1317.33,610.92,157.1
2024Q3,可隆-华东,短袖T恤,339,656,159,1113,1069588.6,1724,1154,722.74,132.82,470.38,556.71,636.4,722.74,809.07,888.76,1001.65,608.19,119.68
2024Q3,可隆-华东,长裤,616,503,113,929,1820450.6,1711,1232,1347.76,215.59,938.15,1078.28,1207.63,1347.76,1487.89,1617.25,1800.5,1028.28,216.73
2024Q3,可隆-华东,衬衫,236,394,43,590,895297.83,1027,673,1117.51,320.91,507.79,716.38,908.92,1117.51,1326.1,1518.65,1791.42,851.93,176.34
2024Q3,可隆-华东,针织夹克,183,303,57,578,667176.34,839,543,1495.06,399.24,736.5,996.01,1235.55,1495.06,1754.56,1994.11,2333.46,840.16,112.82
2024Q3,可隆-华东,羽绒服,183,235,73,417,2128688.06,718,491,3712.26,1087.12,1646.73,2353.36,3005.63,3712.26,4418.88,5071.15,5995.2,2980.78,529.82
2024Q3,可隆-华东,鞋,318,491,34,761,1566958.87,1159,843,1959.18,290.3,1407.6,1596.3,1770.48,1959.18,2147.87,2322.06,2568.82,1389.22,350.38
2024Q3,可隆-华东,马夹,156,258,44,422,938405.51,687,458,1999.87,400.44,1239.04,1499.32,1739.59,1999.87,2260.16,2500.42,2840.79,1273.11,279.6
2024Q3,可隆-华东,软壳夹克,454,392,133,896,2887493.49,1505,979,2641.73,762.03,1193.86,1689.18,2146.4,2641.73,3137.05,3594.27,4242.0,2064.69,567.73
2024Q3,可隆-华东,配件,317,163,151,584,290884.17,827,631,409.96,84.19,250.01,304.73,355.24,409.96,464.68,515.2,586.76,331.22,39.91
2024Q3,可隆-华东,抓绒夹克,188,378,17,509,758485.14,769,583,1798.43,337.34,1157.48,1376.75,1579.16,1798.43,2017.71,2220.11,2506.85,1024.19,253.88
2024Q3,可隆-华东,防风夹克,420,228,145,752,2936803.05,1484,793,2780.64,454.14,1917.77,2212.96,2485.44,2780.64,3075.83,3348.31,3734.33,1974.5,529.46
2024Q3,可隆-华东,其他,82,64,23,158,47729.26,231,169,279.53,49.86,184.79,217.2,247.12,279.53,311.94,341.86,384.25,197.6,26.69
2024Q3,可隆-华东,棉服,259,296,106,521,1568025.4,839,661,2617.07,635.68,1409.29,1822.48,2203.88,2617.07,3030.26,3411.67,3951.99,1836.24,447.07
2024Q3,可隆-华东,连衣裙,69,123,21,192,237428.88,295,213,1656.52,339.2,1012.05,1232.52,1436.04,1656.52,1877.0,2080.51,2368.83,825.63,220.39
2024Q3,可隆-华东,短裤,397,230,88,544,924679.86,1454,715,849.67,226.7,418.94,566.3,702.32,849.67,997.03,1133.05,1325.75,608.5,110.61
2024Q3,可隆-华北,防水夹克,649,469,137,953,4678312.7,2011,1255,3726.17,828.27,2152.45,2690.83,3187.79,3726.17,4264.54,4761.5,5465.54,2429.74,675.58
2024Q3,可隆-华北,卫衣,454,403,44,747,1232309.13,1615,901,1197.2,346.97,537.96,763.49,971.67,1197.2,1422.73,1630.92,1925.84,773.19,201.58
2024Q3,可隆-华北,长袖T恤,349,538,143,751,1379025.85,1664,1030,1008.84,303.17,432.82,629.88,811.78,1008.84,1205.9,1387.79,1645.49,853.78,145.75
2024Q3,可隆-华北,三合一夹克,164,206,31,329,1302164.71,497,401,4264.64,1222.41,1942.06,2736.62,3470.07,4264.64,5059.2,5792.65,6831.7,2534.65,365.78
2024Q3,可隆-华北,POLO,344,506,121,865,1321395.79,1604,971,1071.99,266.15,566.3,739.3,898.99,1071.99,1244.99,1404.68,1630.91,843.49,143.55
2024Q3,可隆-华北,短袖T恤,271,343,119,743,692682.03,1267,733,756.26,117.35,533.29,609.57,679.98,756.26,832.53,902.95,1002.69,518.26,134.21
2024Q3,可隆-华北,长裤,362,393,168,786,1281802.8,1650,923,1112.69,326.08,493.14,705.09,900.74,1112.69,1324.64,1520.29,1797.46,761.74,203.21
2024Q3,可隆-华北,衬衫,210,178,63,531,633909.7,829,451,1017.07,143.13,745.12,838.15,924.03,1017.07,1110.11,1195.99,1317.65,757.81,134.42
2024Q3,可隆-华北,针织夹克,69,127,35,244,295938.03,317,231,1504.56,416.14,713.9,984.38,1234.07,1504.56,1775.04,2024.73,2378.44,959.61,198.42
2024Q3,可隆-华北,羽绒服,187,226,65,492,1938339.96,761,478,3367.83,780.41,1885.04,2392.31,2860.56,3367.83,3875.1,4343.34,5006.69,2458.22,577.68
2024Q3,可隆-华北,鞋,431,391,130,730,1881817.62,1549,952,1869.88,390.63,1127.68,1381.59,1615.97,1869.88,2123.79,2358.17,2690.21,1227.83,225.15
2024Q3,可隆-华北,马夹,181,115,39,292,582399.09,474,335,1728.42,400.78,966.94,1227.45,1467.92,1728.42,1988.93,2229.4,2570.06,1227.0,343.39
2024Q3,可隆-华北,软壳夹克,319,406,131,760,2030909.83,1419,856,2300.7,329.42,1674.81,1888.93,2086.58,2300.7,2514.82,2712.47,2992.48,1422.54,208.58
2024Q3,可隆-华北,配件,226,292,52,529,238821.34,908,570,381.4,87.95,214.3,271.47,324.24,381.4,438.57,491.34,566.1,256.18,37.12
2024Q3,可隆-华北,抓绒夹克,140,275,54,327,871830.23,780,469,1496.07,377.92,778.02,1023.67,1250.42,1496.07,1741.72,1968.47,2289.71,1161.82,270.35
2024Q3,可隆-华北,防风夹克,298,595,136,976,3657230.95,1747,1029,2463.39,591.95,1338.68,1723.45,2078.62,2463.39,2848.15,3203.32,3706.48,2020.87,515.15
2024Q3,可隆-华北,其他,75,119,28,179,96466.6,370,222,313.39,82.72,156.23,210.0,259.63,313.39,367.16,416.79,487.1,249.87,49.29
2024Q3,可隆-华北,棉服,328,320,90,637,1832335.41,1096,738,2849.27,902.31,1134.87,1721.37,2262.76,2849.27,3435.77,3977.16,4744.13,1553.01,213.25
2024Q3,可隆-华北,连衣裙,68,92,20,148,236047.57,216,180,1498.48,463.6,617.64,918.98,1197.14,1498.48,1799.82,2077.98,2472.05,1088.43,179.58
2024Q3,可隆-华北,短裤,304,350,82,482,717392.95,1005,736,877.08,206.39,484.95,619.1,742.93,877.08,1011.23,1135.06,1310.49,648.57,119.96
2024Q3,可隆-华南,防水夹克,373,782,108,1136,5400715.2,2199,1263,3267.13,814.86,1718.89,2248.55,2737.47,3267.13,3796.79,4285.71,4978.35,2298.3,411.07
2024Q3,可隆-华南,卫衣,193,164,47,314,585743.09,617,404,1310.5,369.29,608.86,848.9,1070.47,1310.5,1550.54,1772.11,2086.0,930.27,134.7
2024Q3,可隆-华南,长袖T恤,310,783,145,1051,1221612.28,1931,1238,867.77,239.85,412.06,567.96,711.87,867.77,1023.67,1167.58,1371.45,587.67,128.42
2024Q3,可隆-华南,三合一夹克,217,305,87,523,2439458.79,1107,609,3758.6,999.01,1860.48,2509.84,3109.24,3758.6,4407.96,5007.37,5856.53,2164.6,552.5
2024Q3,可隆-华南,POLO,383,469,55,763,990289.71,1645,907,995.15,189.4,635.28,758.4,872.04,995.15,1118.26,1231.9,1392.9,612.22,108.36
2024Q3,可隆-华南,短袖T恤,242,301,49,485,598111.43,987,592,744.05,122.55,511.2,590.86,664.39,744.05,823.71,897.25,1001.42,573.31,77.76
2024Q3,可隆-华南,长裤,484,445,155,1029,2160153.98,1894,1084,1598.15,439.21,763.65,1049.14,1312.67,1598.15,1883.64,2147.17,2520.5,1135.16,279.71
2024Q3,可隆-华南,衬衫,159,204,43,338,392100.98,557,406,1083.41,340.77,435.94,657.45,861.91,1083.41,1304.91,1509.38,1799.03,697.41,116.15
2024Q3,可隆-华南,针织夹克,188,262,26,383,560703.31,709,476,1478.33,218.0,1064.13,1205.83,1336.63,1478.33,1620.03,1750.84,1936.14,843.23,211.03
2024Q3,可隆-华南,羽绒服,266,358,57,684,3345056.68,1093,681,3827.02,776.8,2351.11,2856.03,3322.11,3827.02,4331.94,4798.02,5458.3,2819.44,457.79
2024Q3,可隆-华南,鞋,149,160,67,374,1092307.19,646,376,2485.33,495.46,1543.95,1866.0,2163.28,2485.33,2807.37,3104.65,3525.79,1652.3,310.08
2024Q3,可隆-华南,马夹,116,302,70,399,823210.05,627,488,1735.1,531.39,725.47,1070.87,1389.7,1735.1,2080.5,2399.33,2851.01,1333.11,196.68
2024Q3,可隆-华南,软壳夹克,351,481,126,759,3358236.74,1587,958,2501.02,437.93,1668.94,1953.6,2216.36,2501.02,2785.67,3048.43,3420.68,2048.72,291.69
2024Q3,可隆-华南,配件,177,481,98,548,351268.13,1205,756,423.16,98.32,236.34,300.25,359.25,423.16,487.07,546.06,629.63,284.5,39.7
2024Q3,可隆-华南,抓绒夹克,153,250,43,317,574665.83,674,446,1616.14,273.38,1096.72,1274.42,1438.45,1616.14,1793.84,1957.87,2190.25,893.33,182.67
2024Q3,可隆-华南,防风夹克,281,401,164,554,3944934.94,1506,846,2736.8,396.42,1983.6,2241.28,2479.13,2736.8,2994.48,3232.33,3569.29,2358.34,625.65
2024Q3,可隆-华南,其他,66,134,17,215,47839.43,331,217,246.42,76.95,100.22,150.24,196.41,246.42,296.44,342.61,408.01,149.17,38.69
2024Q3,可隆-华南,棉服,204,208,66,426,1602875.38,835,478,3018.01,946.59,1219.48,1834.77,2402.72,3018.01,3633.3,4201.25,5005.86,2096.09,575.65
2024Q3,可隆-华南,连衣裙,59,84,10,129,262553.11,243,153,1526.32,306.15,944.63,1143.63,1327.32,1526.32,1725.32,1909.01,2169.24,1116.9,143.69
2024Q3,可隆-华南,短裤,153,144,56,286,272945.96,533,353,676.87,169.8,354.25,464.62,566.5,676.87,787.24,889.12,1033.45,567.58,156.89
2024Q3,可隆-华西,防水夹克,414,474,139,872,3877913.39,2075,1027,2957.17,810.51,1417.19,1944.03,2430.34,2957.17,3484.0,3970.31,4659.25,1899.99,388.39
2024Q3,可隆-华西,卫衣,380,313,123,631,1270221.55,1496,816,1233.29,350.71,566.94,794.9,1005.33,1233.29,1461.25,1671.67,1969.78,842.87,182.08
2024Q3,可隆-华西,长袖T恤,273,341,39,559,773667.28,975,653,954.73,218.71,539.18,681.34,812.57,954.73,1096.89,1228.12,1414.03,741.0,164.75
2024Q3,可隆-华西,三合一夹克,113,199,47,306,1778030.42,575,359,3997.73,1252.96,1617.1,2431.52,3183.3,3997.73,4812.16,5563.93,6628.95,3338.02,904.85
2024Q3,可隆-华西,POLO,292,251,66,523,740401.81,1025,609,950.43,144.39,676.09,769.94,856.57,950.43,1044.28,1130.91,1253.64,713.4,175.49
2024Q3,可隆-华西,短袖T恤,528,379,187,758,937266.86,1802,1094,731.73,195.65,360.0,487.17,604.56,731.73,858.9,976.29,1142.59,523.1,138.35
2024Q3,可隆-华西,长裤,181,348,103,708,1069390.3,951,632,1489.64,302.78,914.37,1111.17,1292.84,1489.64,1686.45,1868.11,2125.47,1144.93,282.74
2024Q3,可隆-华西,衬衫,88,113,10,204,268749.51,353,211,1054.38,303.83,477.1,674.59,856.89,1054.38,1251.86,1434.16,1692.41,808.12,123.69
2024Q3,可隆-华西,针织夹克,154,214,81,435,665221.43,869,449,1325.03,206.75,932.21,1066.59,1190.64,1325.03,1459.41,1583.46,1759.19,763.86,179.22
2024Q3,可隆-华西,羽绒服,356,374,70,636,3097112.46,1255,800,3370.05,1060.0,1356.04,2045.04,2681.04,3370.05,4059.05,4695.05,5596.05,2474.79,610.12
2024Q3,可隆-华西,鞋,148,219,90,431,1271741.53,827,457,1995.79,355.62,1320.1,1551.25,1764.63,1995.79,2226.94,2440.32,2742.6,1517.85,417.89
2024Q3,可隆-华西,马夹,102,145,56,286,319579.4,332,303,1582.19,466.94,695.0,998.51,1278.68,1582.19,1885.69,2165.86,2562.76,934.75,223.25
2024Q3,可隆-华西,软壳夹克,206,229,97,512,2108402.63,887,532,2541.48,610.9,1380.77,1777.86,2144.4,2541.48,2938.56,3305.1,3824.37,2359.95,432.3
2024Q3,可隆-华西,配件,147,152,24,371,150482.33,491,323,450.83,140.09,184.65,275.71,359.77,450.83,541.89,625.94,745.02,303.65,57.64
2024Q3,可隆-华西,抓绒夹克,135,173,45,370,594729.38,452,353,1681.34,436.43,852.12,1135.8,1397.66,1681.34,1965.01,2226.87,2597.84,1279.66,220.06
2024Q3,可隆-华西,防风夹克,293,390,104,702,2618242.99,1200,787,2436.63,485.75,1513.7,1829.44,2120.89,2436.63,2752.36,3043.81,3456.7,2086.39,372.66
2024Q3,可隆-华西,其他,58,59,24,101,42956.95,149,141,366.05,91.66,191.9,251.48,306.48,366.05,425.63,480.62,558.53,275.77,33.82
2024Q3,可隆-华西,棉服,142,340,15,415,1764775.51,765,497,3276.19,776.41,1801.01,2305.68,2771.52,3276.19,3780.85,4246.7,4906.64,2316.94,303.86
2024Q3,可隆-华西,连衣裙,44,42,10,83,184395.13,162,96,1614.09,511.86,641.57,974.27,1281.39,1614.09,1946.8,2253.91,2688.99,1203.25,196.13
2024Q3,可隆-华西,短裤,179,196,56,375,423185.42,695,431,746.64,210.88,345.96,483.03,609.56,746.64,883.71,1010.24,1189.49,584.18,154.04
2024Q3,可隆-安徽,防水夹克,217,270,63,415,1748881.42,831,550,3450.18,807.22,1916.46,2441.15,2925.48,3450.18,3974.87,4459.2,5145.33,2376.16,435.96
2024Q3,可隆-安徽,卫衣,204,263,52,470,463894.21,688,519,984.37,237.88,532.39,687.01,829.74,984.37,1138.99,1281.72,1483.92,700.36,167.38
2024Q3,可隆-安徽,长袖T恤,336,207,69,532,614687.57,1001,612,940.87,267.1,433.38,606.99,767.25,940.87,1114.48,1274.74,1501.77,646.68,179.53
2024Q3,可隆-安徽,三合一夹克,136,206,47,361,2091367.96,714,389,4294.13,911.84,2561.62,3154.32,3701.43,4294.13,4886.82,5433.93,6209.0,2981.24,765.52
2024Q3,可隆-安徽,POLO,196,163,60,307,557974.62,702,419,980.3,166.42,664.1,772.27,872.12,980.3,1088.47,1188.32,1329.78,785.81,103.23
2024Q3,可隆-安徽,短袖T恤,238,385,65,567,458827.8,946,688,736.07,130.54,488.05,572.9,651.22,736.07,820.92,899.25,1010.2,473.0,74.99
2024Q3,可隆-安徽,长裤,153,258,46,386,759050.35,694,457,1394.99,412.5,611.24,879.37,1126.87,1394.99,1663.12,1910.62,2261.25,1054.68,167.75
2024Q3,可隆-安徽,衬衫,120,135,48,324,346868.16,441,303,1070.66,266.17,564.94,737.95,897.65,1070.66,1243.67,1403.37,1629.61,785.14,95.85
2024Q3,可隆-安徽,针织夹克,207,164,30,347,728919.9,686,401,1526.39,234.35,1081.13,1233.45,1374.06,1526.39,1678.71,1819.32,2018.51,1049.2,189.08
2024Q3,可隆-安徽,羽绒服,134,160,24,271,1231677.09,513,318,3624.58,661.56,2367.62,2797.63,3194.57,3624.58,4054.59,4451.53,5013.85,2426.45,597.34
2024Q3,可隆-安徽,鞋,152,228,73,390,1044433.87,633,453,2201.41,656.03,954.96,1381.38,1774.99,2201.41,2627.83,3021.45,3579.07,1542.57,356.47
2024Q3,可隆-安徽,马夹,128,76,41,246,509154.85,367,245,1894.75,316.85,1292.74,1498.69,1688.8,1894.75,2100.71,2290.82,2560.14,1361.41,349.8
2024Q3,可隆-安徽,软壳夹克,170,364,52,591,1954106.08,980,586,2624.91,766.63,1168.32,1666.63,2126.61,2624.91,3123.22,3583.2,4234.84,2075.47,259.7
2024Q3,可隆-安徽,配件,149,207,20,309,147977.5,516,376,395.53,111.59,183.51,256.05,323.0,395.53,468.06,535.01,629.86,321.92,62.64
2024Q3,可隆-安徽,抓绒夹克,103,145,50,209,639105.16,525,298,1988.54,279.51,1457.47,1639.15,1806.86,1988.54,2170.22,2337.92,2575.51,1321.77,303.23
2024Q3,可隆-安徽,防风夹克,92,182,26,250,740396.65,479,300,2232.57,376.21,1517.77,1762.31,1988.03,2232.57,2477.1,2702.82,3022.6,1639.56,423.1
2024Q3,可隆-安徽,其他,35,59,16,96,42534.19,166,110,347.74,81.36,193.16,246.04,294.86,347.74,400.62,449.43,518.59,261.04,56.65
2024Q3,可隆-安徽,棉服,106,145,11,273,723091.53,379,262,2613.37,725.96,1234.04,1705.92,2141.5,2613.37,3085.25,3520.83,4137.9,1890.67,467.81
2024Q3,可隆-安徽,连衣裙,30,44,6,67,118138.96,125,80,1338.2,221.92,916.54,1060.79,1193.95,1338.2,1482.45,1615.6,1804.24,946.9,231.54
2024Q3,可隆-安徽,短裤,95,90,30,205,133448.17,284,215,772.17,123.07,538.34,618.33,692.17,772.17,852.16,926.0,1030.6,465.05,128.68
2024Q3,可隆-山西,防水夹克,175,172,49,486,1408977.74,587,396,3072.22,591.81,1947.78,2332.46,2687.54,3072.22,3456.9,3811.98,4315.02,2509.59,314.31
2024Q3,可隆-山西,卫衣,113,161,61,298,479735.96,580,335,1291.91,288.33,744.09,931.5,1104.5,1291.91,1479.33,1652.33,1897.41,883.85,155.44
2024Q3,可隆-山西,长袖T恤,108,270,68,496,537430.74,618,446,906.58,141.81,637.14,729.32,814.41,906.58,998.76,1083.85,1204.39,835.54,201.02
2024Q3,可隆-山西,三合一夹克,195,156,43,352,1757243.3,545,394,4451.43,940.05,2665.34,3276.37,3840.4,4451.43,5062.46,5626.49,6425.53,3570.39,847.93
2024Q3,可隆-山西,POLO,158,365,38,429,656254.74,851,561,974.72,256.41,487.54,654.2,808.05,974.72,1141.38,1295.23,1513.18,735.46,164.2
2024Q3,可隆-山西,短袖T恤,252,225,63,487,557275.82,879,540,885.26,159.04,583.09,686.46,781.88,885.26,988.63,1084.05,1219.23,642.65,85.59
2024Q3,可隆-山西,长裤,188,311,53,618,798400.22,962,552,1359.36,220.08,941.2,1084.26,1216.3,1359.36,1502.41,1634.45,1821.52,782.89,150.75
2024Q3,可隆-山西,衬衫,113,180,19,256,438100.15,515,312,1095.25,274.59,573.52,752.01,916.76,1095.25,1273.74,1438.49,1671.9,751.93,141.05
2024Q3,可隆-山西,针织夹克,115,241,30,295,692106.84,645,386,1513.18,319.06,906.97,1114.36,1305.79,1513.18,1720.57,1912.0,2183.2,1111.5,179.3
2024Q3,可隆-山西,羽绒服,238,288,48,455,1466236.31,697,574,3496.18,625.69,2307.38,2714.08,3089.49,3496.18,3902.88,4278.29,4810.12,2197.83,290.38
2024Q3,可隆-山西,鞋,151,172,36,306,1040788.49,659,359,2329.62,362.72,1640.45,1876.22,2093.85,2329.62,2565.38,2783.01,3091.33,1589.98,444.62
2024Q3,可隆-山西,马夹,131,166,46,286,745834.94,525,343,1796.5,408.32,1020.69,1286.1,1531.09,1796.5,2061.91,2306.91,2653.98,1400.21,183.92
2024Q3,可隆-山西,软壳夹克,244,313,113,419,1361752.16,709,670,2671.23,631.91,1470.61,1881.35,2260.49,2671.23,3081.97,3461.12,3998.24,1938.16,315.37
2024Q3,可隆-山西,配件,132,164,49,284,209902.55,548,345,397.95,88.45,229.89,287.38,340.45,397.95,455.44,508.51,583.69,376.27,56.62
2024Q3,可隆-山西,抓绒夹克,106,150,12,255,384443.3,376,268,1608.13,286.74,1063.32,1249.71,1421.75,1608.13,1794.51,1966.55,2210.28,1020.22,144.48
2024Q3,可隆-山西,防风夹克,85,171,30,300,839620.06,461,286,2692.27,699.99,1362.29,1817.28,2237.27,2692.27,3147.26,3567.26,4162.25,1814.39,413.92
2024Q3,可隆-山西,其他,30,54,8,100,39513.19,144,92,328.81,96.8,144.89,207.81,265.89,328.81,391.73,449.81,532.09,255.35,43.01
2024Q3,可隆-山西,棉服,107,93,46,202,859756.6,463,246,2743.73,633.17,1540.72,1952.27,2332.17,2743.73,3155.29,3535.19,4073.38,1946.02,238.54
2024Q3,可隆-山西,连衣裙,31,50,9,75,101547.8,137,90,1344.51,278.3,815.74,996.64,1163.61,1344.51,1525.4,1692.38,1928.93,763.97,203.48
2024Q3,可隆-山西,短裤,114,166,29,212,249299.23,401,309,909.24,196.36,536.16,663.79,781.61,909.24,1036.87,1154.69,1321.6,642.83,105.12
2024Q3,可隆-西北,防水夹克,290,247,18,497,2476621.9,881,555,3605.51,1025.74,1656.6,2323.33,2938.78,3605.51,4272.24,4887.69,5759.57,2481.04,391.96
2024Q3,可隆-西北,卫衣,138,181,26,281,360995.8,503,345,1070.83,290.2,519.44,708.07,882.2,1070.83,1259.46,1433.58,1680.26,688.36,189.34
2024Q3,可隆-西北,长袖T恤,243,401,44,560,647707.01,999,688,777.28,172.55,449.42,561.58,665.12,777.28,889.43,992.97,1139.64,678.35,144.51
2024Q3,可隆-西北,三合一夹克,149,119,31,272,1545555.89,483,299,4275.42,800.45,2754.56,3274.85,3755.12,4275.42,4795.71,5275.98,5956.37,3156.98,422.58
2024Q3,可隆-西北,POLO,220,310,95,465,674015.16,884,625,1192.08,176.41,856.9,971.57,1077.41,1192.08,1306.74,1412.59,1562.53,790.34,178.48
2024Q3,可隆-西北,短袖T恤,327,312,96,511,548905.58,1131,735,701.55,133.09,448.69,535.19,615.05,701.55,788.06,867.91,981.04,474.15,87.32
2024Q3,可隆-西北,长裤,203,145,86,376,1109664.51,830,434,1455.25,273.95,934.74,1112.81,1277.18,1455.25,1633.32,1797.69,2030.55,1306.08,223.24
2024Q3,可隆-西北,衬衫,124,124,52,237,419398.4,463,300,1119.84,355.8,443.82,675.09,888.57,1119.84,1351.11,1564.59,1867.02,874.16,196.29
2024Q3,可隆-西北,针织夹克,81,134,34,197,382049.72,421,249,1361.88,404.95,592.48,855.7,1098.67,1361.88,1625.1,1868.07,2212.28,964.09,251.26
2024Q3,可隆-西北,羽绒服,206,221,104,471,1763253.33,826,531,3278.91,795.87,1766.76,2284.08,2761.6,3278.91,3796.23,4273.75,4950.24,2269.73,615.08
2024Q3,可隆-西北,鞋,139,251,43,359,981359.37,537,433,2216.05,679.29,925.4,1366.93,1774.51,2216.05,2657.58,3065.16,3642.55,1745.9,349.79
2024Q3,可隆-西北,马夹,77,91,38,173,460423.15,315,206,1996.39,284.09,1456.62,1641.28,1811.73,1996.39,2181.05,2351.51,2592.98,1445.34,333.75
2024Q3,可隆-西北,软壳夹克,131,373,81,540,1169358.51,684,585,2371.94,415.35,1582.79,1852.76,2101.97,2371.94,2641.92,2891.12,3244.17,1700.96,458.67
2024Q3,可隆-西北,配件,93,100,34,192,89064.39,375,227,346.95,89.31,177.26,235.31,288.9,346.95,405.0,458.59,534.5,222.32,39.64
2024Q3,可隆-西北,抓绒夹克,107,84,20,166,402614.87,315,211,1717.7,414.38,930.38,1199.73,1448.35,1717.7,1987.04,2235.67,2587.89,1318.58,268.01
2024Q3,可隆-西北,防风夹克,89,382,56,397,1810475.21,890,527,2591.49,372.94,1882.9,2125.32,2349.08,2591.49,2833.91,3057.67,3374.67,1876.93,321.38
2024Q3,可隆-西北,其他,53,47,17,107,44569.24,188,117,337.62,80.09,185.46,237.51,285.56,337.62,389.68,437.73,505.8,255.98,32.88
2024Q3,可隆-西北,棉服,46,128,42,210,564124.79,300,216,2393.21,349.97,1728.27,1955.75,2165.73,2393.21,2620.7,2830.68,3128.15,1889.0,460.09
2024Q3,可隆-西北,连衣裙,26,48,3,79,129751.91,99,77,1537.17,269.33,1025.45,1200.51,1362.1,1537.17,1712.23,1873.83,2102.76,1221.13,213.98
2024Q3,可隆-西北,短裤,163,56,46,191,256349.73,453,265,848.18,174.59,516.46,629.94,734.7,848.18,961.67,1066.42,1214.82,583.37,96.4
2024Q3,可隆-电商,防水夹克,593,941,154,1791,8431882.16,2699,1688,3554.03,686.63,2249.43,2695.74,3107.72,3554.03,4000.34,4412.32,4995.95,2922.64,411.19
2024Q3,可隆-电商,卫衣,473,984,166,1168,2005670.41,2167,1623,1196.28,296.61,632.72,825.51,1003.48,1196.28,1389.08,1567.04,1819.16,921.74,235.29
2024Q3,可隆-电商,长袖T恤,612,531,103,1105,1652434.96,2531,1246,1057.38,221.22,637.06,780.85,913.58,1057.38,1201.17,1333.9,1521.94,653.3,97.12
2024Q3,可隆-电商,三合一夹克,539,359,124,782,4418618.0,1717,1022,4192.01,1187.79,1935.21,2707.28,3419.95,4192.01,4964.08,5676.75,6686.37,2448.75,401.65
2024Q3,可隆-电商,POLO,361,226,85,679,683853.62,867,672,1039.75,244.91,574.43,733.62,880.56,1039.75,1198.94,1345.89,1554.05,807.45,136.96
2024Q3,可隆-电商,短袖T恤,470,751,230,1145,1045107.97,2414,1451,702.97,139.46,438.0,528.65,612.32,702.97,793.62,877.3,995.84,431.29,65.86
2024Q3,可隆-电商,长裤,455,753,116,1154,2033242.41,2050,1324,1484.54,237.54,1033.21,1187.61,1330.14,1484.54,1638.94,1781.46,1983.37,1011.89,138.87
2024Q3,可隆-电商,衬衫,252,216,38,465,635516.85,752,506,1092.32,337.23,451.59,670.78,873.12,1092.32,1311.52,1513.85,1800.5,840.63,105.56
2024Q3,可隆-电商,针织夹克,272,386,45,577,1006128.77,1103,703,1356.83,315.13,758.08,962.92,1152.0,1356.83,1561.67,1750.75,2018.61,930.81,238.73
2024Q3,可隆-电商,羽绒服,243,1047,209,1168,6995332.24,2259,1499,3900.7,819.69,2343.29,2876.09,3367.9,3900.7,4433.5,4925.32,5622.05,3324.7,730.94
2024Q3,可隆-电商,鞋,272,387,75,566,1935694.14,1313,734,2232.14,359.67,1548.76,1782.55,1998.35,2232.14,2465.93,2681.73,2987.45,1612.89,282.63
2024Q3,可隆-电商,马夹,254,230,71,430,1260941.75,927,555,1934.85,362.17,1246.72,1482.13,1699.44,1934.85,2170.26,2387.56,2695.41,1441.14,362.51
2024Q3,可隆-电商,软壳夹克,296,544,78,784,2582784.5,1680,918,2728.04,704.04,1390.36,1847.99,2270.41,2728.04,3185.66,3608.08,4206.52,1489.08,292.63
2024Q3,可隆-电商,配件,211,388,79,623,275896.34,1093,678,386.51,110.96,175.68,247.81,314.38,386.51,458.63,525.21,619.53,243.51,65.31
2024Q3,可隆-电商,抓绒夹克,179,327,52,438,1161400.97,773,558,1835.26,321.2,1224.98,1433.76,1626.48,1835.26,2044.04,2236.76,2509.78,1414.9,181.72
2024Q3,可隆-电商,防风夹克,269,280,78,571,1936647.63,1143,627,2367.31,569.19,1285.85,1655.82,1997.34,2367.31,2737.28,3078.8,3562.61,1604.19,275.35
2024Q3,可隆-电商,其他,58,111,17,150,45012.58,250,186,249.84,57.64,140.32,177.79,212.37,249.84,287.31,321.89,370.89,185.94,28.02
2024Q3,可隆-电商,棉服,365,278,85,564,1901586.89,1049,728,2928.11,418.13,2133.67,2405.45,2656.33,2928.11,3199.89,3450.77,3806.17,1889.69,528.21
2024Q3,可隆-电商,连衣裙,56,80,20,161,419427.68,264,156,1729.18,398.46,972.1,1231.1,1470.18,1729.18,1988.18,2227.25,2565.95,1450.65,368.22
2024Q3,可隆-电商,短裤,247,403,34,541,491768.49,1028,684,711.71,147.84,430.82,526.91,615.62,711.71,807.8,896.5,1022.17,483.49,116.56
2024Q3,可隆-新疆,防水夹克,148,325,61,520,2130283.93,962,534,3038.3,589.36,1918.51,2301.6,2655.22,3038.3,3421.39,3775.0,4275.96,2104.0,544.45
2024Q3,可隆-新疆,卫衣,83,90,26,174,349390.85,311,199,1338.86,285.11,797.15,982.47,1153.54,1338.86,1524.19,1695.25,1937.6,1075.22,170.39
2024Q3,可隆-新疆,长袖T恤,79,202,35,273,345366.7,572,316,858.61,232.07,417.67,568.52,707.76,858.61,1009.46,1148.7,1345.97,651.94,118.2
2024Q3,可隆-新疆,三合一夹克,95,50,28,172,1269707.38,264,173,5234.33,951.48,3426.51,4044.98,4615.87,5234.33,5852.79,6423.68,7232.44,4597.34,629.39
2024Q3,可隆-新疆,POLO,132,115,25,223,263777.09,387,272,947.96,213.41,542.47,681.19,809.24,947.96,1086.68,1214.73,1396.13,729.72,170.84
2024Q3,可隆-新疆,短袖T恤,120,111,48,253,168295.82,373,279,696.91,161.02,390.97,495.63,592.24,696.91,801.57,898.19,1035.06,444.35,91.65
2024Q3,可隆-新疆,长裤,154,156,36,331,524566.26,547,346,1343.32,234.04,898.63,1050.76,1191.19,1343.32,1495.45,1635.87,1834.81,994.37,151.64
2024Q3,可隆-新疆,衬衫,95,92,15,156,145819.65,256,202,943.06,183.18,595.02,714.09,823.99,943.06,1062.13,1172.04,1327.74,566.3,132.76
2024Q3,可隆-新疆,针织夹克,94,97,18,202,396302.7,357,209,1635.48,375.05,922.89,1166.67,1391.7,1635.48,1879.26,2104.29,2423.08,1042.63,129.2
2024Q3,可隆-新疆,羽绒服,88,124,29,234,1226779.3,395,241,3619.66,930.72,1851.29,2456.26,3014.69,3619.66,4224.62,4783.06,5574.17,2876.99,658.46
2024Q3,可隆-新疆,鞋,115,66,41,174,654612.89,347,222,2361.4,543.65,1328.48,1681.85,2008.03,2361.4,2714.77,3040.96,3503.06,1946.64,529.46
2024Q3,可隆-新疆,马夹,76,50,25,129,197041.18,153,151,1787.86,494.37,848.56,1169.9,1466.52,1787.86,2109.2,2405.82,2826.03,1301.91,245.48
2024Q3,可隆-新疆,软壳夹克,103,137,31,258,760603.57,520,271,2488.51,655.59,1242.88,1669.02,2062.37,2488.51,2914.64,3308.0,3865.26,1342.96,309.06
2024Q3,可隆-新疆,配件,90,97,25,164,91870.0,320,212,395.23,107.47,191.04,260.89,325.37,395.23,465.08,529.57,620.92,292.69,37.27
2024Q3,可隆-新疆,抓绒夹克,65,178,36,250,616442.58,535,279,1530.01,320.89,920.31,1128.89,1321.43,1530.01,1738.59,1931.13,2203.89,1114.01,231.67
2024Q3,可隆-新疆,防风夹克,115,173,35,252,1038518.7,527,323,2519.18,442.08,1679.22,1966.58,2231.83,2519.18,2806.54,3071.79,3447.56,1880.38,429.07
2024Q3,可隆-新疆,其他,28,70,3,72,26805.59,150,101,306.82,72.65,168.79,216.01,259.6,306.82,354.04,397.63,459.38,190.83,50.73
2024Q3,可隆-新疆,棉服,68,108,17,147,706782.38,333,193,2773.64,651.36,1536.05,1959.44,2350.25,2773.64,3197.02,3587.84,4141.49,2148.82,430.72
2024Q3,可隆-新疆,连衣裙,26,46,12,56,146167.45,133,84,1504.82,237.96,1052.69,1207.37,1350.15,1504.82,1659.5,1802.28,2004.55,1073.34,293.92
2024Q3,可隆-新疆,短裤,63,105,23,178,177274.7,307,191,824.53,194.71,454.57,581.14,697.96,824.53,951.09,1067.92,1233.43,608.74,158.18
2024Q3,可隆-青海,防水夹克,43,184,29,172,987528.78,440,256,3031.77,690.68,1719.47,2168.41,2582.82,3031.77,3480.71,3895.12,4482.2,2170.6,327.67
2024Q3,可隆-青海,卫衣,101,78,20,145,185694.22,278,199,834.36,201.49,451.53,582.5,703.39,834.36,965.34,1086.23,1257.5,650.39,123.06
2024Q3,可隆-青海,长袖T恤,59,88,18,152,113084.16,243,165,753.31,172.06,426.38,538.23,641.46,753.31,865.15,968.39,1114.64,469.2,83.46
2024Q3,可隆-青海,三合一夹克,25,36,7,83,284826.67,127,68,3657.1,992.13,1772.06,2416.95,3012.22,3657.1,4301.99,4897.26,5740.57,2393.75,583.13
2024Q3,可隆-青海,POLO,37,59,14,113,130082.45,179,110,931.61,182.68,584.52,703.26,812.87,931.61,1050.35,1159.96,1315.24,709.49,124.07
2024Q3,可隆-青海,短袖T恤,45,106,21,154,131543.1,246,172,671.38,199.47,292.39,422.05,541.73,671.38,801.04,920.72,1090.27,547.14,109.56
2024Q3,可隆-青海,长裤,80,102,28,161,341277.17,372,210,1135.36,287.49,589.13,776.0,948.49,1135.36,1322.22,1494.72,1739.08,895.16,243.19
2024Q3,可隆-青海,衬衫,52,52,11,117,142284.25,196,115,1234.59,232.67,792.53,943.76,1083.36,1234.59,1385.83,1525.43,1723.19,688.54,108.98
2024Q3,可隆-青海,针织夹克,39,38,9,86,166877.55,163,86,1362.74,229.64,926.42,1075.69,1213.47,1362.74,1512.01,1649.8,1845.0,1107.58,139.25
2024Q3,可隆-青海,羽绒服,85,70,15,139,470486.19,217,170,3153.56,724.54,1776.93,2247.88,2682.6,3153.56,3624.51,4059.23,4675.09,2124.66,290.3
2024Q3,可隆-青海,鞋,53,58,21,105,311782.41,200,132,2215.07,378.65,1495.64,1741.76,1968.95,2215.07,2461.19,2688.38,3010.23,1575.32,415.07
2024Q3,可隆-青海,马夹,21,40,11,59,181504.44,139,72,1963.19,278.66,1433.74,1614.87,1782.06,1963.19,2144.31,2311.51,2548.37,1348.01,166.68
2024Q3,可隆-青海,软壳夹克,41,101,14,135,447290.79,265,156,2252.32,379.67,1530.94,1777.73,2005.53,2252.32,2499.1,2726.91,3049.63,1669.43,318.38
2024Q3,可隆-青海,配件,41,46,17,79,31198.63,138,104,412.93,118.8,187.21,264.43,335.71,412.93,490.15,561.44,662.42,224.85,35.26
2024Q3,可隆-青海,抓绒夹克,12,25,5,45,74768.89,67,42,1795.32,560.98,729.47,1094.1,1430.69,1795.32,2159.95,2496.54,2973.37,1108.6,172.37
2024Q3,可隆-青海,防风夹克,51,93,11,129,415088.9,282,155,2233.36,487.66,1306.8,1623.78,1916.38,2233.36,2550.34,2842.93,3257.44,1529.47,393.33
2024Q3,可隆-青海,其他,19,28,6,48,20224.83,85,53,280.3,48.51,188.13,219.66,248.76,280.3,311.83,340.93,382.17,225.55,57.0
2024Q3,可隆-青海,棉服,30,35,14,75,296757.14,137,79,3019.31,777.67,1541.74,2047.22,2513.83,3019.31,3524.79,3991.39,4652.41,2127.04,371.59
2024Q3,可隆-青海,连衣裙,5,10,2,13,25839.33,28,17,1306.6,337.84,664.71,884.3,1087.0,1306.6,1526.2,1728.9,2016.06,912.18,224.62
2024Q3,可隆-青海,短裤,23,30,9,52,58027.47,85,62,949.49,207.67,554.91,689.9,814.5,949.49,1084.48,1209.08,1385.61,676.13,113.48
2024Q3,可隆-线下山,防水夹克,291,373,53,550,3068728.86,1220,717,3492.3,967.48,1654.09,2282.95,2863.44,3492.3,4121.16,4701.65,5524.01,2524.8,592.78
2024Q3,可隆-线下山,卫衣,90,193,33,294,408556.54,569,316,1053.55,214.75,645.53,785.11,913.96,1053.55,1193.14,1321.99,1504.53,711.25,162.94
2024Q3,可隆-线下山,长袖T恤,257,303,71,497,495006.56,806,631,761.5,214.53,353.88,493.33,622.05,761.5,900.95,1029.67,1212.02,607.75,131.13
2024Q3,可隆-线下山,三合一夹克,147,151,40,287,1485471.7,547,338,3876.16,660.67,2620.89,3050.32,3446.72,3876.16,4305.59,4701.99,5263.55,2671.44,480.43
2024Q3,可隆-线下山,POLO,185,162,67,338,491330.66,709,414,1067.1,285.52,524.61,710.2,881.51,1067.1,1252.69,1424.0,1666.69,775.11,181.34
2024Q3,可隆-线下山,短袖T恤,108,182,81,306,262659.15,498,371,713.25,184.56,362.58,482.55,593.29,713.25,833.22,943.96,1100.84,513.5,77.37
2024Q3,可隆-线下山,长裤,154,235,75,401,681887.08,649,464,1433.71,227.98,1000.54,1148.73,1285.52,1433.71,1581.9,1718.69,1912.48,1076.23,268.87
2024Q3,可隆-线下山,衬衫,107,110,27,267,269897.74,387,244,1133.84,193.83,765.56,891.55,1007.85,1133.84,1259.83,1376.13,1540.89,821.01,187.88
2024Q3,可隆-线下山,针织夹克,141,102,30,225,457879.42,425,273,1518.59,338.64,875.17,1095.29,1298.47,1518.59,1738.71,1941.89,2229.73,1105.95,173.56
2024Q3,可隆-线下山,羽绒服,184,173,56,321,1661967.52,566,413,3626.95,823.34,2062.61,2597.78,3091.78,3626.95,4162.12,4656.12,5355.96,2758.07,636.79
2024Q3,可隆-线下山,鞋,72,160,21,243,407888.96,253,253,2066.22,387.63,1329.72,1581.68,1814.26,2066.22,2318.18,2550.76,2880.24,1606.15,438.79
2024Q3,可隆-线下山,马夹,71,77,20,200,349038.44,244,168,1974.17,383.18,1246.13,1495.19,1725.1,1974.17,2223.23,2453.14,2778.84,1416.89,175.05
2024Q3,可隆-线下山,软壳夹克,156,307,35,409,1642934.13,840,498,2721.44,812.93,1176.87,1705.28,2193.03,2721.44,3249.85,3737.6,4428.6,1988.09,297.88
2024Q3,可隆-线下山,配件,244,136,35,259,148500.54,539,415,434.58,107.93,229.52,299.67,364.43,434.58,504.73,569.49,661.23,271.36,43.59
2024Q3,可隆-线下山,抓绒夹克,97,173,11,227,498381.97,437,281,1626.62,314.04,1029.93,1234.06,1422.49,1626.62,1830.75,2019.18,2286.11,1117.74,148.48
2024Q3,可隆-线下山,防风夹克,249,127,81,390,1206659.62,732,457,2313.55,499.24,1364.99,1689.49,1989.04,2313.55,2638.05,2937.6,3361.95,1579.57,289.85
2024Q3,可隆-线下山,其他,36,30,8,57,23271.2,104,74,279.57,42.89,198.09,225.96,251.69,279.57,307.44,333.18,369.63,230.99,36.61
2024Q3,可隆-线下山,棉服,113,121,23,242,1031257.28,433,257,3243.46,863.82,1602.19,2163.67,2681.97,3243.46,3804.94,4323.24,5057.49,2317.44,500.37
2024Q3,可隆-线下山,连衣裙,16,28,5,39,82160.05,73,49,1542.15,426.17,732.43,1009.44,1265.14,1542.15,1819.17,2074.87,2437.11,1125.38,194.39
2024Q3,可隆-线下山,短裤,61,94,12,141,159393.32,252,167,898.91,201.39,516.28,647.18,768.01,898.91,1029.81,1150.64,1321.82,646.87,151.38
2024Q4,可隆-东北,防水夹克,214,356,79,612,2537371.34,1070,649,3183.73,881.29,1509.28,2082.12,2610.89,3183.73,3756.57,4285.35,5034.45,2357.49,598.06
2024Q4,可隆-东北,卫衣,193,541,75,664,1379142.19,1446,809,1453.74,444.68,608.85,897.89,1164.7,1453.74,1742.78,2009.59,2387.56,996.89,253.53
2024Q4,可隆-东北,长袖T恤,354,700,136,938,1376822.83,2063,1190,947.94,249.46,473.98,636.12,785.79,947.94,1110.09,1259.76,1471.8,648.49,180.29
2024Q4,可隆-东北,三合一夹克,326,319,64,554,4642019.38,1214,709,4521.74,1398.58,1864.44,2773.51,3612.66,4521.74,5430.81,6269.96,7458.75,3825.74,1055.5
2024Q4,可隆-东北,POLO,356,281,134,757,1010355.78,1343,771,1069.85,259.93,575.98,744.94,900.9,1069.85,1238.81,1394.77,1615.71,714.58,168.8
2024Q4,可隆-东北,短袖T恤,337,664,56,880,1061539.84,1625,1057,856.02,165.33,541.9,649.36,748.56,856.02,963.48,1062.68,1203.2,628.78,123.32
2024Q4,可隆-东北,长裤,283,351,82,577,1096322.91,1146,716,1275.39,378.1,557.0,802.77,1029.63,1275.39,1521.16,1748.02,2069.41,883.8,222.12
2024Q4,可隆-东北,衬衫,282,248,131,516,881172.66,1075,661,1053.79,147.59,773.38,869.31,957.86,1053.79,1149.72,1238.28,1363.72,792.68,153.65
2024Q4,可隆-东北,针织夹克,118,162,18,275,402962.27,317,298,1558.71,353.38,887.3,1116.99,1329.01,1558.71,1788.4,2000.43,2300.8,1266.18,277.24
2024Q4,可隆-东北,羽绒服,283,398,81,620,3334561.6,1160,762,3777.63,1119.02,1651.49,2378.85,3050.26,3777.63,4504.99,5176.4,6127.56,2908.0,596.21
2024Q4,可隆-东北,鞋,240,469,87,548,1515332.87,1090,796,2286.67,355.91,1610.44,1841.78,2055.33,2286.67,2518.01,2731.55,3034.07,1563.26,417.29
2024Q4,可隆-东北,马夹,183,164,51,333,702554.81,548,398,2020.87,525.46,1022.49,1364.04,1679.32,2020.87,2362.42,2677.69,3124.33,1424.36,338.05
2024Q4,可隆-东北,软壳夹克,616,328,168,910,2691651.07,1966,1112,2392.44,701.73,1059.15,1515.28,1936.32,2392.44,2848.57,3269.61,3866.08,1402.55,317.88
2024Q4,可隆-东北,配件,206,215,63,498,286295.18,783,484,404.07,95.74,222.16,284.39,341.84,404.07,466.3,523.74,605.12,345.97,75.62
2024Q4,可隆-东北,抓绒夹克,131,338,62,385,714405.87,736,531,1689.56,312.12,1096.52,1299.4,1486.68,1689.56,1892.44,2079.71,2345.02,1032.68,227.76
2024Q4,可隆-东北,防风夹克,190,420,64,484,2037969.77,1040,674,2569.67,630.49,1371.74,1781.56,2159.85,2569.67,2979.49,3357.79,3893.71,2074.56,512.63
2024Q4,可隆-东北,其他,50,43,21,120,32729.63,169,114,294.65,83.33,136.31,190.48,240.48,294.65,348.81,398.81,469.65,199.74,48.03
2024Q4,可隆-东北,棉服,241,224,63,404,1391634.94,756,528,2586.44,822.45,1023.78,1558.38,2051.85,2586.44,3121.04,3614.51,4313.6,1799.18,422.0
2024Q4,可隆-东北,连衣裙,53,47,21,116,275813.98,182,121,1874.07,383.68,1145.09,1394.48,1624.68,1874.07,2123.46,2353.67,2679.79,1477.73,259.62
2024Q4,可隆-东北,短裤,97,182,44,294,248923.04,507,323,797.05,198.85,419.23,548.48,667.79,797.05,926.3,1045.61,1214.63,470.17,129.62
2024Q4,可隆-华东,防水夹克,368,667,152,897,2511673.52,1469,1187,3039.52,496.24,2096.67,2419.23,2716.97,3039.52,3362.08,3659.82,4081.62,1763.16,443.43
2024Q4,可隆-华东,卫衣,192,223,37,461,603245.69,707,452,1267.73,350.93,600.97,829.07,1039.63,1267.73,1495.83,1706.39,2004.68,902.58,150.9
2024Q4,可隆-华东,长袖T恤,574,459,198,1073,1460744.42,2184,1231,817.3,220.67,398.03,541.47,673.87,817.3,960.73,1093.13,1280.7,705.03,165.18
2024Q4,可隆-华东,三合一夹克,281,385,57,488,5050645.09,1384,723,4784.6,804.03,3256.94,3779.56,4261.98,4784.6,5307.22,5789.64,6473.06,3478.73,829.02
2024Q4,可隆-华东,POLO,386,522,204,1024,1114386.8,1646,1112,938.85,140.7,671.51,762.97,847.39,938.85,1030.31,1114.73,1234.33,690.43,168.95
2024Q4,可隆-华东,短袖T恤,905,678,222,1236,1904507.42,3205,1805,906.26,257.93,416.18,583.84,738.6,906.26,1073.91,1228.67,1447.91,648.07,128.26
2024Q4,可隆-华东,长裤,139,432,110,765,1280329.31,1182,681,1615.54,268.97,1104.49,1279.33,1440.71,1615.54,1790.38,1951.76,2180.39,1062.6,138.76
2024Q4,可隆-华东,衬衫,170,215,76,403,426768.56,564,461,1222.92,210.33,823.29,960.01,1086.21,1222.92,1359.64,1485.84,1664.62,753.71,93.02
2024Q4,可隆-华东,针织夹克,426,436,109,787,1628239.67,1546,971,1455.79,440.16,619.48,905.59,1169.68,1455.79,1741.9,2005.99,2380.13,1076.56,155.82
2024Q4,可隆-华东,羽绒服,243,223,50,441,1617674.59,721,516,3363.4,586.83,2248.42,2629.86,2981.96,3363.4,3744.84,4096.94,4595.75,2142.09,343.63
2024Q4,可隆-华东,鞋,168,414,104,650,1285956.99,910,686,2205.79,431.42,1386.09,1666.51,1925.37,2205.79,2486.22,2745.08,3111.79,1529.21,402.93
2024Q4,可隆-华东,马夹,197,211,59,360,935970.16,646,467,1939.79,525.42,941.49,1283.02,1598.27,1939.79,2281.32,2596.57,3043.18,1495.7,387.39
2024Q4,可隆-华东,软壳夹克,208,568,77,756,2328064.01,1464,853,2563.66,641.1,1345.56,1762.28,2146.94,2563.66,2980.38,3365.04,3909.98,1723.73,284.43
2024Q4,可隆-华东,配件,257,359,125,729,377856.44,1091,741,408.43,82.5,251.68,305.3,354.8,408.43,462.05,511.55,581.68,344.04,80.95
2024Q4,可隆-华东,抓绒夹克,312,481,73,681,1886064.33,1683,866,1829.86,354.6,1156.11,1386.6,1599.36,1829.86,2060.35,2273.11,2574.52,1079.91,248.32
2024Q4,可隆-华东,防风夹克,427,424,177,1027,2936435.67,1675,1028,2206.66,404.71,1437.71,1700.77,1943.6,2206.66,2469.72,2712.55,3056.55,1632.52,389.74
2024Q4,可隆-华东,其他,90,107,40,229,79083.96,370,237,318.58,80.17,166.26,218.37,266.47,318.58,370.69,418.79,486.93,234.73,43.29
2024Q4,可隆-华东,棉服,194,218,66,371,1406170.63,830,478,2844.19,775.09,1371.51,1875.32,2340.38,2844.19,3348.0,3813.05,4471.88,1655.98,258.29
2024Q4,可隆-华东,连衣裙,57,64,12,123,205601.92,185,133,1596.67,292.52,1040.88,1231.02,1406.53,1596.67,1786.81,1962.32,2210.97,1070.24,218.73
2024Q4,可隆-华东,短裤,228,306,48,466,554226.75,871,582,860.14,208.15,464.66,599.95,724.84,860.14,995.44,1120.33,1297.25,618.18,132.04
2024Q4,可隆-华北,防水夹克,485,685,254,1228,3712525.81,1816,1424,3031.39,467.46,2143.21,2447.06,2727.54,3031.39,3335.24,3615.71,4013.05,1940.26,429.41
2024Q4,可隆-华北,卫衣,372,472,154,816,1376174.46,1687,998,1179.28,372.19,472.13,714.05,937.36,1179.28,1421.2,1644.51,1960.87,789.5,123.36
2024Q4,可隆-华北,长袖T恤,458,612,95,1135,1286417.63,2127,1165,749.18,239.4,294.32,449.93,593.57,749.18,904.79,1048.44,1251.93,629.6,126.41
2024Q4,可隆-华北,三合一夹克,374,212,70,596,2386296.79,926,656,3821.33,1111.12,1710.2,2432.43,3099.1,3821.33,4543.55,5210.23,6154.68,2650.53,485.02
2024Q4,可隆-华北,POLO,333,624,123,802,1057969.6,1367,1080,1150.37,364.79,457.27,694.39,913.26,1150.37,1387.49,1606.36,1916.43,766.24,191.61
2024Q4,可隆-华北,短袖T恤,358,648,98,1032,1103931.84,2128,1104,733.79,199.89,354.0,483.93,603.87,733.79,863.72,983.65,1153.56,547.33,109.59
2024Q4,可隆-华北,长裤,328,528,55,799,1382162.33,1694,911,1246.36,304.72,667.38,865.45,1048.29,1246.36,1444.43,1627.26,1886.27,986.86,252.18
2024Q4,可隆-华北,衬衫,332,347,58,619,995765.6,1319,737,1234.36,196.22,861.54,989.08,1106.82,1234.36,1361.91,1479.64,1646.43,848.67,161.66
2024Q4,可隆-华北,针织夹克,366,516,93,656,1529874.08,1590,975,1289.78,210.58,889.68,1026.55,1152.9,1289.78,1426.65,1553.0,1731.99,916.37,250.79
2024Q4,可隆-华北,羽绒服,128,311,44,435,2626154.61,781,483,3806.31,588.05,2689.02,3071.25,3424.08,3806.31,4188.54,4541.37,5041.22,3491.49,899.68
2024Q4,可隆-华北,鞋,549,498,119,810,3076572.36,1642,1166,2403.92,572.55,1316.07,1688.23,2031.76,2403.92,2776.08,3119.61,3606.28,2010.55,360.04
2024Q4,可隆-华北,马夹,162,314,79,442,1436618.37,985,555,2052.23,612.47,888.53,1286.64,1654.12,2052.23,2450.33,2817.82,3338.42,1486.78,290.33
2024Q4,可隆-华北,软壳夹克,254,394,63,785,1213236.42,920,711,1862.87,301.95,1289.17,1485.44,1666.61,1862.87,2059.14,2240.31,2496.97,1295.39,211.66
2024Q4,可隆-华北,配件,196,419,70,528,281436.53,928,685,422.98,75.86,278.86,328.16,373.67,422.98,472.29,517.8,582.28,316.27,59.92
2024Q4,可隆-华北,抓绒夹克,211,100,60,406,729955.27,546,371,2077.4,474.63,1175.6,1484.11,1768.89,2077.4,2385.9,2670.68,3074.12,1332.49,207.38
2024Q4,可隆-华北,防风夹克,381,383,105,836,2409325.83,1423,869,2313.0,486.97,1387.75,1704.29,1996.47,2313.0,2629.53,2921.71,3335.64,1576.29,401.32
2024Q4,可隆-华北,其他,94,150,12,177,75334.31,396,256,238.69,35.74,170.79,194.02,215.46,238.69,261.92,283.36,313.74,190.72,24.96
2024Q4,可隆-华北,棉服,84,148,28,205,1267040.35,519,260,2836.12,461.02,1960.18,2259.84,2536.45,2836.12,3135.78,3412.39,3804.26,2146.36,409.61
2024Q4,可隆-华北,连衣裙,61,42,10,95,189737.77,181,113,1511.52,414.88,723.26,992.93,1241.85,1511.52,1781.19,2030.11,2382.76,1035.78,226.63
2024Q4,可隆-华北,短裤,207,343,53,395,738361.95,950,603,902.29,234.65,456.46,608.98,749.77,902.29,1054.81,1195.6,1395.05,699.94,159.87
2024Q4,可隆-华南,防水夹克,936,847,286,1516,9653258.96,3419,2069,3652.13,1022.5,1709.37,2374.0,2987.5,3652.13,4316.76,4930.26,5799.39,2701.58,522.34
2024Q4,可隆-华南,卫衣,266,397,100,702,1156382.41,1249,763,1243.41,307.82,658.55,858.63,1043.32,1243.41,1443.49,1628.18,1889.82,915.66,246.24
2024Q4,可隆-华南,长袖T恤,220,326,48,510,545911.93,836,594,733.9,216.66,322.25,463.08,593.07,733.9,874.72,1004.72,1188.87,660.65,81.72
2024Q4,可隆-华南,三合一夹克,194,395,86,677,4611505.21,1397,675,4105.78,1038.99,2131.7,2807.05,3430.44,4105.78,4781.12,5404.51,6287.65,3228.28,611.59
2024Q4,可隆-华南,POLO,481,489,140,908,1093761.85,2146,1110,943.24,166.92,626.09,734.59,834.74,943.24,1051.73,1151.89,1293.77,539.24,102.39
2024Q4,可隆-华南,短袖T恤,326,425,112,729,825957.3,1212,863,827.98,159.59,524.76,628.49,724.25,827.98,931.72,1027.47,1163.12,631.55,145.24
2024Q4,可隆-华南,长裤,534,592,202,1062,1874109.18,2025,1328,1362.55,250.67,886.27,1049.21,1199.61,1362.55,1525.48,1675.89,1888.96,966.71,244.25
2024Q4,可隆-华南,衬衫,252,206,82,486,474662.52,764,540,1082.19,293.37,524.79,715.48,891.5,1082.19,1272.88,1448.91,1698.27,694.77,193.71
2024Q4,可隆-华南,针织夹克,255,256,68,606,1093906.26,879,579,1529.85,273.9,1009.43,1187.47,1351.81,1529.85,1707.88,1872.22,2105.04,1203.06,285.36
2024Q4,可隆-华南,羽绒服,370,218,24,588,2528939.47,973,612,3777.88,1178.2,1539.3,2305.13,3012.05,3777.88,4543.71,5250.63,6252.1,2665.18,405.28
2024Q4,可隆-华南,鞋,327,210,98,487,1306516.49,1009,635,1927.55,281.64,1392.44,1575.5,1744.49,1927.55,2110.62,2279.61,2519.0,1400.89,247.22
2024Q4,可隆-华南,马夹,169,216,68,443,1072099.27,790,453,2015.35,442.58,1174.45,1462.13,1727.68,2015.35,2303.03,2568.58,2944.77,1322.03,239.41
2024Q4,可隆-华南,软壳夹克,263,310,95,646,2134566.02,901,668,2722.06,522.87,1728.6,2068.47,2382.19,2722.06,3061.93,3375.65,3820.09,2139.17,364.26
2024Q4,可隆-华南,配件,352,375,30,753,261347.39,1099,757,451.68,142.63,180.69,273.4,358.97,451.68,544.39,629.96,751.19,239.23,47.27
2024Q4,可隆-华南,抓绒夹克,213,220,41,480,591478.09,653,474,1291.17,310.3,701.59,903.29,1089.47,1291.17,1492.87,1679.05,1942.81,895.95,155.84
2024Q4,可隆-华南,防风夹克,350,433,91,697,2962613.58,1580,874,2311.98,600.67,1170.71,1561.14,1921.54,2311.98,2702.41,3062.81,3573.38,1805.38,454.74
2024Q4,可隆-华南,其他,59,95,15,135,66183.52,253,169,281.21,59.15,168.83,207.28,242.77,281.21,319.66,355.15,405.43,239.89,61.75
2024Q4,可隆-华南,棉服,307,328,101,632,2161950.05,1023,736,2792.13,402.67,2027.06,2288.8,2530.4,2792.13,3053.87,3295.47,3637.74,2161.72,303.47
2024Q4,可隆-华南,连衣裙,59,39,17,96,151028.08,191,115,1257.96,235.27,810.95,963.88,1105.04,1257.96,1410.88,1552.04,1752.02,856.1,225.98
2024Q4,可隆-华南,短裤,200,196,25,406,375760.06,687,421,839.48,249.27,365.87,527.89,677.45,839.48,1001.5,1151.06,1362.94,516.08,85.09
2024Q4,可隆-华西,防水夹克,259,312,88,593,3504976.09,1199,659,3166.61,1000.65,1265.37,1915.79,2516.18,3166.61,3817.04,4417.43,5267.98,2813.1,500.9
2024Q4,可隆-华西,卫衣,388,371,100,812,767618.07,1139,859,936.4,262.31,438.02,608.52,765.9,936.4,1106.9,1264.29,1487.25,687.26,150.44
2024Q4,可隆-华西,长袖T恤,350,245,64,650,646549.97,856,659,958.54,279.3,427.87,609.41,777.0,958.54,1140.09,1307.67,1545.08,778.45,200.41
2024Q4,可隆-华西,三合一夹克,154,148,32,277,1925214.57,590,334,4380.02,941.84,2590.53,3202.73,3767.83,4380.02,4992.22,5557.32,6357.89,3050.16,608.43
2024Q4,可隆-华西,POLO,271,283,30,642,738697.16,1021,584,977.2,270.32,463.59,639.3,801.49,977.2,1152.91,1315.1,1544.87,765.55,144.95
2024Q4,可隆-华西,短袖T恤,313,421,52,652,637518.01,1446,786,675.35,107.18,471.71,541.38,605.68,675.35,745.01,809.32,900.42,416.13,71.93
2024Q4,可隆-华西,长裤,306,419,158,690,1135000.4,1418,883,1088.45,253.92,606.0,771.05,923.4,1088.45,1253.5,1405.85,1621.69,845.7,101.75
2024Q4,可隆-华西,衬衫,266,427,47,546,1343466.71,1254,740,1175.53,201.11,793.42,924.14,1044.81,1175.53,1306.26,1426.93,1597.87,986.36,235.36
2024Q4,可隆-华西,针织夹克,150,221,47,421,689539.84,697,418,1502.48,340.26,855.99,1077.15,1281.31,1502.48,1723.65,1927.8,2217.02,1063.09,153.3
2024Q4,可隆-华西,羽绒服,148,464,85,664,3179347.54,1085,697,3905.6,987.13,2030.05,2671.69,3263.97,3905.6,4547.24,5139.51,5978.57,2927.62,568.05
2024Q4,可隆-华西,鞋,256,234,54,415,1617753.01,933,544,2374.08,444.81,1528.95,1818.07,2084.96,2374.08,2663.21,2930.09,3308.18,1772.57,366.34
2024Q4,可隆-华西,马夹,86,75,18,157,322566.62,275,179,1893.19,601.54,750.27,1141.27,1502.19,1893.19,2284.19,2645.11,3156.42,1164.14,299.51
2024Q4,可隆-华西,软壳夹克,250,222,82,465,1342371.19,783,554,2767.45,688.81,1458.72,1906.45,2319.73,2767.45,3215.18,3628.46,4213.95,1726.25,453.24
2024Q4,可隆-华西,配件,156,150,49,332,167567.18,628,355,383.85,109.15,176.46,247.41,312.9,383.85,454.8,520.29,613.07,275.29,56.95
2024Q4,可隆-华西,抓绒夹克,184,279,14,438,849927.29,889,477,1650.28,244.36,1186.0,1344.83,1491.45,1650.28,1809.11,1955.72,2163.42,935.04,213.01
2024Q4,可隆-华西,防风夹克,192,337,87,532,1380119.63,811,616,2397.94,456.81,1529.99,1826.92,2101.01,2397.94,2694.87,2968.96,3357.25,1585.9,287.64
2024Q4,可隆-华西,其他,78,73,19,135,81880.71,314,170,286.75,73.93,146.28,194.33,238.69,286.75,334.8,379.16,442.0,244.22,41.2
2024Q4,可隆-华西,棉服,172,262,42,389,1163514.98,640,476,2811.64,678.22,1523.02,1963.86,2370.79,2811.64,3252.48,3659.41,4235.9,1951.19,401.04
2024Q4,可隆-华西,连衣裙,49,73,14,133,249660.89,212,136,1506.03,376.56,790.58,1035.34,1261.27,1506.03,1750.79,1976.73,2296.8,1173.71,245.59
2024Q4,可隆-华西,短裤,76,145,36,255,288557.87,429,257,886.1,139.97,620.16,711.14,795.12,886.1,977.08,1061.06,1180.03,703.19,184.67
2024Q4,可隆-安徽,防水夹克,236,317,89,608,2992897.32,1034,642,3616.33,1003.51,1709.67,2361.95,2964.06,3616.33,4268.61,4870.71,5723.69,2882.67,736.94
2024Q4,可隆-安徽,卫衣,136,324,69,425,694589.7,812,529,1105.25,171.47,779.45,890.91,993.79,1105.25,1216.71,1319.59,1465.34,801.63,112.46
2024Q4,可隆-安徽,长袖T恤,507,258,86,763,940044.36,1437,851,826.05,160.56,520.98,625.34,721.68,826.05,930.42,1026.75,1163.23,650.87,95.47
2024Q4,可隆-安徽,三合一夹克,75,204,61,265,1279606.0,573,340,4331.67,1309.04,1844.48,2695.36,3480.79,4331.67,5182.55,5967.97,7080.66,2320.31,537.19
2024Q4,可隆-安徽,POLO,100,191,40,286,511381.92,573,331,1161.97,182.32,815.56,934.07,1043.46,1161.97,1280.48,1389.88,1544.85,900.37,137.23
2024Q4,可隆-安徽,短袖T恤,115,200,57,317,203847.31,493,372,710.27,127.49,468.04,550.91,627.4,710.27,793.13,869.62,977.99,440.85,62.39
2024Q4,可隆-安徽,长裤,273,487,123,747,1727699.09,1524,883,1380.93,338.76,737.29,957.48,1160.74,1380.93,1601.12,1804.37,2092.31,1103.09,254.56
2024Q4,可隆-安徽,衬衫,121,203,56,297,325818.79,552,380,1065.29,275.02,542.75,721.51,886.53,1065.29,1244.06,1409.07,1642.84,648.8,150.44
2024Q4,可隆-安徽,针织夹克,136,108,31,245,413535.94,410,275,1578.1,240.46,1121.22,1277.52,1421.8,1578.1,1734.4,1878.68,2083.07,1015.17,169.72
2024Q4,可隆-安徽,羽绒服,181,227,79,424,2424462.0,809,487,3655.97,773.4,2186.52,2689.22,3153.26,3655.97,4158.68,4622.72,5280.11,3042.87,698.07
2024Q4,可隆-安徽,鞋,162,142,82,381,1289509.55,717,386,2102.54,317.15,1499.95,1706.1,1896.39,2102.54,2308.69,2498.98,2768.56,1738.83,213.45
2024Q4,可隆-安徽,马夹,80,138,30,221,501528.71,394,248,1658.78,262.75,1159.56,1330.35,1487.99,1658.78,1829.56,1987.21,2210.54,1197.33,239.79
2024Q4,可隆-安徽,软壳夹克,254,419,89,805,2156767.97,1120,762,3018.35,607.29,1864.5,2259.24,2623.61,3018.35,3413.09,3777.46,4293.66,2084.96,548.95
2024Q4,可隆-安徽,配件,161,254,36,401,228422.93,749,451,417.27,61.31,300.78,340.63,377.42,417.27,457.12,493.9,546.01,313.38,56.42
2024Q4,可隆-安徽,抓绒夹克,110,142,29,227,483232.42,485,281,1776.74,429.08,961.49,1240.39,1497.84,1776.74,2055.63,2313.08,2677.8,1046.85,240.61
2024Q4,可隆-安徽,防风夹克,193,170,63,391,1332709.56,711,426,2471.03,732.01,1080.22,1556.02,1995.22,2471.03,2946.83,3386.04,4008.25,1772.65,392.12
2024Q4,可隆-安徽,其他,24,52,5,80,25497.84,127,81,291.83,45.56,205.27,234.89,262.22,291.83,321.45,348.78,387.5,203.82,51.69
2024Q4,可隆-安徽,棉服,81,148,30,212,949965.81,433,259,3146.55,707.62,1802.07,2262.02,2686.6,3146.55,3606.5,4031.08,4632.56,2238.27,443.31
2024Q4,可隆-安徽,连衣裙,31,30,15,83,83345.02,111,76,1316.72,262.77,817.45,988.25,1145.92,1316.72,1487.53,1645.19,1868.55,758.61,190.34
2024Q4,可隆-安徽,短裤,121,127,31,227,303220.29,497,279,805.67,160.82,500.12,604.65,701.14,805.67,910.2,1006.69,1143.38,649.49,136.19
2024Q4,可隆-山西,防水夹克,276,583,108,811,3998877.55,1585,967,3233.37,868.49,1583.25,2147.76,2668.86,3233.37,3797.89,4318.98,5057.19,2697.72,430.49
2024Q4,可隆-山西,卫衣,287,221,169,523,938971.73,1094,677,1227.53,328.63,603.12,816.74,1013.92,1227.53,1441.14,1638.32,1917.66,852.73,179.72
2024Q4,可隆-山西,长袖T恤,231,252,113,527,553756.49,833,596,921.75,262.52,422.96,593.6,751.11,921.75,1092.39,1249.9,1473.05,669.14,94.29
2024Q4,可隆-山西,三合一夹克,103,139,42,269,1488458.47,428,284,4404.58,1038.25,2431.9,3106.76,3729.71,4404.58,5079.44,5702.39,6584.9,3076.37,637.43
2024Q4,可隆-山西,POLO,133,266,38,357,436585.47,581,437,950.79,159.91,646.96,750.9,846.85,950.79,1054.73,1150.68,1286.6,771.49,104.07
2024Q4,可隆-山西,短袖T恤,160,290,68,515,557722.37,1017,518,647.87,99.57,458.69,523.41,583.15,647.87,712.59,772.33,856.96,525.33,95.11
2024Q4,可隆-山西,长裤,492,265,95,727,1135125.14,1226,852,1207.93,357.45,528.77,761.12,975.59,1207.93,1440.28,1654.75,1958.58,914.46,206.69
2024Q4,可隆-山西,衬衫,124,216,35,310,599821.07,702,375,1139.44,322.43,526.82,736.4,929.86,1139.44,1349.02,1542.48,1816.55,891.54,221.22
2024Q4,可隆-山西,针织夹克,86,100,30,189,320850.57,349,216,1457.55,337.23,816.8,1036.0,1238.34,1457.55,1676.75,1879.09,2165.74,976.89,195.24
2024Q4,可隆-山西,羽绒服,190,292,57,495,2606524.8,788,539,3693.23,1048.1,1701.83,2383.1,3011.96,3693.23,4374.5,5003.36,5894.25,2971.57,494.47
2024Q4,可隆-山西,鞋,185,297,41,440,1515808.22,1032,523,2253.27,554.77,1199.22,1559.81,1892.67,2253.27,2613.87,2946.73,3418.28,1480.45,238.12
2024Q4,可隆-山西,马夹,100,198,9,258,530144.08,445,307,1771.64,419.25,975.06,1247.57,1499.12,1771.64,2044.15,2295.7,2652.06,1167.96,322.38
2024Q4,可隆-山西,软壳夹克,250,378,69,597,2099189.13,1060,697,2189.91,366.4,1493.75,1731.91,1951.75,2189.91,2428.07,2647.91,2959.35,1912.07,265.96
2024Q4,可隆-山西,配件,88,145,31,312,108141.47,384,264,404.45,75.91,260.22,309.56,355.11,404.45,453.79,499.34,563.86,284.98,71.35
2024Q4,可隆-山西,抓绒夹克,76,158,13,229,432491.28,314,247,1846.89,321.44,1236.16,1445.1,1637.96,1846.89,2055.83,2248.69,2521.91,1315.56,362.14
2024Q4,可隆-山西,防风夹克,235,186,61,394,1769295.78,847,482,2593.65,661.35,1337.08,1766.96,2163.77,2593.65,3023.53,3420.34,3982.49,1952.57,437.81
2024Q4,可隆-山西,其他,41,40,8,97,27395.55,150,89,272.46,62.09,154.48,194.84,232.1,272.46,312.82,350.07,402.85,171.77,21.51
2024Q4,可隆-山西,棉服,47,49,16,92,340735.25,184,112,2852.66,424.57,2045.98,2321.95,2576.69,2852.66,3128.63,3383.37,3744.25,1960.24,239.74
2024Q4,可隆-山西,连衣裙,34,38,5,84,106654.18,114,77,1362.31,332.93,729.75,946.15,1145.9,1362.31,1578.71,1778.47,2061.45,1001.13,131.35
2024Q4,可隆-山西,短裤,203,241,37,333,469355.76,771,481,832.26,165.9,517.05,624.88,724.42,832.26,940.1,1039.64,1180.65,594.89,139.37
2024Q4,可隆-西北,防水夹克,291,350,107,606,2275369.41,1184,748,3041.51,795.99,1529.13,2046.52,2524.11,3041.51,3558.9,4036.49,4713.09,2043.51,340.89
2024Q4,可隆-西北,卫衣,191,230,57,416,556199.9,654,478,1229.04,224.09,803.27,948.92,1083.38,1229.04,1374.7,1509.15,1699.63,854.15,126.25
2024Q4,可隆-西北,长袖T恤,170,207,85,417,496832.73,720,462,953.8,250.05,478.71,641.24,791.27,953.8,1116.33,1266.35,1478.89,703.15,169.18
2024Q4,可隆-西北,三合一夹克,226,210,29,333,1918945.85,694,465,4549.58,1018.42,2614.59,3276.56,3887.61,4549.58,5211.56,5822.61,6688.26,3007.26,570.82
2024Q4,可隆-西北,POLO,230,306,66,461,907829.91,933,602,1004.68,195.98,632.32,759.71,877.29,1004.68,1132.06,1249.65,1416.23,973.41,179.4
2024Q4,可隆-西北,短袖T恤,338,392,106,616,782074.71,1523,836,751.99,201.83,368.51,499.7,620.8,751.99,883.18,1004.28,1175.84,502.72,120.48
2024Q4,可隆-西北,长裤,316,121,95,533,474436.22,769,532,1117.46,280.07,585.32,767.37,935.41,1117.46,1299.5,1467.54,1705.6,613.46,157.26
2024Q4,可隆-西北,衬衫,168,252,50,346,561005.98,890,470,1007.67,304.7,428.75,626.8,809.62,1007.67,1205.73,1388.54,1647.54,639.98,119.52
2024Q4,可隆-西北,针织夹克,162,122,19,279,347335.44,386,303,1340.83,351.01,673.9,902.06,1112.67,1340.83,1568.98,1779.59,2077.95,933.79,151.03
2024Q4,可隆-西北,羽绒服,159,239,50,407,1441667.74,672,448,3735.76,996.41,1842.58,2490.25,3088.09,3735.76,4383.43,4981.27,5828.22,2114.89,429.73
2024Q4,可隆-西北,鞋,104,152,39,243,698377.46,387,295,2280.95,678.6,991.6,1432.69,1839.86,2280.95,2722.04,3129.21,3706.02,1850.27,290.79
2024Q4,可隆-西北,马夹,73,79,29,170,484576.93,377,181,1953.68,357.35,1274.7,1506.98,1721.4,1953.68,2185.95,2400.37,2704.12,1207.63,252.65
2024Q4,可隆-西北,软壳夹克,112,236,65,371,1074352.22,783,413,2361.8,635.63,1154.1,1567.26,1948.64,2361.8,2774.96,3156.34,3696.63,1405.81,264.35
2024Q4,可隆-西北,配件,226,250,53,345,281608.05,868,529,433.77,89.25,264.2,322.21,375.76,433.77,491.78,545.33,621.19,346.49,56.57
2024Q4,可隆-西北,抓绒夹克,92,202,39,297,471198.16,411,333,1622.13,370.74,917.72,1158.7,1381.15,1622.13,1863.12,2085.56,2400.7,1238.3,181.8
2024Q4,可隆-西北,防风夹克,175,249,35,433,1181664.81,745,459,2259.24,429.65,1442.9,1722.18,1979.97,2259.24,2538.52,2796.31,3161.51,1660.77,352.38
2024Q4,可隆-西北,其他,21,30,3,61,24186.2,77,54,375.52,73.29,236.27,283.91,327.88,375.52,423.15,467.12,529.42,293.67,71.6
2024Q4,可隆-西北,棉服,137,222,58,317,1811174.39,705,417,3224.37,747.87,1803.41,2289.53,2738.25,3224.37,3710.48,4159.2,4794.89,2368.64,417.08
2024Q4,可隆-西北,连衣裙,30,50,6,83,114563.02,117,86,1488.02,245.06,1022.42,1181.7,1328.74,1488.02,1647.31,1794.34,2002.64,919.72,221.8
2024Q4,可隆-西北,短裤,76,155,7,173,184285.27,301,238,720.97,167.13,403.43,512.06,612.34,720.97,829.6,929.88,1071.93,600.6,122.13
2024Q4,可隆-电商,防水夹克,825,1178,124,1698,7348496.66,3477,2127,3537.41,516.99,2555.12,2891.17,3201.36,3537.41,3873.45,4183.65,4623.09,2193.45,416.31
2024Q4,可隆-电商,卫衣,207,235,81,462,783373.41,868,523,1243.56,246.95,774.36,934.88,1083.05,1243.56,1404.08,1552.25,1762.15,896.41,214.58
2024Q4,可隆-电商,长袖T恤,463,1017,143,1232,1786004.6,2123,1623,880.43,272.71,362.28,539.54,703.17,880.43,1057.69,1221.32,1453.13,800.23,217.24
2024Q4,可隆-电商,三合一夹克,301,269,50,619,2409388.56,1049,620,3564.53,982.19,1698.37,2336.79,2926.11,3564.53,4202.95,4792.27,5627.13,2306.66,536.37
2024Q4,可隆-电商,POLO,577,655,127,983,1621866.87,2199,1359,891.37,228.03,458.11,606.33,743.15,891.37,1039.59,1176.41,1370.24,757.36,102.04
2024Q4,可隆-电商,短袖T恤,512,833,155,1330,1119991.14,2174,1500,833.31,173.91,502.88,615.92,720.27,833.31,946.35,1050.7,1198.52,516.13,135.28
2024Q4,可隆-电商,长裤,331,760,182,1305,1473000.05,1844,1273,1186.26,206.95,793.06,927.57,1051.74,1186.26,1320.77,1444.94,1620.84,822.59,153.95
2024Q4,可隆-电商,衬衫,268,514,138,667,1056358.05,1586,920,970.11,254.35,486.85,652.17,804.78,970.11,1135.44,1288.05,1504.24,662.46,157.9
2024Q4,可隆-电商,针织夹克,224,313,57,502,1056642.8,1085,594,1464.99,359.19,782.53,1016.0,1231.52,1464.99,1698.46,1913.97,2219.28,1029.12,146.15
2024Q4,可隆-电商,羽绒服,170,612,101,807,3040316.16,1046,883,3920.63,811.1,2379.55,2906.76,3393.42,3920.63,4447.85,4934.51,5623.94,2654.98,448.94
2024Q4,可隆-电商,鞋,545,421,105,1065,1786281.24,1198,1071,2275.33,487.14,1349.76,1666.4,1958.68,2275.33,2591.97,2884.26,3298.33,1461.06,185.84
2024Q4,可隆-电商,马夹,118,269,42,410,852208.01,664,429,1917.83,368.31,1218.03,1457.43,1678.42,1917.83,2157.23,2378.22,2691.29,1216.49,278.64
2024Q4,可隆-电商,软壳夹克,517,689,134,1084,4776595.15,2086,1340,2800.88,795.53,1289.37,1806.46,2283.78,2800.88,3317.98,3795.3,4471.5,2376.19,651.96
2024Q4,可隆-电商,配件,275,440,82,746,302769.75,1139,797,388.24,65.11,264.54,306.86,345.92,388.24,430.56,469.63,524.97,276.29,33.35
2024Q4,可隆-电商,抓绒夹克,223,323,76,558,1214138.95,1061,622,1632.31,397.94,876.22,1134.88,1373.65,1632.31,1890.98,2129.74,2468.0,1224.3,180.82
2024Q4,可隆-电商,防风夹克,222,492,55,710,1778629.16,1422,769,2261.04,506.58,1298.54,1627.82,1931.76,2261.04,2590.32,2894.27,3324.86,1228.35,315.98
2024Q4,可隆-电商,其他,85,111,40,191,54146.67,307,236,270.32,41.64,191.2,218.26,243.25,270.32,297.39,322.38,357.77,156.06,24.1
2024Q4,可隆-电商,棉服,167,334,69,516,1894738.51,975,570,3112.55,493.13,2175.6,2496.14,2792.02,3112.55,3433.09,3728.97,4148.13,2094.09,576.04
2024Q4,可隆-电商,连衣裙,56,82,11,153,224529.68,230,149,1414.69,361.68,727.49,962.58,1179.59,1414.69,1649.78,1866.79,2174.22,994.48,156.32
2024Q4,可隆-电商,短裤,144,243,43,485,423102.22,662,430,826.55,192.03,461.7,586.51,701.73,826.55,951.36,1066.58,1229.8,583.36,143.13
2024Q4,可隆-新疆,防水夹克,215,126,51,467,1160267.39,641,392,2946.78,922.46,1194.11,1793.71,2347.18,2946.78,3546.38,4099.85,4883.94,1668.47,230.57
2024Q4,可隆-新疆,卫衣,102,136,22,230,267899.74,366,260,1156.76,239.72,701.29,857.11,1000.94,1156.76,1312.58,1456.41,1660.17,702.9,170.83
2024Q4,可隆-新疆,长袖T恤,188,196,52,313,365045.52,561,436,969.74,174.29,638.58,751.87,856.45,969.74,1083.03,1187.6,1335.75,689.35,162.1
2024Q4,可隆-新疆,三合一夹克,85,98,21,184,868739.24,270,204,3716.06,859.7,2082.63,2641.43,3157.25,3716.06,4274.87,4790.69,5521.44,3223.8,804.28
2024Q4,可隆-新疆,POLO,73,182,25,285,237086.69,506,280,834.3,243.56,371.55,529.86,675.99,834.3,992.61,1138.75,1345.77,521.99,81.81
2024Q4,可隆-新疆,短袖T恤,184,271,53,426,471189.47,742,508,924.84,219.19,508.38,650.85,782.37,924.84,1067.31,1198.82,1385.13,622.16,120.3
2024Q4,可隆-新疆,长裤,132,206,51,334,640591.36,592,389,1209.6,266.81,702.65,876.08,1036.17,1209.6,1383.03,1543.12,1769.91,1051.26,178.92
2024Q4,可隆-新疆,衬衫,60,61,16,119,166506.74,189,137,1068.76,311.01,477.84,680.0,866.6,1068.76,1270.92,1457.52,1721.88,836.81,164.82
2024Q4,可隆-新疆,针织夹克,59,76,13,161,196825.23,191,148,1645.72,492.25,710.45,1030.41,1325.76,1645.72,1965.68,2261.03,2679.44,1028.05,125.82
2024Q4,可隆-新疆,羽绒服,110,109,30,234,907556.31,389,249,3186.08,772.76,1717.84,2220.13,2683.78,3186.08,3688.37,4152.02,4808.87,2415.29,398.45
2024Q4,可隆-新疆,鞋,80,108,38,223,803315.27,373,226,2388.01,733.2,994.92,1471.5,1911.42,2388.01,2864.59,3304.51,3927.74,1942.29,382.19
2024Q4,可隆-新疆,马夹,91,92,18,165,691541.27,421,201,1917.9,309.18,1330.46,1531.42,1716.93,1917.9,2118.86,2304.37,2567.18,1522.58,224.25
2024Q4,可隆-新疆,软壳夹克,136,240,52,394,861533.5,502,428,2224.89,691.01,911.97,1361.13,1775.73,2224.89,2674.05,3088.65,3676.01,1678.46,432.26
2024Q4,可隆-新疆,配件,71,89,18,153,110425.15,308,178,448.63,91.63,274.53,334.09,389.07,448.63,508.19,563.16,641.05,348.42,80.23
2024Q4,可隆-新疆,抓绒夹克,55,76,16,123,284913.15,214,147,1675.75,347.76,1015.01,1241.05,1449.71,1675.75,1901.79,2110.44,2406.04,1423.56,190.86
2024Q4,可隆-新疆,防风夹克,95,164,36,306,980266.09,533,295,2415.72,534.53,1400.11,1747.56,2068.28,2415.72,2763.17,3083.89,3538.24,1765.94,448.7
2024Q4,可隆-新疆,其他,16,47,4,65,20449.47,89,67,290.72,45.99,203.33,233.22,260.82,290.72,320.61,348.21,387.31,221.47,48.89
2024Q4,可隆-新疆,棉服,82,107,29,181,972042.28,378,218,3139.65,440.91,2301.93,2588.52,2853.06,3139.65,3426.24,3690.79,4065.56,2391.0,402.76
2024Q4,可隆-新疆,连衣裙,17,25,3,42,62236.5,59,45,1546.43,415.24,757.47,1027.38,1276.53,1546.43,1816.34,2065.49,2418.44,1157.21,184.02
2024Q4,可隆-新疆,短裤,87,102,19,175,162864.04,322,208,761.2,153.64,469.28,569.15,661.33,761.2,861.07,953.25,1083.84,517.99,130.35
2024Q4,可隆-青海,防水夹克,57,104,20,196,998182.55,310,181,3799.18,582.46,2692.51,3071.1,3420.58,3799.18,4177.78,4527.25,5022.34,3047.67,392.65
2024Q4,可隆-青海,卫衣,54,97,26,143,208673.58,258,177,1256.81,326.66,636.15,848.48,1044.48,1256.81,1469.14,1665.14,1942.8,835.13,153.76
2024Q4,可隆-青海,长袖T恤,46,67,17,146,110341.42,182,130,797.53,224.2,371.54,517.27,651.8,797.53,943.26,1077.78,1268.35,574.98,131.94
2024Q4,可隆-青海,三合一夹克,29,45,18,79,310006.31,146,92,3401.99,800.32,1881.38,2401.59,2881.78,3401.99,3922.2,4402.4,5082.67,2128.03,343.32
2024Q4,可隆-青海,POLO,58,72,6,137,134175.89,208,136,922.9,180.45,580.04,697.33,805.6,922.9,1040.19,1148.47,1301.85,641.58,159.06
2024Q4,可隆-青海,短袖T恤,66,76,24,143,120797.68,281,166,611.37,111.3,399.91,472.25,539.03,611.37,683.71,750.49,845.09,411.52,77.17
2024Q4,可隆-青海,长裤,81,113,21,153,264826.66,346,215,1240.3,358.23,559.67,792.52,1007.45,1240.3,1473.15,1688.08,1992.57,750.18,147.5
2024Q4,可隆-青海,衬衫,54,56,17,97,115118.04,136,127,980.88,281.26,446.48,629.3,798.06,980.88,1163.7,1332.45,1571.53,787.38,137.55
2024Q4,可隆-青海,针织夹克,41,44,12,85,109039.38,114,97,1401.06,223.92,975.61,1121.16,1255.51,1401.06,1546.61,1680.97,1871.3,983.44,241.23
2024Q4,可隆-青海,羽绒服,50,91,18,147,696807.09,231,159,3759.79,1090.26,1688.29,2396.96,3051.12,3759.79,4468.45,5122.61,6049.33,2862.65,642.18
2024Q4,可隆-青海,鞋,115,92,21,195,564151.68,263,228,2205.4,469.43,1313.47,1618.61,1900.27,2205.4,2510.53,2792.19,3191.21,1883.18,459.0
2024Q4,可隆-青海,马夹,63,45,9,77,197185.16,174,117,1699.9,452.11,840.89,1134.76,1406.03,1699.9,1993.78,2265.04,2649.34,1181.06,258.18
2024Q4,可隆-青海,软壳夹克,84,74,35,155,581111.1,354,193,2458.27,471.59,1562.26,1868.79,2151.74,2458.27,2764.81,3047.76,3448.61,1847.48,228.49
2024Q4,可隆-青海,配件,31,78,13,109,56551.87,179,122,447.41,75.56,303.84,352.95,398.29,447.41,496.52,541.86,606.08,314.37,41.15
2024Q4,可隆-青海,抓绒夹克,36,42,24,98,225111.34,179,102,1554.5,446.49,706.16,996.38,1264.28,1554.5,1844.72,2112.61,2492.13,1215.37,318.14
2024Q4,可隆-青海,防风夹克,69,121,30,184,540368.87,339,220,2026.08,463.2,1145.99,1447.07,1725.0,2026.08,2327.16,2605.08,2998.8,1593.08,197.13
2024Q4,可隆-青海,其他,17,22,3,31,14998.42,62,42,290.21,48.27,198.49,229.87,258.83,290.21,321.59,350.55,391.58,238.95,35.3
2024Q4,可隆-青海,棉服,35,44,15,97,320858.06,151,94,3108.87,515.8,2128.85,2464.12,2773.6,3108.87,3444.14,3753.62,4192.05,2393.03,524.99
2024Q4,可隆-青海,连衣裙,15,20,7,43,101721.2,68,42,1501.07,333.29,867.82,1084.46,1284.43,1501.07,1717.71,1917.68,2200.98,1412.7,365.62
2024Q4,可隆-青海,短裤,36,49,11,80,57665.92,96,96,820.17,145.07,544.54,638.83,725.88,820.17,914.47,1001.51,1124.82,605.4,110.8
2024Q4,可隆-线下山,防水夹克,153,109,32,341,1075542.34,444,294,3457.87,928.95,1692.87,2296.69,2854.06,3457.87,4061.69,4619.06,5408.67,2538.38,566.96
2024Q4,可隆-线下山,卫衣,85,184,36,317,430927.43,531,305,1315.68,256.19,828.91,995.44,1149.15,1315.68,1482.21,1635.92,1853.69,841.7,185.68
2024Q4,可隆-线下山,长袖T恤,232,248,77,407,442117.63,870,557,794.5,154.34,501.26,601.58,694.18,794.5,894.82,987.42,1118.61,469.76,95.58
2024Q4,可隆-线下山,三合一夹克,112,133,39,259,1186426.45,500,284,4001.6,928.83,2236.83,2840.57,3397.86,4001.6,4605.34,5162.64,5952.14,2591.99,343.03
2024Q4,可隆-线下山,POLO,86,190,42,300,389344.0,591,318,1074.78,204.34,686.54,819.36,941.96,1074.78,1207.6,1330.2,1503.88,664.57,100.72
2024Q4,可隆-线下山,短袖T恤,203,200,53,423,257714.74,506,456,714.46,126.84,473.46,555.91,632.01,714.46,796.9,873.01,980.82,545.95,104.52
2024Q4,可隆-线下山,长裤,173,289,36,411,501849.13,712,498,1248.79,371.64,542.68,784.24,1007.22,1248.79,1490.35,1713.33,2029.22,661.74,131.96
2024Q4,可隆-线下山,衬衫,113,105,24,253,324645.12,412,242,1112.89,186.01,759.48,880.38,991.99,1112.89,1233.79,1345.4,1503.5,759.76,204.93
2024Q4,可隆-线下山,针织夹克,95,87,25,159,409243.84,361,207,1539.56,440.03,703.5,989.52,1253.54,1539.56,1825.58,2089.6,2463.63,1094.8,282.07
2024Q4,可隆-线下山,羽绒服,192,204,43,322,1280899.72,533,439,3611.15,1127.8,1468.32,2201.4,2878.08,3611.15,4344.22,5020.9,5979.53,2482.75,432.24
2024Q4,可隆-线下山,鞋,121,287,36,442,1386837.1,706,444,2400.88,414.45,1613.42,1882.81,2131.48,2400.88,2670.28,2918.95,3271.23,1829.66,271.31
2024Q4,可隆-线下山,马夹,58,64,24,160,304073.26,284,146,1875.16,306.6,1292.62,1491.91,1675.87,1875.16,2074.46,2258.42,2519.03,1109.1,273.88
2024Q4,可隆-线下山,软壳夹克,100,134,23,207,824927.54,343,257,3129.2,885.97,1445.85,2021.73,2553.32,3129.2,3705.08,4236.66,4989.74,2381.6,641.4
2024Q4,可隆-线下山,配件,132,93,27,221,114546.09,367,252,475.36,151.41,187.68,286.1,376.94,475.36,573.77,664.62,793.32,332.95,85.13
2024Q4,可隆-线下山,抓绒夹克,60,115,18,193,310544.52,278,193,1850.56,336.5,1211.2,1429.93,1631.83,1850.56,2069.28,2271.18,2557.21,1050.82,199.81
2024Q4,可隆-线下山,防风夹克,122,127,54,335,876811.79,514,303,2238.83,582.23,1132.59,1511.04,1860.38,2238.83,2617.28,2966.62,3461.51,1759.85,279.11
2024Q4,可隆-线下山,其他,22,60,4,76,39507.59,158,86,314.48,60.31,199.9,239.1,275.28,314.48,353.68,389.86,441.12,239.74,63.47
2024Q4,可隆-线下山,棉服,71,107,23,187,576758.31,309,201,2833.56,402.22,2069.34,2330.78,2572.12,2833.56,3095.01,3336.34,3678.23,1879.75,373.1
2024Q4,可隆-线下山,连衣裙,24,37,9,66,130794.66,123,70,1629.08,290.89,1076.38,1265.46,1439.99,1629.08,1818.16,1992.69,2239.95,1036.17,266.14
2024Q4,可隆-线下山,短裤,69,78,11,152,122126.17,213,158,875.16,150.69,588.86,686.81,777.22,875.16,973.11,1063.52,1191.61,581.64,103.91
2025Q1,可隆-东北,防水夹克,257,645,60,771,3568120.27,1638,962,3559.58,575.75,2465.67,2839.9,3185.35,3559.58,3933.82,4279.27,4768.65,2203.82,381.35
2025Q1,可隆-东北,卫衣,263,334,98,569,756549.94,992,695,1136.82,197.12,762.28,890.41,1008.69,1136.82,1264.95,1383.22,1550.77,791.55,140.91
2025Q1,可隆-东北,长袖T恤,260,400,79,649,871655.73,1210,739,862.32,258.73,370.72,538.9,694.14,862.32,1030.5,1185.74,1405.66,699.47,158.36
2025Q1,可隆-东北,三合一夹克,256,393,49,540,2262415.97,981,698,4528.29,706.09,3186.73,3645.69,4069.34,4528.29,4987.25,5410.9,6011.08,2349.54,517.74
2025Q1,可隆-东北,POLO,248,448,108,699,1277312.61,1285,804,1159.86,235.85,711.75,865.05,1006.56,1159.86,1313.17,1454.68,1655.15,956.15,205.26
2025Q1,可隆-东北,短袖T恤,187,491,50,710,540664.78,1124,728,676.21,117.31,453.32,529.57,599.96,676.21,752.46,822.85,922.56,484.75,103.31
2025Q1,可隆-东北,长裤,274,292,17,516,824867.01,764,583,1270.48,230.36,832.8,982.53,1120.75,1270.48,1420.22,1558.44,1754.24,1098.73,159.63
2025Q1,可隆-东北,衬衫,153,205,33,380,426574.48,544,391,1179.04,300.96,607.22,802.85,983.42,1179.04,1374.67,1555.24,1811.06,827.52,102.31
2025Q1,可隆-东北,针织夹克,177,280,60,428,743809.69,697,517,1565.65,270.51,1051.68,1227.52,1389.82,1565.65,1741.48,1903.79,2133.72,1129.33,206.75
2025Q1,可隆-东北,羽绒服,263,269,65,501,2424840.61,824,597,3592.55,614.8,2424.42,2824.05,3192.93,3592.55,3992.17,4361.05,4883.64,2964.73,592.44
2025Q1,可隆-东北,鞋,215,393,82,512,1101602.61,881,690,2190.12,418.08,1395.77,1667.52,1918.37,2190.12,2461.87,2712.71,3068.08,1276.6,279.22
2025Q1,可隆-东北,马夹,138,161,43,286,628249.02,463,342,1949.61,532.63,937.6,1283.82,1603.4,1949.61,2295.82,2615.4,3068.14,1310.14,291.96
2025Q1,可隆-东北,软壳夹克,409,326,104,713,2528075.33,1363,839,2893.22,920.93,1143.46,1742.06,2294.62,2893.22,3491.82,4044.38,4827.17,1994.73,488.33
2025Q1,可隆-东北,配件,204,308,55,482,227735.59,903,567,438.14,78.27,289.42,340.3,387.26,438.14,489.01,535.98,602.51,276.6,38.68
2025Q1,可隆-东北,抓绒夹克,155,142,9,252,776185.13,530,306,1851.08,589.9,730.27,1113.7,1467.65,1851.08,2234.52,2588.46,3089.88,1373.83,337.68
2025Q1,可隆-东北,防风夹克,356,320,63,662,1602820.66,1053,739,2499.57,397.44,1744.44,2002.78,2241.24,2499.57,2757.9,2996.37,3334.19,1420.14,319.33
2025Q1,可隆-东北,其他,23,40,14,68,22620.36,93,77,305.98,79.09,155.72,207.13,254.58,305.98,357.39,404.84,472.06,236.93,51.83
2025Q1,可隆-东北,棉服,160,171,48,335,1118537.95,559,379,2810.32,638.03,1598.06,2012.78,2395.6,2810.32,3225.04,3607.87,4150.19,2030.68,337.64
2025Q1,可隆-东北,连衣裙,64,97,30,149,294010.03,302,191,1510.36,420.39,711.62,984.87,1237.11,1510.36,1783.62,2035.85,2393.18,999.38,261.08
2025Q1,可隆-东北,短裤,138,223,42,439,489191.14,677,403,860.83,133.43,607.31,694.04,774.1,860.83,947.56,1027.62,1141.03,687.08,133.39
2025Q1,可隆-华东,防水夹克,640,744,67,1457,4274081.91,1882,1451,3565.81,660.42,2311.0,2740.28,3136.53,3565.81,3995.09,4391.34,4952.7,2344.03,587.65
2025Q1,可隆-华东,卫衣,235,803,82,951,1494283.29,1458,1120,1340.3,192.67,974.22,1099.46,1215.07,1340.3,1465.54,1581.15,1744.92,969.98,136.05
2025Q1,可隆-华东,长袖T恤,492,443,149,752,1224863.36,1860,1084,867.81,215.14,459.05,598.89,727.97,867.81,1007.65,1136.73,1319.6,644.92,173.92
2025Q1,可隆-华东,三合一夹克,159,377,26,567,3385635.63,805,562,4768.64,1079.83,2716.95,3418.85,4066.75,4768.64,5470.53,6118.43,7036.29,4013.1,588.17
2025Q1,可隆-华东,POLO,166,366,21,556,562220.64,801,553,994.7,249.42,520.8,682.92,832.58,994.7,1156.83,1306.48,1518.49,726.97,197.25
2025Q1,可隆-华东,短袖T恤,360,674,202,1072,1064849.84,2084,1236,676.81,151.33,389.28,487.65,578.45,676.81,775.18,865.98,994.61,496.75,115.28
2025Q1,可隆-华东,长裤,364,377,176,714,1197466.46,1148,917,1328.37,254.24,845.31,1010.57,1163.11,1328.37,1493.63,1646.17,1862.28,1087.5,157.95
2025Q1,可隆-华东,衬衫,171,398,96,626,850789.3,1029,665,1077.74,196.54,704.31,832.06,949.99,1077.74,1205.49,1323.41,1490.47,827.68,144.64
2025Q1,可隆-华东,针织夹克,243,188,66,423,685839.84,855,497,1314.13,367.08,616.68,855.28,1075.53,1314.13,1552.73,1772.98,2085.0,801.15,190.8
2025Q1,可隆-华东,羽绒服,325,415,108,641,2944729.5,1146,848,3077.69,796.98,1563.43,2081.46,2559.65,3077.69,3595.73,4073.92,4751.35,2559.27,582.76
2025Q1,可隆-华东,鞋,280,445,75,919,1497120.78,1081,800,2212.31,461.9,1334.7,1634.93,1912.07,2212.31,2512.54,2789.68,3182.29,1468.72,313.85
2025Q1,可隆-华东,马夹,127,238,75,422,1182546.98,812,440,1855.0,583.89,745.62,1125.14,1475.48,1855.0,2234.53,2584.86,3081.17,1350.91,211.9
2025Q1,可隆-华东,软壳夹克,330,364,202,874,2081091.62,1155,896,2381.01,364.98,1687.54,1924.78,2143.77,2381.01,2618.25,2837.24,3147.48,1758.55,282.67
2025Q1,可隆-华东,配件,480,607,166,886,459208.63,1767,1253,391.14,115.88,170.98,246.3,315.82,391.14,466.46,535.99,634.48,266.93,64.65
2025Q1,可隆-华东,抓绒夹克,223,309,79,515,964596.9,786,611,1744.16,398.98,986.09,1245.43,1484.82,1744.16,2003.5,2242.89,2582.03,1333.73,203.59
2025Q1,可隆-华东,防风夹克,304,355,108,609,2091828.04,1275,767,2287.74,327.56,1665.37,1878.29,2074.83,2287.74,2500.66,2697.2,2975.63,1667.04,200.95
2025Q1,可隆-华东,其他,76,131,10,171,64826.16,349,217,237.72,48.29,145.97,177.36,206.33,237.72,269.11,298.08,339.13,186.24,39.27
2025Q1,可隆-华东,棉服,192,382,56,454,2665863.0,1023,630,3431.4,969.68,1589.01,2219.3,2801.11,3431.4,4061.69,4643.5,5467.72,2532.57,511.75
2025Q1,可隆-华东,连衣裙,76,79,21,147,275380.42,284,176,1459.11,225.14,1031.34,1177.68,1312.77,1459.11,1605.46,1740.55,1931.92,1003.21,195.44
2025Q1,可隆-华东,短裤,162,206,72,505,384597.29,709,440,727.39,150.19,442.03,539.65,629.77,727.39,825.01,915.12,1042.78,546.45,144.9
2025Q1,可隆-华北,防水夹克,508,734,163,1198,6237767.4,2509,1405,3109.47,961.68,1282.28,1907.37,2484.38,3109.47,3734.57,4311.57,5129.0,2490.82,455.44
2025Q1,可隆-华北,卫衣,202,407,82,665,957057.33,1265,691,1105.91,321.68,494.72,703.81,896.82,1105.91,1315.0,1508.01,1781.43,735.21,125.13
2025Q1,可隆-华北,长袖T恤,564,769,177,1055,2302735.21,2851,1510,957.85,148.98,674.79,771.63,861.01,957.85,1054.69,1144.08,1270.71,774.45,171.14
2025Q1,可隆-华北,三合一夹克,414,421,111,695,5306977.12,1536,946,4485.61,1129.52,2339.52,3073.71,3751.42,4485.61,5219.8,5897.51,6857.6,3364.04,536.84
2025Q1,可隆-华北,POLO,445,676,174,975,1057805.97,1973,1295,864.56,134.82,608.4,696.03,776.92,864.56,952.19,1033.08,1147.68,559.63,137.2
2025Q1,可隆-华北,短袖T恤,414,546,197,1167,1089712.55,1712,1157,767.13,203.72,380.07,512.49,634.72,767.13,899.55,1021.78,1194.94,602.09,118.37
2025Q1,可隆-华北,长裤,300,324,44,551,995352.09,1186,668,1457.8,380.61,734.63,982.03,1210.4,1457.8,1705.2,1933.57,2257.09,858.45,152.25
2025Q1,可隆-华北,衬衫,144,442,118,524,1020196.17,1114,704,1122.63,287.64,576.11,763.08,935.66,1122.63,1309.6,1482.18,1726.68,853.47,121.87
2025Q1,可隆-华北,针织夹克,169,224,54,495,996046.91,740,447,1602.87,406.14,831.21,1095.2,1338.89,1602.87,1866.86,2110.55,2455.76,1284.91,155.78
2025Q1,可隆-华北,羽绒服,410,338,164,864,2711873.37,1290,912,3492.25,1017.31,1559.36,2220.61,2831.0,3492.25,4153.5,4763.88,5628.6,2250.95,416.42
2025Q1,可隆-华北,鞋,310,403,47,702,1440092.46,1133,760,2209.6,468.41,1319.63,1624.1,1905.14,2209.6,2514.07,2795.11,3193.26,1332.88,316.66
2025Q1,可隆-华北,马夹,213,196,53,402,883479.93,762,462,1869.7,330.2,1242.31,1456.94,1655.07,1869.7,2084.33,2282.45,2563.12,1252.74,314.55
2025Q1,可隆-华北,软壳夹克,435,864,69,1069,2191611.09,2139,1368,2284.79,689.47,974.8,1422.96,1836.64,2284.79,2732.95,3146.63,3732.67,1076.45,254.43
2025Q1,可隆-华北,配件,296,532,113,635,453294.28,1481,941,415.63,126.42,175.43,257.6,333.46,415.63,497.81,573.66,681.12,296.17,68.16
2025Q1,可隆-华北,抓绒夹克,183,315,61,398,1305531.04,935,559,1687.8,339.62,1042.51,1263.27,1467.04,1687.8,1908.55,2112.32,2401.0,1383.25,367.02
2025Q1,可隆-华北,防风夹克,198,143,44,462,793629.47,474,385,2643.58,570.94,1558.79,1929.91,2272.47,2643.58,3014.69,3357.25,3842.55,1568.51,264.03
2025Q1,可隆-华北,其他,85,118,33,198,67201.15,364,236,271.23,65.37,147.03,189.52,228.74,271.23,313.72,352.95,408.51,203.07,24.91
2025Q1,可隆-华北,棉服,96,427,42,524,2303387.38,952,565,2653.93,722.66,1280.87,1750.6,2184.2,2653.93,3123.66,3557.25,4171.52,2451.8,446.57
2025Q1,可隆-华北,连衣裙,37,70,21,105,254712.37,212,128,1672.36,477.34,765.41,1075.68,1362.09,1672.36,1982.64,2269.04,2674.78,1269.21,268.28
2025Q1,可隆-华北,短裤,126,172,38,374,264549.53,456,336,818.34,129.21,572.84,656.83,734.35,818.34,902.33,979.85,1089.68,549.22,126.0
2025Q1,可隆-华南,防水夹克,614,458,139,1108,5187887.35,2085,1211,3121.03,880.58,1447.93,2020.31,2548.65,3121.03,3693.41,4221.75,4970.24,2564.46,641.41
2025Q1,可隆-华南,卫衣,327,477,37,764,1271029.12,1449,841,1115.36,261.45,618.6,788.55,945.42,1115.36,1285.3,1442.17,1664.4,865.58,155.35
2025Q1,可隆-华南,长袖T恤,316,467,98,759,928271.51,1501,881,780.72,209.74,382.21,518.54,644.39,780.72,917.06,1042.9,1221.19,616.34,123.09
2025Q1,可隆-华南,三合一夹克,151,315,68,445,2221325.25,921,534,3996.49,630.21,2799.09,3208.73,3586.85,3996.49,4406.13,4784.26,5319.94,2612.07,417.81
2025Q1,可隆-华南,POLO,335,520,112,672,791937.62,1172,967,1009.58,163.49,698.95,805.22,903.31,1009.58,1115.85,1213.95,1352.92,668.27,104.76
2025Q1,可隆-华南,短袖T恤,699,638,175,1119,1651850.05,2573,1512,855.25,233.07,412.43,563.92,703.76,855.25,1006.74,1146.58,1344.69,612.83,127.26
2025Q1,可隆-华南,长裤,322,662,113,1241,1259559.55,1515,1097,1229.2,209.53,831.09,967.28,1093.0,1229.2,1365.4,1491.12,1669.22,819.11,188.05
2025Q1,可隆-华南,衬衫,242,179,97,391,611589.83,632,518,1217.75,224.41,791.37,937.24,1071.88,1217.75,1363.62,1498.27,1689.02,1057.37,135.28
2025Q1,可隆-华南,针织夹克,207,253,73,406,794173.69,944,533,1253.35,252.12,774.31,938.19,1089.47,1253.35,1417.23,1568.5,1782.81,837.37,216.75
2025Q1,可隆-华南,羽绒服,189,495,48,568,2342639.54,1057,732,2843.88,586.08,1730.33,2111.28,2462.93,2843.88,3224.83,3576.48,4074.65,2011.55,491.18
2025Q1,可隆-华南,鞋,341,387,179,858,2702157.78,1668,907,2439.57,391.03,1696.6,1950.78,2185.4,2439.57,2693.74,2928.36,3260.74,1750.14,451.46
2025Q1,可隆-华南,马夹,195,214,58,412,1129959.81,851,467,1950.92,344.09,1297.14,1520.81,1727.26,1950.92,2174.58,2381.04,2673.52,1318.1,222.71
2025Q1,可隆-华南,软壳夹克,301,388,111,733,2631189.94,1158,800,2597.35,434.32,1772.14,2054.45,2315.04,2597.35,2879.66,3140.25,3509.42,2185.74,385.88
2025Q1,可隆-华南,配件,184,209,59,529,115907.53,452,452,428.57,111.54,216.64,289.14,356.06,428.57,501.07,567.99,662.81,279.33,41.07
2025Q1,可隆-华南,抓绒夹克,204,194,64,452,1005051.79,788,462,1789.62,279.66,1258.27,1440.05,1607.84,1789.62,1971.4,2139.19,2376.9,1271.71,261.76
2025Q1,可隆-华南,防风夹克,498,532,141,858,2356111.23,1512,1171,2300.6,373.21,1591.5,1834.09,2058.01,2300.6,2543.19,2767.11,3084.34,1530.87,353.8
2025Q1,可隆-华南,其他,107,175,44,283,109122.91,508,326,278.6,74.76,136.56,185.15,230.01,278.6,327.2,372.06,435.61,224.39,61.79
2025Q1,可隆-华南,棉服,364,364,30,600,1646346.91,874,758,2892.89,436.67,2063.22,2347.06,2609.06,2892.89,3176.73,3438.73,3809.9,1803.37,489.98
2025Q1,可隆-华南,连衣裙,44,69,7,119,250769.76,209,120,1549.58,350.68,883.3,1111.24,1321.64,1549.58,1777.52,1987.93,2286.0,1128.63,264.91
2025Q1,可隆-华南,短裤,190,138,54,297,474395.59,538,382,981.04,221.24,560.69,704.49,837.23,981.04,1124.84,1257.59,1445.64,863.2,197.21
2025Q1,可隆-华西,防水夹克,385,411,72,651,3845511.87,1527,868,3267.74,770.8,1803.23,2304.25,2766.73,3267.74,3768.76,4231.24,4886.42,2399.65,499.76
2025Q1,可隆-华西,卫衣,288,258,85,411,917222.17,966,631,1232.62,376.52,517.24,761.97,987.88,1232.62,1477.36,1703.27,2023.31,919.58,111.87
2025Q1,可隆-华西,长袖T恤,329,462,141,801,982629.44,1520,932,993.24,300.16,422.93,618.04,798.14,993.24,1188.35,1368.45,1623.59,697.07,160.38
2025Q1,可隆-华西,三合一夹克,105,143,36,220,1249348.31,375,284,4233.46,899.9,2523.66,3108.59,3648.53,4233.46,4818.4,5358.33,6123.25,3430.15,736.87
2025Q1,可隆-华西,POLO,153,165,63,346,639278.81,696,381,1035.94,167.03,718.57,827.15,927.37,1035.94,1144.51,1244.73,1386.71,892.51,234.2
2025Q1,可隆-华西,短袖T恤,223,346,109,526,630782.99,1009,678,883.41,199.6,504.18,633.92,753.68,883.41,1013.15,1132.91,1302.57,611.04,167.91
2025Q1,可隆-华西,长裤,477,290,70,676,867523.1,1104,837,1236.68,244.17,772.76,931.47,1077.97,1236.68,1395.39,1541.89,1749.43,750.49,164.36
2025Q1,可隆-华西,衬衫,124,151,44,345,444265.87,507,319,1134.64,320.68,525.35,733.79,926.2,1134.64,1343.08,1535.49,1808.06,920.42,251.82
2025Q1,可隆-华西,针织夹克,174,312,37,473,703535.42,705,523,1501.91,351.86,833.37,1062.08,1273.2,1501.91,1730.62,1941.74,2240.83,951.63,259.34
2025Q1,可隆-华西,羽绒服,63,156,46,253,863332.59,333,265,3534.33,992.98,1647.67,2293.1,2888.89,3534.33,4179.76,4775.55,5619.58,2613.24,707.61
2025Q1,可隆-华西,鞋,312,251,76,559,1627575.76,1093,639,2309.43,599.94,1169.53,1559.5,1919.46,2309.43,2699.39,3059.36,3569.31,1495.98,187.03
2025Q1,可隆-华西,马夹,78,204,9,265,617157.35,458,291,1712.68,310.84,1122.09,1324.14,1510.64,1712.68,1914.73,2101.23,2365.44,1421.92,290.37
2025Q1,可隆-华西,软壳夹克,538,655,79,980,4223611.25,2403,1272,2185.3,516.38,1204.18,1539.83,1849.66,2185.3,2520.95,2830.78,3269.7,1685.15,265.17
2025Q1,可隆-华西,配件,155,225,84,408,202698.82,681,464,397.83,59.25,285.25,323.77,359.32,397.83,436.34,471.89,522.26,296.8,36.88
2025Q1,可隆-华西,抓绒夹克,65,254,55,304,722095.44,595,374,1632.3,357.33,953.38,1185.64,1400.04,1632.3,1864.57,2078.96,2382.69,1165.85,319.48
2025Q1,可隆-华西,防风夹克,196,242,60,386,894517.03,680,498,2225.08,524.72,1228.1,1569.18,1884.01,2225.08,2566.15,2880.99,3327.0,1353.83,240.98
2025Q1,可隆-华西,其他,61,65,16,122,37697.36,177,142,297.3,41.95,217.59,244.86,270.03,297.3,324.57,349.74,385.4,214.74,57.51
2025Q1,可隆-华西,棉服,98,180,53,338,1464786.65,524,331,3373.24,566.47,2296.96,2665.16,3005.04,3373.24,3741.45,4081.33,4562.82,2725.97,442.51
2025Q1,可隆-华西,连衣裙,36,51,14,84,204464.1,172,101,1664.66,375.11,951.95,1195.77,1420.84,1664.66,1908.47,2133.54,2452.38,1177.45,325.38
2025Q1,可隆-华西,短裤,142,152,34,301,198082.81,493,328,728.11,208.5,331.96,467.49,592.59,728.11,863.63,988.73,1165.96,379.77,68.12
2025Q1,可隆-安徽,防水夹克,422,438,87,784,3588962.27,1659,947,2785.75,633.54,1582.04,1993.83,2373.96,2785.75,3197.55,3577.67,4116.18,2124.62,437.53
2025Q1,可隆-安徽,卫衣,174,215,98,443,812468.58,812,487,1174.25,323.43,559.74,769.97,964.03,1174.25,1384.48,1578.54,1853.46,947.04,176.36
2025Q1,可隆-安徽,长袖T恤,136,356,70,484,438263.3,779,562,751.38,126.93,510.21,592.72,668.88,751.38,833.89,910.04,1017.93,553.39,93.85
2025Q1,可隆-安徽,三合一夹克,132,172,56,355,2275219.93,641,360,4770.77,1461.23,1994.45,2944.24,3820.98,4770.77,5720.57,6597.31,7839.35,3479.26,952.57
2025Q1,可隆-安徽,POLO,161,164,82,414,559813.49,764,407,962.96,174.17,632.04,745.25,849.75,962.96,1076.17,1180.67,1328.71,690.68,92.6
2025Q1,可隆-安徽,短袖T恤,220,427,71,747,664356.51,1039,718,798.66,213.64,392.75,531.62,659.8,798.66,937.53,1065.71,1247.3,588.59,83.42
2025Q1,可隆-安徽,长裤,266,201,96,465,811727.27,952,563,1416.72,391.08,673.67,927.87,1162.52,1416.72,1670.92,1905.57,2237.99,907.98,165.72
2025Q1,可隆-安徽,衬衫,103,162,15,328,335020.34,475,280,1034.38,158.12,733.95,836.73,931.61,1034.38,1137.16,1232.03,1366.44,725.55,113.24
2025Q1,可隆-安徽,针织夹克,158,217,64,349,847894.47,708,439,1554.67,284.6,1013.92,1198.91,1369.68,1554.67,1739.66,1910.42,2152.33,1121.14,211.4
2025Q1,可隆-安徽,羽绒服,183,252,21,339,1364021.28,650,456,3442.96,1046.89,1453.86,2134.34,2762.48,3442.96,4123.44,4751.57,5641.43,2102.31,582.15
2025Q1,可隆-安徽,鞋,139,250,22,495,795065.19,553,411,1936.42,577.14,839.85,1214.99,1561.28,1936.42,2311.56,2657.85,3148.42,1448.23,280.49
2025Q1,可隆-安徽,马夹,83,191,36,245,456148.61,458,310,1975.86,508.02,1010.63,1340.84,1645.65,1975.86,2306.07,2610.88,3042.7,1110.14,280.74
2025Q1,可隆-安徽,软壳夹克,288,201,33,495,1423147.35,824,522,2708.66,558.31,1647.88,2010.78,2345.76,2708.66,3071.56,3406.55,3881.11,1823.71,224.19
2025Q1,可隆-安徽,配件,151,167,41,318,133135.54,544,359,388.96,80.82,235.4,287.93,336.43,388.96,441.5,489.99,558.69,251.34,69.58
2025Q1,可隆-安徽,抓绒夹克,173,246,35,330,954933.08,707,454,1495.72,298.33,928.89,1122.81,1301.81,1495.72,1689.64,1868.64,2122.22,1264.99,309.49
2025Q1,可隆-安徽,防风夹克,118,329,68,406,1563856.96,866,515,2407.07,432.25,1585.79,1866.76,2126.11,2407.07,2688.04,2947.39,3314.81,1914.52,289.44
2025Q1,可隆-安徽,其他,34,58,10,91,30645.43,153,102,303.5,86.0,140.1,196.0,247.6,303.5,359.4,411.0,484.1,198.64,46.81
2025Q1,可隆-安徽,棉服,156,216,39,344,1314080.69,564,411,2909.02,861.42,1272.31,1832.24,2349.09,2909.02,3468.94,3985.79,4718.0,2059.16,528.26
2025Q1,可隆-安徽,连衣裙,17,46,6,71,101364.63,94,69,1356.24,212.33,952.81,1090.82,1218.22,1356.24,1494.25,1621.65,1802.13,1080.97,217.16
2025Q1,可隆-安徽,短裤,136,177,70,315,330463.6,534,383,865.69,221.17,445.48,589.24,721.94,865.69,1009.45,1142.15,1330.14,625.18,155.31
2025Q1,可隆-山西,防水夹克,152,216,64,365,1221507.5,572,432,2518.08,568.37,1438.18,1807.62,2148.64,2518.08,2887.53,3228.55,3711.67,2155.67,331.3
2025Q1,可隆-山西,卫衣,80,317,45,386,580030.23,725,442,1080.03,332.48,448.32,664.43,863.92,1080.03,1296.14,1495.62,1778.23,793.0,192.15
2025Q1,可隆-山西,长袖T恤,235,258,90,563,339392.81,583,583,880.81,195.85,508.7,636.0,753.51,880.81,1008.12,1125.63,1292.1,617.91,139.99
2025Q1,可隆-山西,三合一夹克,107,162,8,306,1364560.88,492,277,4128.33,1228.54,1794.1,2592.65,3329.77,4128.33,4926.88,5664.01,6708.27,2971.59,811.97
2025Q1,可隆-山西,POLO,144,357,47,384,590177.31,811,548,1049.64,322.45,436.98,646.58,840.05,1049.64,1259.24,1452.71,1726.8,739.25,99.21
2025Q1,可隆-山西,短袖T恤,254,464,84,617,460143.76,802,802,781.24,112.95,566.64,640.05,707.82,781.24,854.65,922.42,1018.43,596.09,113.69
2025Q1,可隆-山西,长裤,193,182,57,383,909568.59,679,432,1435.92,248.52,963.73,1125.27,1274.38,1435.92,1597.46,1746.58,1957.82,1299.93,159.76
2025Q1,可隆-山西,衬衫,130,338,25,421,499688.03,829,493,845.11,221.6,424.08,568.12,701.08,845.11,989.15,1122.11,1310.47,608.25,149.5
2025Q1,可隆-山西,针织夹克,61,128,18,165,318705.2,336,207,1369.0,435.06,542.38,825.17,1086.2,1369.0,1651.79,1912.82,2282.63,1001.51,268.89
2025Q1,可隆-山西,羽绒服,273,194,89,482,2348418.47,841,556,4017.4,802.9,2491.89,3013.78,3495.52,4017.4,4539.29,5021.03,5703.5,2901.06,613.78
2025Q1,可隆-山西,鞋,137,135,27,247,848946.69,572,299,1927.78,283.33,1389.45,1573.62,1743.61,1927.78,2111.95,2281.95,2522.78,1381.69,305.69
2025Q1,可隆-山西,马夹,179,237,65,348,1228365.96,840,481,2126.01,637.8,914.2,1328.77,1711.45,2126.01,2540.58,2923.26,3465.39,1377.74,214.43
2025Q1,可隆-山西,软壳夹克,250,260,123,526,1392403.03,882,633,2363.33,356.66,1685.67,1917.5,2131.5,2363.33,2595.16,2809.15,3112.31,1692.63,277.77
2025Q1,可隆-山西,配件,106,113,22,300,77315.41,292,241,419.33,93.0,242.62,303.07,358.87,419.33,479.78,535.58,614.63,282.23,70.82
2025Q1,可隆-山西,抓绒夹克,100,124,28,259,460676.74,443,252,1830.25,431.91,1009.62,1290.36,1549.51,1830.25,2111.0,2370.14,2737.27,1028.26,223.29
2025Q1,可隆-山西,防风夹克,382,253,74,634,1579669.35,1051,709,2267.95,353.38,1596.54,1826.23,2038.26,2267.95,2497.65,2709.67,3010.04,1465.87,254.76
2025Q1,可隆-山西,其他,29,120,7,120,68292.17,292,156,314.95,47.96,223.83,255.0,283.78,314.95,346.12,374.9,415.67,219.07,37.99
2025Q1,可隆-山西,棉服,84,83,39,168,812001.21,358,206,2909.49,645.77,1682.54,2102.29,2489.75,2909.49,3329.24,3716.7,4265.6,2119.53,289.09
2025Q1,可隆-山西,连衣裙,34,50,5,71,125182.28,135,89,1615.25,252.91,1134.72,1299.11,1450.86,1615.25,1779.64,1931.38,2146.36,889.15,216.73
2025Q1,可隆-山西,短裤,138,117,53,252,363078.73,514,308,942.28,216.4,531.11,671.78,801.62,942.28,1082.95,1212.79,1396.73,735.82,146.65
2025Q1,可隆-西北,防水夹克,356,490,117,827,4878061.23,1679,963,3703.67,1032.64,1741.65,2412.87,3032.45,3703.67,4374.89,4994.47,5872.22,2673.88,417.64
2025Q1,可隆-西北,卫衣,168,227,97,461,656087.68,698,492,1064.35,323.62,449.46,659.82,853.99,1064.35,1274.7,1468.88,1743.96,874.24,115.82
2025Q1,可隆-西北,长袖T恤,186,296,41,484,497996.8,864,523,850.98,190.57,488.9,612.77,727.11,850.98,974.85,1089.2,1251.18,632.57,129.67
2025Q1,可隆-西北,三合一夹克,138,164,48,353,1476224.2,489,350,3921.09,838.74,2327.48,2872.66,3375.91,3921.09,4466.27,4969.52,5682.45,2831.14,656.5
2025Q1,可隆-西北,POLO,183,256,52,428,556508.32,836,491,916.5,255.94,430.21,596.57,750.14,916.5,1082.87,1236.43,1453.98,634.52,87.46
2025Q1,可隆-西北,短袖T恤,207,457,101,709,485078.59,1002,765,706.02,170.08,382.87,493.42,595.47,706.02,816.57,918.62,1063.19,491.35,108.15
2025Q1,可隆-西北,长裤,212,518,145,763,1024888.92,1280,875,1104.79,353.04,434.0,663.48,875.31,1104.79,1334.27,1546.09,1846.18,862.86,204.94
2025Q1,可隆-西北,衬衫,81,70,21,201,174181.5,225,172,1117.64,182.21,771.44,889.88,999.21,1117.64,1236.08,1345.41,1500.29,840.57,181.7
2025Q1,可隆-西北,针织夹克,142,212,56,315,801292.91,705,410,1566.33,295.31,1005.25,1197.2,1374.38,1566.33,1758.28,1935.47,2186.48,1141.98,312.83
2025Q1,可隆-西北,羽绒服,142,356,55,483,2919737.11,909,553,3813.04,840.11,2216.83,2762.9,3266.97,3813.04,4359.11,4863.18,5577.27,3199.59,452.61
2025Q1,可隆-西北,鞋,166,198,30,350,1032513.58,739,394,2235.61,613.38,1070.2,1468.89,1836.92,2235.61,2634.3,3002.33,3523.7,1421.32,231.02
2025Q1,可隆-西北,马夹,88,203,19,293,833874.55,538,310,2191.49,455.47,1326.09,1622.15,1895.43,2191.49,2487.55,2760.84,3147.99,1656.46,384.62
2025Q1,可隆-西北,软壳夹克,162,197,54,442,1059131.82,723,413,2799.78,500.52,1848.79,2174.13,2474.44,2799.78,3125.12,3425.43,3850.88,1569.32,355.36
2025Q1,可隆-西北,配件,125,144,34,261,157107.38,500,303,430.29,61.35,313.72,353.6,390.41,430.29,470.17,506.99,559.14,309.16,76.05
2025Q1,可隆-西北,抓绒夹克,159,110,31,224,655917.33,424,300,1823.96,515.11,845.25,1180.07,1489.14,1823.96,2158.78,2467.84,2905.69,1573.53,323.62
2025Q1,可隆-西北,防风夹克,181,211,53,408,1421731.84,864,445,2356.71,352.1,1687.72,1916.59,2127.84,2356.71,2585.57,2796.82,3096.11,1579.92,441.04
2025Q1,可隆-西北,其他,50,59,13,138,29220.59,166,122,305.63,78.75,156.0,207.19,254.44,305.63,356.82,404.07,471.01,191.18,44.14
2025Q1,可隆-西北,棉服,150,135,48,254,1801084.06,661,333,3582.26,913.93,1845.8,2439.85,2988.21,3582.26,4176.31,4724.67,5501.51,2788.91,768.04
2025Q1,可隆-西北,连衣裙,35,28,8,60,97210.04,99,71,1321.3,230.76,882.85,1032.85,1171.3,1321.3,1471.29,1609.75,1805.89,921.86,183.7
2025Q1,可隆-西北,短裤,76,148,34,207,290423.34,410,258,831.14,246.61,362.58,522.88,670.84,831.14,991.44,1139.4,1349.02,705.0,110.03
2025Q1,可隆-电商,防水夹克,570,490,122,1071,5799667.64,2081,1182,3791.59,957.63,1972.1,2594.56,3169.13,3791.59,4414.05,4988.63,5802.62,2806.18,703.76
2025Q1,可隆-电商,卫衣,360,503,160,899,1626323.2,1864,1023,1187.44,274.02,666.8,844.91,1009.33,1187.44,1365.56,1529.97,1762.89,820.09,136.29
2025Q1,可隆-电商,长袖T恤,710,529,189,1078,1636440.04,2146,1428,988.24,264.66,485.4,657.42,816.22,988.24,1160.27,1319.06,1544.02,730.33,97.32
2025Q1,可隆-电商,三合一夹克,402,333,145,664,4081330.72,1382,880,4782.2,799.73,3262.72,3782.54,4262.38,4782.2,5302.02,5781.86,6461.62,3191.75,623.58
2025Q1,可隆-电商,POLO,232,608,45,706,765556.59,1116,885,1028.42,275.49,504.99,684.06,849.35,1028.42,1207.49,1372.79,1606.96,713.47,173.56
2025Q1,可隆-电商,短袖T恤,465,594,167,992,1068636.57,2129,1226,771.27,185.48,418.85,539.42,650.71,771.27,891.83,1003.12,1160.78,490.52,60.01
2025Q1,可隆-电商,长裤,723,442,85,1025,1992178.32,2199,1250,1308.54,242.1,848.55,1005.91,1151.17,1308.54,1465.9,1611.16,1816.94,924.51,258.47
2025Q1,可隆-电商,衬衫,499,214,81,591,1127332.42,1317,794,1110.74,187.97,753.59,875.77,988.56,1110.74,1232.92,1345.7,1505.48,930.42,117.07
2025Q1,可隆-电商,针织夹克,162,273,39,516,803827.44,772,474,1441.4,241.23,983.07,1139.87,1284.6,1441.4,1598.2,1742.94,1947.99,1003.15,123.8
2025Q1,可隆-电商,羽绒服,721,502,340,1431,5386624.29,2501,1563,3198.8,732.24,1807.54,2283.5,2722.84,3198.8,3674.76,4114.1,4736.5,2218.57,339.22
2025Q1,可隆-电商,鞋,213,481,114,789,1667323.0,1401,808,1845.91,353.26,1174.72,1404.34,1616.29,1845.91,2075.53,2287.48,2587.75,1311.1,343.86
2025Q1,可隆-电商,马夹,204,302,95,413,1213621.49,972,601,1752.93,342.09,1102.97,1325.32,1530.58,1752.93,1975.29,2180.54,2471.32,1271.1,258.27
2025Q1,可隆-电商,软壳夹克,434,347,147,683,2236526.5,1343,928,2670.43,542.96,1638.8,1991.72,2317.5,2670.43,3023.35,3349.13,3810.65,1669.6,386.82
2025Q1,可隆-电商,配件,392,503,102,741,393918.6,1499,997,425.02,73.28,285.78,333.42,377.39,425.02,472.66,516.63,578.92,256.14,65.43
2025Q1,可隆-电商,抓绒夹克,199,266,16,389,821776.37,729,481,1761.1,495.04,820.53,1142.3,1439.33,1761.1,2082.88,2379.9,2800.68,1183.44,151.34
2025Q1,可隆-电商,防风夹克,579,736,118,1018,4008318.38,2317,1433,2265.57,531.54,1255.64,1601.14,1920.07,2265.57,2611.07,2930.0,3381.81,1708.1,212.51
2025Q1,可隆-电商,其他,178,153,13,260,117727.42,535,344,306.39,56.09,199.83,236.28,269.93,306.39,342.85,376.5,424.17,253.73,70.51
2025Q1,可隆-电商,棉服,122,249,85,504,1823728.84,745,456,3167.03,452.92,2306.48,2600.88,2872.63,3167.03,3461.43,3733.18,4118.17,2380.75,643.96
2025Q1,可隆-电商,连衣裙,44,71,16,140,194592.23,218,131,1165.1,331.16,535.9,751.15,949.85,1165.1,1380.35,1579.05,1860.53,872.69,120.95
2025Q1,可隆-电商,短裤,204,206,63,476,437273.8,743,473,839.33,177.12,502.81,617.94,724.21,839.33,954.46,1060.73,1211.28,619.06,117.61
2025Q1,可隆-新疆,防水夹克,232,225,104,478,1562122.0,775,561,2958.44,555.84,1902.34,2263.64,2597.14,2958.44,3319.74,3653.25,4125.71,2171.74,324.47
2025Q1,可隆-新疆,卫衣,108,260,52,368,609936.59,654,420,1215.29,374.0,504.7,747.79,972.19,1215.29,1458.39,1682.78,2000.68,871.93,242.0
2025Q1,可隆-新疆,长袖T恤,120,197,28,320,424064.29,584,345,970.35,231.01,531.43,681.59,820.19,970.35,1120.51,1259.11,1455.47,751.09,162.09
2025Q1,可隆-新疆,三合一夹克,83,62,23,160,626122.36,221,168,3939.59,866.27,2293.67,2856.75,3376.51,3939.59,4502.67,5022.43,5758.76,2968.13,552.94
2025Q1,可隆-新疆,POLO,150,134,65,321,361253.88,548,349,856.4,142.15,586.3,678.7,764.0,856.4,948.8,1034.09,1154.92,623.67,85.18
2025Q1,可隆-新疆,短袖T恤,126,197,52,397,253549.76,521,375,676.76,179.35,335.99,452.57,560.18,676.76,793.33,900.94,1053.39,488.14,128.81
2025Q1,可隆-新疆,长裤,149,137,9,255,484444.59,470,295,1348.75,196.1,976.15,1103.62,1221.28,1348.75,1476.22,1593.88,1760.57,1025.06,140.32
2025Q1,可隆-新疆,衬衫,49,72,10,125,248478.05,233,131,1254.24,232.96,811.61,963.04,1102.82,1254.24,1405.67,1545.45,1743.46,1017.71,222.02
2025Q1,可隆-新疆,针织夹克,123,87,19,184,250006.02,297,229,1538.52,315.01,940.0,1144.76,1333.77,1538.52,1743.28,1932.29,2200.05,896.15,199.7
2025Q1,可隆-新疆,羽绒服,200,107,40,276,1619774.26,549,347,3823.2,1022.81,1879.87,2544.69,3158.38,3823.2,4488.03,5101.71,5971.1,2796.65,501.16
2025Q1,可隆-新疆,鞋,69,173,50,272,762168.48,392,292,2734.7,848.25,1123.03,1674.39,2183.34,2734.7,3286.06,3795.01,4516.02,1964.95,304.33
2025Q1,可隆-新疆,马夹,54,115,28,178,308829.48,269,197,1908.23,537.62,886.74,1236.2,1558.77,1908.23,2257.68,2580.26,3037.24,1097.42,271.2
2025Q1,可隆-新疆,软壳夹克,111,142,50,304,727501.92,446,303,2549.33,496.96,1605.09,1928.12,2226.3,2549.33,2872.35,3170.53,3592.95,1618.28,378.15
2025Q1,可隆-新疆,配件,131,98,32,230,130297.17,398,261,400.5,108.58,194.19,264.77,329.92,400.5,471.07,536.22,628.52,325.85,51.72
2025Q1,可隆-新疆,抓绒夹克,98,123,7,198,532935.58,394,228,1758.06,288.14,1210.6,1397.89,1570.77,1758.06,1945.35,2118.24,2363.15,1294.66,195.27
2025Q1,可隆-新疆,防风夹克,118,140,48,280,784373.22,407,306,2400.82,537.88,1378.85,1728.47,2051.2,2400.82,2750.44,3073.17,3530.37,1841.98,260.23
2025Q1,可隆-新疆,其他,19,30,7,61,19820.42,87,56,376.94,103.02,181.2,248.16,309.98,376.94,443.91,505.72,593.29,226.05,45.02
2025Q1,可隆-新疆,棉服,64,119,30,198,623178.34,269,213,3148.46,817.8,1594.63,2126.21,2616.89,3148.46,3680.03,4170.72,4865.85,2434.29,511.17
2025Q1,可隆-新疆,连衣裙,12,12,4,25,44946.37,43,28,1515.48,434.22,690.46,972.7,1233.24,1515.48,1797.73,2058.26,2427.35,1120.78,241.63
2025Q1,可隆-新疆,短裤,61,131,14,180,171892.0,317,206,827.66,120.66,598.4,676.83,749.23,827.66,906.09,978.48,1081.05,536.8,126.58
2025Q1,可隆-青海,防水夹克,67,123,13,217,738886.1,328,203,3428.44,877.62,1760.96,2331.42,2857.99,3428.44,3998.89,4525.47,5271.44,2224.31,344.62
2025Q1,可隆-青海,卫衣,40,129,33,170,235618.08,292,202,1145.63,203.4,759.16,891.37,1013.41,1145.63,1277.84,1399.88,1572.77,827.76,188.02
2025Q1,可隆-青海,长袖T恤,86,69,22,121,170848.74,287,177,947.7,219.22,531.19,673.68,805.21,947.7,1090.19,1221.72,1408.05,601.86,138.13
2025Q1,可隆-青海,三合一夹克,34,38,11,86,380869.83,133,83,4409.04,749.97,2984.09,3471.57,3921.56,4409.04,4896.52,5346.51,5983.98,2966.3,768.33
2025Q1,可隆-青海,POLO,88,79,5,136,194465.69,285,172,853.16,136.9,593.04,682.03,764.17,853.16,942.15,1024.29,1140.66,649.8,135.24
2025Q1,可隆-青海,短袖T恤,92,88,20,175,174166.56,283,200,761.68,194.83,391.5,518.14,635.04,761.68,888.32,1005.22,1170.83,612.19,147.15
2025Q1,可隆-青海,长裤,55,96,31,132,228427.64,217,182,1420.73,208.39,1024.79,1160.25,1285.28,1420.73,1556.18,1681.21,1858.34,1120.55,210.93
2025Q1,可隆-青海,衬衫,62,49,10,128,184479.18,206,121,1153.85,208.78,757.16,892.87,1018.14,1153.85,1289.56,1414.83,1592.3,945.6,126.74
2025Q1,可隆-青海,针织夹克,43,49,23,95,168405.43,171,115,1468.0,466.22,582.18,885.22,1164.96,1468.0,1771.04,2050.78,2447.07,1045.16,244.8
2025Q1,可隆-青海,羽绒服,69,58,32,120,512240.51,237,159,3571.5,636.83,2361.53,2775.47,3157.56,3571.5,3985.44,4367.54,4908.84,2080.75,443.36
2025Q1,可隆-青海,鞋,68,86,13,140,370674.22,238,167,2303.99,672.54,1026.17,1463.32,1866.84,2303.99,2741.13,3144.66,3716.31,1518.07,189.37
2025Q1,可隆-青海,马夹,38,30,16,74,208843.32,139,84,2158.42,460.59,1283.3,1582.68,1859.04,2158.42,2457.8,2734.16,3125.66,1669.63,444.23
2025Q1,可隆-青海,软壳夹克,74,46,29,140,371895.0,200,149,2515.48,501.59,1562.47,1888.5,2189.45,2515.48,2841.52,3142.47,3568.82,1726.85,356.0
2025Q1,可隆-青海,配件,66,63,20,132,92746.88,286,149,410.73,100.88,219.07,284.64,345.16,410.73,476.3,536.82,622.57,326.88,48.7
2025Q1,可隆-青海,抓绒夹克,35,51,9,77,175233.16,161,95,1653.21,318.11,1048.81,1255.58,1446.44,1653.21,1859.98,2050.84,2321.23,1148.75,200.08
2025Q1,可隆-青海,防风夹克,63,88,38,172,346077.25,255,189,2105.84,488.76,1177.19,1494.89,1788.15,2105.84,2423.54,2716.79,3132.24,1334.89,337.91
2025Q1,可隆-青海,其他,7,14,2,18,11652.69,44,23,350.36,93.99,171.79,232.88,289.27,350.36,411.45,467.84,547.73,271.52,35.54
2025Q1,可隆-青海,棉服,40,38,19,82,390079.48,195,97,2605.89,814.2,1058.91,1588.14,2076.66,2605.89,3135.12,3623.64,4315.71,1969.51,255.29
2025Q1,可隆-青海,连衣裙,23,13,6,47,78251.51,69,42,1600.16,486.49,675.83,992.05,1283.95,1600.16,1916.38,2208.28,2621.8,1122.01,226.73
2025Q1,可隆-青海,短裤,49,44,7,93,83535.69,123,100,955.67,199.51,576.6,706.28,825.99,955.67,1085.35,1205.06,1374.64,754.66,170.68
2025Q1,可隆-线下山,防水夹克,240,195,83,436,1570175.69,736,518,3017.62,694.28,1698.49,2149.77,2566.34,3017.62,3468.91,3885.48,4475.62,2183.29,282.72
2025Q1,可隆-线下山,卫衣,103,182,38,236,498251.8,555,323,1199.61,291.06,646.6,835.79,1010.43,1199.61,1388.8,1563.44,1810.83,902.33,153.24
2025Q1,可隆-线下山,长袖T恤,162,383,52,502,618611.82,984,597,1094.43,326.86,473.39,685.85,881.97,1094.43,1306.89,1503.01,1780.84,629.71,94.04
2025Q1,可隆-线下山,三合一夹克,203,224,25,331,2109164.74,837,452,4299.44,740.03,2893.39,3374.41,3818.42,4299.44,4780.46,5224.48,5853.5,2539.16,447.34
2025Q1,可隆-线下山,POLO,90,146,46,207,395217.6,461,282,1081.3,230.09,644.12,793.68,931.74,1081.3,1230.86,1368.91,1564.49,817.92,133.8
2025Q1,可隆-线下山,短袖T恤,174,196,28,318,286828.15,582,398,785.31,171.91,458.67,570.41,673.56,785.31,897.05,1000.2,1146.33,505.56,116.77
2025Q1,可隆-线下山,长裤,145,329,30,497,816028.01,674,504,1540.37,347.81,879.54,1105.61,1314.3,1540.37,1766.44,1975.13,2270.76,1274.22,222.56
2025Q1,可隆-线下山,衬衫,49,107,9,145,146087.39,256,165,1101.54,158.77,799.87,903.07,998.34,1101.54,1204.74,1300.01,1434.96,614.51,126.83
2025Q1,可隆-线下山,针织夹克,32,64,18,116,159043.88,176,114,1277.8,194.83,907.62,1034.26,1151.16,1277.8,1404.44,1521.34,1686.95,1005.01,259.33
2025Q1,可隆-线下山,羽绒服,136,225,37,356,1280801.87,514,398,3567.6,738.79,2163.9,2644.11,3087.39,3567.6,4047.81,4491.08,5119.05,2545.02,393.76
2025Q1,可隆-线下山,鞋,73,116,27,190,405757.88,328,216,1976.98,465.3,1092.9,1395.35,1674.53,1976.98,2279.43,2558.61,2954.12,1268.03,224.53
2025Q1,可隆-线下山,马夹,75,111,37,184,242445.22,285,223,1345.67,239.22,891.16,1046.65,1190.18,1345.67,1501.16,1644.69,1848.03,826.11,145.59
2025Q1,可隆-线下山,软壳夹克,242,222,99,439,2068900.3,1025,563,2714.28,459.4,1841.41,2140.03,2415.67,2714.28,3012.89,3288.53,3679.02,2053.06,558.53
2025Q1,可隆-线下山,配件,112,106,47,245,146178.43,462,265,412.55,60.79,297.05,336.56,373.03,412.55,452.06,488.53,540.2,329.61,59.99
2025Q1,可隆-线下山,抓绒夹克,55,68,26,148,207979.66,187,149,1761.01,315.83,1160.92,1366.22,1555.72,1761.01,1966.3,2155.8,2424.26,1031.56,149.9
2025Q1,可隆-线下山,防风夹克,182,111,62,330,920860.76,652,355,2203.08,417.54,1409.75,1681.15,1931.68,2203.08,2474.48,2725.0,3079.91,1551.49,317.63
2025Q1,可隆-线下山,其他,30,43,8,70,31592.05,146,81,271.33,67.33,143.4,187.16,227.56,271.33,315.1,355.5,412.73,214.08,25.8
2025Q1,可隆-线下山,棉服,79,84,27,183,584398.19,244,190,2922.27,856.08,1295.72,1852.17,2365.81,2922.27,3478.72,3992.36,4720.03,2280.47,419.19
2025Q1,可隆-线下山,连衣裙,23,33,4,57,91232.58,92,60,1464.0,423.68,659.01,934.4,1188.61,1464.0,1739.4,1993.61,2353.73,1064.86,185.66
2025Q1,可隆-线下山,短裤,52,87,20,156,142157.28,282,159,727.25,184.79,376.15,496.26,607.14,727.25,847.36,958.23,1115.29,523.71,112.8
2025Q2,可隆-东北,防水夹克,499,449,97,993,4262726.02,1554,1045,3624.52,1089.87,1553.76,2262.17,2916.1,3624.52,4332.94,4986.86,5913.25,2583.63,395.44
2025Q2,可隆-东北,卫衣,293,354,43,743,1352844.33,1217,690,1314.24,283.42,775.74,959.97,1130.02,1314.24,1498.46,1668.51,1909.42,1200.84,273.0
2025Q2,可隆-东北,长袖T恤,225,347,90,626,836103.0,1031,662,967.39,293.55,409.65,600.45,776.59,967.39,1158.2,1334.33,1583.85,783.82,95.47
2025Q2,可隆-东北,三合一夹克,198,233,36,400,1624010.69,623,467,4184.4,1298.33,1717.57,2561.48,3340.48,4184.4,5028.31,5807.31,6910.89,2660.03,660.39
2025Q2,可隆-东北,POLO,149,616,38,636,897342.11,1268,803,916.2,143.33,643.87,737.04,823.03,916.2,1009.36,1095.36,1217.19,731.05,108.82
2025Q2,可隆-东北,短袖T恤,572,679,183,1180,919935.79,1691,1434,719.37,110.48,509.46,581.27,647.56,719.37,791.18,857.47,951.38,544.13,69.12
2025Q2,可隆-东北,长裤,491,475,139,924,1398665.95,1649,1105,1110.26,217.69,696.65,838.15,968.76,1110.26,1251.76,1382.37,1567.41,830.4,217.15
2025Q2,可隆-东北,衬衫,165,271,95,525,667559.0,812,531,1167.41,257.64,677.89,845.36,999.94,1167.41,1334.87,1489.45,1708.45,792.44,190.82
2025Q2,可隆-东北,针织夹克,132,180,83,383,416492.9,432,395,1345.13,211.08,944.07,1081.27,1207.92,1345.13,1482.33,1608.98,1788.4,982.62,171.54
2025Q2,可隆-东北,羽绒服,157,437,44,557,2328917.4,789,638,3480.84,645.49,2254.4,2673.97,3061.27,3480.84,3900.41,4287.7,4836.37,2901.99,681.76
2025Q2,可隆-东北,鞋,272,387,98,605,2160067.04,1309,757,2225.52,702.38,891.0,1347.55,1768.98,2225.52,2682.07,3103.49,3700.51,1693.52,466.18
2025Q2,可隆-东北,马夹,146,128,31,317,518272.65,448,305,2137.99,389.46,1398.01,1651.16,1884.84,2137.99,2391.14,2624.82,2955.86,1150.97,232.71
2025Q2,可隆-东北,软壳夹克,399,367,107,676,2895444.07,1577,873,2607.0,560.35,1542.34,1906.56,2242.77,2607.0,2971.22,3307.43,3783.72,1802.06,351.93
2025Q2,可隆-东北,配件,192,287,55,507,259828.81,761,534,467.46,66.09,341.9,384.85,424.51,467.46,510.42,550.07,606.25,322.96,86.8
2025Q2,可隆-东北,抓绒夹克,127,255,64,398,836923.02,768,446,1919.33,377.42,1202.24,1447.56,1674.01,1919.33,2164.65,2391.1,2711.91,1115.46,306.19
2025Q2,可隆-东北,防风夹克,165,308,126,571,1156834.65,734,599,2149.79,523.73,1154.7,1495.12,1809.36,2149.79,2490.21,2804.45,3249.62,1572.47,324.84
2025Q2,可隆-东北,其他,79,61,22,151,63181.5,244,162,320.78,85.24,158.82,214.23,265.37,320.78,376.19,427.33,499.79,274.08,66.39
2025Q2,可隆-东北,棉服,85,213,63,267,883244.41,518,361,2844.63,657.21,1595.93,2023.12,2417.44,2844.63,3271.82,3666.14,4224.77,1642.52,321.99
2025Q2,可隆-东北,连衣裙,33,71,17,121,154183.11,196,121,1411.84,251.96,933.12,1096.89,1248.07,1411.84,1575.61,1726.79,1940.96,749.33,141.05
2025Q2,可隆-东北,短裤,224,241,75,388,516583.6,882,540,793.6,198.81,415.87,545.1,664.38,793.6,922.83,1042.11,1211.1,598.56,142.11
2025Q2,可隆-华东,防水夹克,437,1280,175,1506,6407261.69,2341,1892,2983.16,945.82,1186.09,1800.88,2368.37,2983.16,3597.94,4165.43,4969.38,2783.05,536.46
2025Q2,可隆-华东,卫衣,359,354,181,736,1769061.4,1809,894,1131.22,217.52,717.93,859.32,989.83,1131.22,1272.6,1403.11,1588.0,977.11,219.59
2025Q2,可隆-华东,长袖T恤,330,431,123,986,958451.38,1229,884,958.53,226.76,527.69,675.09,811.14,958.53,1105.93,1241.98,1434.73,766.18,110.43
2025Q2,可隆-华东,三合一夹克,226,540,85,747,2847064.37,1352,851,3402.56,817.84,1848.66,2380.26,2870.96,3402.56,3934.15,4424.86,5120.02,2107.57,387.88
2025Q2,可隆-华东,POLO,402,447,102,747,1117594.78,1432,951,881.64,249.0,408.54,570.39,719.79,881.64,1043.49,1192.89,1404.54,734.98,182.15
2025Q2,可隆-华东,短袖T恤,569,643,113,1042,1267882.88,2370,1325,695.2,104.7,496.27,564.32,627.15,695.2,763.26,826.08,915.08,504.31,105.07
2025Q2,可隆-华东,长裤,480,753,74,1183,2536553.96,2482,1307,1600.64,247.63,1130.14,1291.1,1439.68,1600.64,1761.6,1910.18,2120.67,1070.88,268.98
2025Q2,可隆-华东,衬衫,332,229,107,692,614123.4,909,668,1031.08,321.68,419.9,628.98,821.99,1031.08,1240.17,1433.17,1706.6,699.32,103.54
2025Q2,可隆-华东,针织夹克,280,230,76,555,643427.74,930,586,1252.77,307.0,669.47,869.02,1053.22,1252.77,1452.32,1636.52,1897.47,670.3,96.21
2025Q2,可隆-华东,羽绒服,246,505,150,739,3360235.02,1449,901,3598.44,786.84,2103.44,2614.89,3086.99,3598.44,4109.88,4581.99,5250.8,2455.7,619.33
2025Q2,可隆-华东,鞋,297,209,68,712,1091204.39,828,574,2001.71,333.17,1368.7,1585.26,1785.15,2001.71,2218.27,2418.17,2701.36,1418.94,378.76
2025Q2,可隆-华东,马夹,178,224,53,402,981615.74,685,455,1896.53,590.38,774.81,1158.56,1512.78,1896.53,2280.27,2634.5,3136.32,1417.57,237.98
2025Q2,可隆-华东,软壳夹克,689,365,142,1040,2758382.43,1552,1196,2433.11,648.96,1200.09,1621.91,2011.29,2433.11,2854.93,3244.31,3795.92,1731.13,423.24
2025Q2,可隆-华东,配件,265,494,123,766,341235.13,1389,882,406.3,77.15,259.71,309.86,356.15,406.3,456.45,502.75,568.33,261.56,41.07
2025Q2,可隆-华东,抓绒夹克,231,324,56,501,1277869.17,954,611,1644.06,521.23,653.73,992.53,1305.26,1644.06,1982.86,2295.59,2738.64,1297.64,337.99
2025Q2,可隆-华东,防风夹克,310,459,24,673,2194253.08,1342,793,2376.07,370.53,1672.07,1912.91,2135.23,2376.07,2616.91,2839.23,3154.17,1489.37,253.03
2025Q2,可隆-华东,其他,40,117,25,190,67822.67,306,182,327.7,80.19,175.34,227.46,275.58,327.7,379.82,427.94,496.1,234.1,56.19
2025Q2,可隆-华东,棉服,196,365,82,573,2428068.37,826,643,3249.74,864.03,1608.07,2169.7,2688.12,3249.74,3811.36,4329.78,5064.21,2797.15,609.52
2025Q2,可隆-华东,连衣裙,43,86,15,121,210020.95,215,144,1362.3,324.42,745.9,956.77,1151.43,1362.3,1573.18,1767.83,2043.59,981.47,177.32
2025Q2,可隆-华东,短裤,136,134,61,287,333324.37,578,331,782.72,157.73,483.03,585.55,680.19,782.72,885.25,979.89,1113.96,598.99,109.16
2025Q2,可隆-华北,防水夹克,505,1005,99,1323,6694502.31,2633,1609,3232.4,971.27,1386.98,2018.31,2601.07,3232.4,3863.72,4446.49,5272.07,2568.56,685.33
2025Q2,可隆-华北,卫衣,394,370,204,772,1115206.41,1607,968,1283.53,223.44,859.0,1004.23,1138.3,1283.53,1428.77,1562.83,1752.75,683.07,97.1
2025Q2,可隆-华北,长袖T恤,280,546,94,890,1377754.97,1610,920,1021.64,242.95,560.04,717.95,863.72,1021.64,1179.55,1325.32,1531.82,893.73,118.85
2025Q2,可隆-华北,三合一夹克,162,326,54,426,2947404.76,762,542,4598.06,953.28,2786.83,3406.46,3978.43,4598.06,5217.7,5789.67,6599.96,3813.62,1045.63
2025Q2,可隆-华北,POLO,364,439,119,683,806650.73,1245,922,932.64,208.03,537.39,672.6,797.42,932.64,1067.86,1192.68,1369.5,665.16,85.24
2025Q2,可隆-华北,短袖T恤,591,508,94,944,1189517.35,2153,1193,724.94,170.05,401.85,512.38,614.41,724.94,835.47,937.5,1082.03,537.03,64.81
2025Q2,可隆-华北,长裤,390,416,95,781,1748227.64,1428,901,1454.0,369.2,752.53,992.51,1214.02,1454.0,1693.98,1915.5,2229.32,1271.14,300.27
2025Q2,可隆-华北,衬衫,305,405,86,688,1080610.43,1250,796,1027.55,179.33,686.83,803.39,910.99,1027.55,1144.11,1251.71,1404.13,837.49,137.53
2025Q2,可隆-华北,针织夹克,181,234,74,401,650997.8,682,489,1537.14,357.78,857.36,1089.92,1304.58,1537.14,1769.7,1984.37,2288.49,987.2,194.13
2025Q2,可隆-华北,羽绒服,419,268,145,566,3614475.8,1365,832,3808.9,570.64,2724.68,3095.6,3437.99,3808.9,4179.82,4522.21,5007.25,2695.19,410.17
2025Q2,可隆-华北,鞋,267,471,116,819,2213716.61,1268,854,2523.97,380.56,1800.92,2048.28,2276.61,2523.97,2771.33,2999.67,3323.14,1575.04,321.89
2025Q2,可隆-华北,马夹,153,271,46,405,797089.14,698,470,1740.46,439.11,906.15,1191.58,1455.04,1740.46,2025.88,2289.35,2662.59,1222.3,317.8
2025Q2,可隆-华北,软壳夹克,212,408,143,632,2669894.89,1274,763,2602.64,675.44,1319.31,1758.34,2163.6,2602.64,3041.67,3446.93,4021.05,1979.31,312.89
2025Q2,可隆-华北,配件,250,248,87,574,223598.01,912,585,350.39,109.11,143.09,214.01,279.47,350.39,421.31,486.78,579.52,248.64,31.0
2025Q2,可隆-华北,抓绒夹克,194,311,122,510,1276038.4,871,627,1799.02,515.85,818.91,1154.21,1463.72,1799.02,2134.33,2443.83,2882.31,1438.48,316.02
2025Q2,可隆-华北,防风夹克,271,573,124,865,2233732.44,1502,968,2142.16,359.42,1459.26,1692.88,1908.53,2142.16,2375.78,2591.43,2896.94,1551.66,327.81
2025Q2,可隆-华北,其他,59,80,25,160,40825.31,233,164,266.13,46.48,177.81,208.02,235.91,266.13,296.34,324.23,363.74,174.09,34.55
2025Q2,可隆-华北,棉服,258,364,43,566,2443962.29,1190,665,2406.15,695.89,1083.97,1536.29,1953.83,2406.15,2858.48,3276.01,3867.52,2118.42,258.34
2025Q2,可隆-华北,连衣裙,85,122,32,165,595237.4,380,239,1902.64,531.69,892.43,1238.03,1557.04,1902.64,2248.23,2567.25,3019.18,1562.39,301.71
2025Q2,可隆-华北,短裤,188,209,46,463,438700.01,804,443,891.84,195.7,520.01,647.22,764.64,891.84,1019.05,1136.47,1302.81,541.02,126.3
2025Q2,可隆-华南,防水夹克,537,493,141,972,2133359.34,1600,1171,1973.98,594.62,844.2,1230.7,1587.48,1973.98,2360.49,2717.26,3222.69,1298.51,200.17
2025Q2,可隆-华南,卫衣,291,447,85,975,810541.3,1021,823,1055.29,225.55,626.74,773.35,908.68,1055.29,1201.9,1337.23,1528.95,806.8,151.09
2025Q2,可隆-华南,长袖T恤,417,388,114,713,646826.55,1021,919,943.15,299.37,374.35,568.94,748.56,943.15,1137.74,1317.36,1571.83,642.57,170.4
2025Q2,可隆-华南,三合一夹克,162,313,66,583,2803710.57,832,541,4345.68,846.9,2736.57,3287.06,3795.2,4345.68,4896.17,5404.31,6124.18,3513.53,965.35
2025Q2,可隆-华南,POLO,214,469,24,704,838550.96,1089,707,966.94,145.45,690.58,785.13,872.4,966.94,1061.48,1148.75,1272.38,738.9,175.25
2025Q2,可隆-华南,短袖T恤,521,703,151,1041,1324271.38,2255,1375,768.41,185.32,416.29,536.75,647.95,768.41,888.87,1000.06,1157.59,563.33,74.51
2025Q2,可隆-华南,长裤,277,578,115,834,1736526.27,1490,970,1306.09,307.39,722.05,921.85,1106.28,1306.09,1505.89,1690.33,1951.61,1113.1,224.27
2025Q2,可隆-华南,衬衫,255,449,62,648,1088115.67,1251,766,1148.36,180.48,805.44,922.76,1031.05,1148.36,1265.68,1373.97,1527.38,902.87,185.17
2025Q2,可隆-华南,针织夹克,186,394,26,518,759378.28,871,606,1224.61,197.55,849.27,977.67,1096.21,1224.61,1353.02,1471.55,1639.47,889.02,160.78
2025Q2,可隆-华南,羽绒服,318,442,81,777,3214612.55,1485,841,3842.28,676.69,2556.57,2996.42,3402.43,3842.28,4282.13,4688.15,5263.34,2308.87,368.21
2025Q2,可隆-华南,鞋,215,204,66,414,1163023.65,706,485,2435.35,702.18,1101.2,1557.62,1978.93,2435.35,2891.77,3313.08,3909.93,1775.56,454.7
2025Q2,可隆-华南,马夹,270,187,89,483,759866.26,691,546,1719.76,315.87,1119.62,1324.93,1514.45,1719.76,1925.08,2114.6,2383.09,1102.18,175.97
2025Q2,可隆-华南,软壳夹克,199,717,73,751,2623700.83,1579,989,2516.78,609.19,1359.32,1755.29,2120.8,2516.78,2912.75,3278.27,3796.08,1726.44,469.62
2025Q2,可隆-华南,配件,282,570,45,764,449257.85,1364,897,443.74,66.54,317.32,360.57,400.49,443.74,487.0,526.92,583.48,349.83,57.48
2025Q2,可隆-华南,抓绒夹克,147,197,64,498,840363.96,693,408,1572.72,413.87,786.36,1055.37,1303.7,1572.72,1841.73,2090.06,2441.85,1141.6,316.55
2025Q2,可隆-华南,防风夹克,268,448,61,667,1915846.15,1229,777,2500.01,582.33,1393.57,1772.09,2121.49,2500.01,2878.52,3227.92,3722.9,1636.09,437.27
2025Q2,可隆-华南,其他,54,90,22,163,56081.25,253,166,291.73,59.98,177.76,216.75,252.74,291.73,330.72,366.71,417.7,209.26,45.78
2025Q2,可隆-华南,棉服,167,395,17,415,2105107.16,962,579,3074.13,516.72,2092.37,2428.23,2738.26,3074.13,3409.99,3720.02,4159.23,2143.17,485.29
2025Q2,可隆-华南,连衣裙,71,94,23,139,310332.03,298,188,1361.0,227.17,929.37,1077.04,1213.34,1361.0,1508.66,1644.97,1838.07,1016.53,225.21
2025Q2,可隆-华南,短裤,139,194,26,322,360780.35,508,359,892.54,125.1,654.85,736.16,811.22,892.54,973.85,1048.91,1155.25,753.3,93.32
2025Q2,可隆-华西,防水夹克,471,617,127,1045,4453370.12,1831,1215,3657.67,654.23,2414.63,2839.88,3232.42,3657.67,4082.92,4475.46,5031.56,2401.29,660.36
2025Q2,可隆-华西,卫衣,295,286,22,605,706395.54,1015,603,1104.95,275.0,582.46,761.2,926.2,1104.95,1283.7,1448.69,1682.44,712.6,161.28
2025Q2,可隆-华西,长袖T恤,315,367,132,852,1099874.87,1274,814,1009.18,219.25,592.61,735.12,866.67,1009.18,1151.7,1283.25,1469.61,805.48,122.43
2025Q2,可隆-华西,三合一夹克,174,164,70,393,1778838.66,481,408,4898.38,1394.65,2248.54,3155.06,3991.85,4898.38,5804.9,6641.7,7827.15,3718.12,796.74
2025Q2,可隆-华西,POLO,251,401,91,644,567905.49,743,743,1023.21,146.06,745.7,840.64,928.27,1023.21,1118.16,1205.79,1329.95,752.18,196.52
2025Q2,可隆-华西,短袖T恤,392,447,136,820,995205.1,1872,975,710.34,182.56,363.47,482.14,591.67,710.34,829.01,938.54,1093.72,490.14,97.72
2025Q2,可隆-华西,长裤,331,437,146,748,1060840.15,1136,914,1371.08,343.53,718.37,941.67,1147.78,1371.08,1594.37,1800.49,2092.49,878.03,136.12
2025Q2,可隆-华西,衬衫,155,236,60,443,867289.8,911,451,1218.24,316.35,617.18,822.81,1012.62,1218.24,1423.87,1613.67,1882.57,906.81,156.79
2025Q2,可隆-华西,针织夹克,92,119,26,194,404796.43,368,237,1511.84,372.71,803.7,1045.96,1269.58,1511.84,1754.1,1977.73,2294.53,1186.62,319.57
2025Q2,可隆-华西,羽绒服,341,279,119,633,2604206.36,1172,739,3888.98,554.72,2835.01,3195.58,3528.41,3888.98,4249.55,4582.38,5053.89,2333.02,592.18
2025Q2,可隆-华西,鞋,210,311,73,520,1703005.08,1048,594,2313.45,481.75,1398.13,1711.27,2000.32,2313.45,2626.59,2915.64,3325.13,1652.54,330.89
2025Q2,可隆-华西,马夹,129,321,41,491,1075000.9,787,491,1939.27,321.65,1328.15,1537.22,1730.2,1939.27,2148.34,2341.33,2614.73,1307.37,312.68
2025Q2,可隆-华西,软壳夹克,179,547,126,879,2374125.82,1363,852,2582.94,497.27,1638.14,1961.36,2259.72,2582.94,2906.17,3204.53,3627.2,1853.48,291.78
2025Q2,可隆-华西,配件,199,461,89,534,351325.99,1515,749,358.81,104.16,160.91,228.62,291.11,358.81,426.51,489.01,577.54,238.12,48.1
2025Q2,可隆-华西,抓绒夹克,161,209,29,449,913016.17,570,399,2054.48,318.04,1450.21,1656.93,1847.76,2054.48,2261.21,2452.03,2722.36,1521.57,402.41
2025Q2,可隆-华西,防风夹克,211,426,85,703,2488099.24,1238,722,2486.08,533.72,1472.02,1818.93,2139.16,2486.08,2833.0,3153.23,3606.89,1925.89,492.73
2025Q2,可隆-华西,其他,55,69,5,123,60666.25,260,129,316.5,55.58,210.9,247.02,280.37,316.5,352.62,385.97,433.21,243.36,44.48
2025Q2,可隆-华西,棉服,242,138,73,389,1218294.85,708,453,3097.87,662.14,1839.81,2270.2,2667.48,3097.87,3528.27,3925.55,4488.37,1903.63,268.44
2025Q2,可隆-华西,连衣裙,18,53,13,78,139636.95,137,84,1464.39,371.27,758.99,1000.31,1223.07,1464.39,1705.71,1928.47,2244.05,1050.35,132.5
2025Q2,可隆-华西,短裤,143,204,59,326,298021.49,537,406,817.87,131.46,568.09,653.54,732.42,817.87,903.32,982.2,1093.94,554.59,68.08
2025Q2,可隆-安徽,防水夹克,504,620,144,1105,4174230.19,2002,1268,3292.98,929.71,1526.53,2130.84,2688.67,3292.98,3897.29,4455.12,5245.37,2109.62,400.68
2025Q2,可隆-安徽,卫衣,140,195,21,294,365021.05,523,356,1003.79,186.13,650.13,771.12,882.8,1003.79,1124.77,1236.45,1394.67,798.39,150.9
2025Q2,可隆-安徽,长袖T恤,239,618,95,731,1533589.86,1695,952,1003.74,191.5,639.89,764.36,879.26,1003.74,1128.22,1243.12,1405.89,928.39,190.69
2025Q2,可隆-安徽,三合一夹克,78,123,8,194,687800.07,263,209,4365.89,1364.93,1772.51,2659.72,3478.68,4365.89,5253.1,6072.06,7232.25,2871.52,543.96
2025Q2,可隆-安徽,POLO,158,278,87,440,613215.85,747,523,811.18,221.53,390.27,534.27,667.19,811.18,955.18,1088.1,1276.4,746.98,177.24
2025Q2,可隆-安徽,短袖T恤,231,283,47,555,515924.38,1033,561,756.23,196.19,383.46,510.99,628.7,756.23,883.75,1001.47,1168.23,476.73,103.88
2025Q2,可隆-安徽,长裤,171,269,65,430,869088.48,907,505,1321.2,292.53,765.4,955.54,1131.06,1321.2,1511.34,1686.86,1935.51,902.05,205.46
2025Q2,可隆-安徽,衬衫,172,294,37,345,508249.08,725,503,1129.2,256.93,641.03,808.04,962.2,1129.2,1296.21,1450.37,1668.76,676.14,187.77
2025Q2,可隆-安徽,针织夹克,199,212,58,417,828067.44,722,469,1503.41,296.69,939.7,1132.55,1310.56,1503.41,1696.25,1874.26,2126.45,1093.25,236.21
2025Q2,可隆-安徽,羽绒服,158,268,66,407,1076103.32,592,492,3444.12,1052.22,1444.9,2128.84,2760.18,3444.12,4128.07,4759.4,5653.79,1881.3,249.9
2025Q2,可隆-安徽,鞋,174,256,89,361,1167721.12,709,519,2401.81,635.72,1193.95,1607.17,1988.6,2401.81,2815.03,3196.46,3736.82,1803.82,393.66
2025Q2,可隆-安徽,马夹,118,234,51,267,906553.49,753,403,1768.84,429.54,952.72,1231.92,1489.64,1768.84,2048.04,2305.76,2670.87,1130.82,287.09
2025Q2,可隆-安徽,软壳夹克,496,455,191,879,3002552.33,1643,1142,2667.9,789.74,1167.39,1680.73,2154.57,2667.9,3181.24,3655.08,4326.36,1716.76,400.94
2025Q2,可隆-安徽,配件,173,290,46,452,184120.24,698,509,425.91,124.23,189.87,270.62,345.16,425.91,506.66,581.2,686.8,275.41,45.91
2025Q2,可隆-安徽,抓绒夹克,72,170,49,268,685861.58,571,291,1679.74,504.64,720.92,1048.94,1351.73,1679.74,2007.76,2310.55,2739.49,1227.66,193.7
2025Q2,可隆-安徽,防风夹克,277,226,71,437,1388901.25,668,574,2820.1,609.09,1662.82,2058.73,2424.18,2820.1,3216.01,3581.46,4099.19,2107.41,472.62
2025Q2,可隆-安徽,其他,17,58,18,83,31014.48,133,93,285.55,45.34,199.4,228.87,256.08,285.55,315.02,342.23,380.77,239.05,44.33
2025Q2,可隆-安徽,棉服,107,91,39,225,888745.92,366,237,2925.32,684.72,1624.35,2069.42,2480.25,2925.32,3370.39,3781.22,4363.23,2210.4,276.02
2025Q2,可隆-安徽,连衣裙,30,62,5,83,164945.79,161,97,1500.33,280.38,967.62,1149.86,1318.09,1500.33,1682.58,1850.8,2089.12,1072.71,198.11
2025Q2,可隆-安徽,短裤,164,185,55,303,351353.39,672,404,855.47,148.55,573.22,669.78,758.91,855.47,952.03,1041.16,1167.43,496.68,119.85
2025Q2,可隆-山西,防水夹克,384,297,21,517,2756318.72,1148,702,2651.28,537.72,1629.61,1979.13,2301.76,2651.28,3000.79,3323.42,3780.48,2340.84,539.59
2025Q2,可隆-山西,卫衣,221,162,44,548,542682.9,786,427,1253.81,241.79,794.41,951.57,1096.64,1253.81,1410.97,1556.04,1761.56,678.81,125.08
2025Q2,可隆-山西,长袖T恤,175,297,57,441,497301.95,903,529,726.03,153.19,434.97,534.54,626.45,726.03,825.6,917.51,1047.72,537.61,121.01
2025Q2,可隆-山西,三合一夹克,240,200,52,432,2438952.38,839,492,4684.83,1308.2,2199.26,3049.59,3834.51,4684.83,5535.16,6320.08,7432.05,3067.43,772.09
2025Q2,可隆-山西,POLO,115,200,50,267,352989.09,514,365,969.04,146.27,691.12,786.2,873.96,969.04,1064.12,1151.88,1276.21,709.77,173.66
2025Q2,可隆-山西,短袖T恤,168,300,59,441,293909.96,657,527,751.05,145.58,474.44,569.07,656.42,751.05,845.68,933.03,1056.78,463.2,55.87
2025Q2,可隆-山西,长裤,356,443,151,753,1211775.89,1470,950,1190.15,237.16,739.54,893.7,1035.99,1190.15,1344.3,1486.6,1688.19,846.9,178.6
2025Q2,可隆-山西,衬衫,73,144,19,212,242984.22,330,236,1030.46,260.33,535.84,705.05,861.25,1030.46,1199.67,1355.87,1577.15,753.1,209.15
2025Q2,可隆-山西,针织夹克,109,73,19,235,324827.31,325,201,1357.61,393.47,610.02,865.77,1101.86,1357.61,1613.37,1849.45,2183.9,1003.96,186.67
2025Q2,可隆-山西,羽绒服,186,196,12,409,1102888.65,546,394,3051.52,667.29,1783.67,2217.41,2617.78,3051.52,3485.26,3885.63,4452.83,2080.06,544.02
2025Q2,可隆-山西,鞋,178,291,40,399,1467727.78,912,509,1959.99,342.07,1310.05,1532.4,1737.64,1959.99,2182.34,2387.58,2678.34,1665.22,276.17
2025Q2,可隆-山西,马夹,133,183,38,269,761236.74,505,354,1888.24,484.37,967.95,1282.78,1573.4,1888.24,2203.08,2493.7,2905.41,1615.4,307.35
2025Q2,可隆-山西,软壳夹克,317,339,47,588,2577640.26,1050,703,3131.75,529.67,2125.38,2469.66,2787.46,3131.75,3476.03,3793.83,4244.05,2457.64,395.69
2025Q2,可隆-山西,配件,120,199,67,400,181249.77,614,386,388.84,114.33,171.62,245.93,314.53,388.84,463.15,531.75,628.93,281.3,63.62
2025Q2,可隆-山西,抓绒夹克,79,127,14,188,478302.74,322,220,1814.31,534.73,798.33,1145.9,1466.74,1814.31,2161.88,2482.72,2937.24,1484.62,296.39
2025Q2,可隆-山西,防风夹克,182,142,43,362,808876.09,591,367,2384.43,367.74,1685.72,1924.75,2145.4,2384.43,2623.46,2844.1,3156.68,1448.39,210.51
2025Q2,可隆-山西,其他,45,74,11,142,46617.86,227,130,311.09,64.34,188.84,230.66,269.27,311.09,352.91,391.51,446.2,213.84,31.96
2025Q2,可隆-山西,棉服,117,199,37,288,1035528.84,447,353,2921.07,574.45,1829.63,2203.02,2547.68,2921.07,3294.46,3639.13,4127.41,2326.48,457.0
2025Q2,可隆-山西,连衣裙,40,66,14,100,190660.16,175,120,1432.08,305.29,852.02,1050.46,1233.64,1432.08,1630.52,1813.7,2073.2,966.56,126.28
2025Q2,可隆-山西,短裤,127,94,26,213,204895.24,292,247,902.41,285.65,359.66,545.34,716.73,902.41,1088.08,1259.47,1502.28,745.98,161.85
2025Q2,可隆-西北,防水夹克,327,430,159,773,3934099.85,1590,916,3556.47,568.12,2477.04,2846.32,3187.19,3556.47,3925.75,4266.63,4749.53,2477.86,360.46
2025Q2,可隆-西北,卫衣,401,438,71,660,1480607.67,1481,910,1289.69,292.11,734.68,924.55,1099.82,1289.69,1479.56,1654.82,1903.11,979.18,227.26
2025Q2,可隆-西北,长袖T恤,149,135,40,256,368700.62,512,324,984.54,257.53,495.23,662.63,817.15,984.54,1151.94,1306.46,1525.37,710.14,127.34
2025Q2,可隆-西北,三合一夹克,119,273,42,352,2785593.22,782,434,3927.02,745.86,2509.89,2994.7,3442.21,3927.02,4411.82,4859.34,5493.32,3531.14,768.55
2025Q2,可隆-西北,POLO,209,343,55,549,715283.17,1109,607,1021.08,244.24,557.03,715.78,862.32,1021.08,1179.83,1326.37,1533.98,662.55,160.24
2025Q2,可隆-西北,短袖T恤,375,443,25,635,773219.84,1163,843,735.34,160.91,429.6,534.2,630.74,735.34,839.93,936.48,1073.25,620.0,167.36
2025Q2,可隆-西北,长裤,311,285,113,525,1174170.17,1320,709,1363.09,223.31,938.79,1083.95,1217.93,1363.09,1508.24,1642.22,1832.04,901.02,180.68
2025Q2,可隆-西北,衬衫,110,140,15,228,380187.8,419,265,1111.41,249.56,637.25,799.46,949.2,1111.41,1273.62,1423.36,1635.48,875.9,232.15
2025Q2,可隆-西北,针织夹克,111,134,35,288,311805.78,368,280,1450.84,256.34,963.8,1130.42,1284.22,1450.84,1617.47,1771.27,1989.16,861.7,210.82
2025Q2,可隆-西北,羽绒服,160,300,84,508,1988692.82,795,544,3750.84,536.55,2731.39,3080.15,3402.08,3750.84,4099.6,4421.53,4877.6,2618.34,412.28
2025Q2,可隆-西北,鞋,80,368,82,429,2008248.08,991,530,2632.05,418.57,1836.77,2108.84,2359.98,2632.05,2904.12,3155.26,3511.05,2092.12,459.2
2025Q2,可隆-西北,马夹,61,38,17,131,184997.79,148,116,1994.27,630.58,796.16,1206.04,1584.39,1994.27,2404.15,2782.5,3318.5,1297.08,334.99
2025Q2,可隆-西北,软壳夹克,202,262,86,513,884250.36,607,550,1953.8,361.94,1266.12,1501.38,1718.54,1953.8,2189.06,2406.23,2713.87,1395.23,386.9
2025Q2,可隆-西北,配件,229,178,60,393,185803.6,720,467,410.23,127.65,167.7,250.67,327.26,410.23,493.2,569.79,678.29,243.78,64.89
2025Q2,可隆-西北,抓绒夹克,76,171,33,229,468138.09,395,280,1858.75,427.09,1047.28,1324.89,1581.14,1858.75,2136.36,2392.62,2755.64,1283.52,264.76
2025Q2,可隆-西北,防风夹克,248,257,45,511,1897211.84,966,550,2796.41,888.53,1108.19,1685.74,2218.86,2796.41,3373.95,3907.07,4662.33,2027.57,549.89
2025Q2,可隆-西北,其他,38,58,15,109,36176.32,164,111,283.06,69.22,151.54,196.53,238.07,283.06,328.06,369.59,428.43,218.8,58.91
2025Q2,可隆-西北,棉服,110,106,39,269,957177.65,411,255,2687.74,614.92,1519.4,1919.1,2288.05,2687.74,3087.44,3456.39,3979.07,2130.69,444.92
2025Q2,可隆-西北,连衣裙,36,45,15,83,113935.77,139,96,1362.26,268.15,852.77,1027.07,1187.96,1362.26,1536.55,1697.44,1925.37,851.3,233.24
2025Q2,可隆-西北,短裤,83,149,20,240,228897.39,362,252,764.79,226.74,333.98,481.36,617.41,764.79,912.17,1048.22,1240.95,591.83,151.49
2025Q2,可隆-电商,防水夹克,767,825,352,1726,7593521.99,3169,1944,3235.63,969.23,1394.09,2024.09,2605.63,3235.63,3865.64,4447.18,5271.03,2342.43,297.88
2025Q2,可隆-电商,卫衣,315,554,89,872,1510892.86,1679,958,1150.08,326.36,530.01,742.14,937.95,1150.08,1362.21,1558.03,1835.43,888.09,193.24
2025Q2,可隆-电商,长袖T恤,577,764,177,1305,1097127.43,1889,1518,833.18,143.38,560.75,653.95,739.98,833.18,926.38,1012.41,1134.28,630.72,155.58
2025Q2,可隆-电商,三合一夹克,506,469,191,1124,4755365.09,1892,1166,3534.65,1100.9,1442.94,2158.53,2819.07,3534.65,4250.24,4910.78,5846.55,2451.46,341.97
2025Q2,可隆-电商,POLO,395,432,134,902,830194.62,1329,961,916.92,220.83,497.35,640.88,773.38,916.92,1060.45,1192.95,1380.65,634.73,138.55
2025Q2,可隆-电商,短袖T恤,944,674,241,1687,1576485.16,2683,1859,781.67,113.58,565.86,639.69,707.84,781.67,855.49,923.64,1020.19,593.55,111.58
2025Q2,可隆-电商,长裤,415,671,155,1165,1521948.91,1737,1241,1349.4,328.31,725.61,939.01,1135.99,1349.4,1562.8,1759.78,2038.84,909.53,188.29
2025Q2,可隆-电商,衬衫,515,578,104,912,1653751.65,1684,1197,1295.36,240.08,839.21,995.26,1139.31,1295.36,1451.41,1595.46,1799.53,956.1,140.35
2025Q2,可隆-电商,针织夹克,225,412,98,568,1195783.73,964,735,1651.03,279.91,1119.21,1301.15,1469.09,1651.03,1832.97,2000.92,2238.84,1268.14,200.45
2025Q2,可隆-电商,羽绒服,627,558,146,1084,5876284.42,2156,1331,3543.41,790.44,2041.57,2555.36,3029.62,3543.41,4057.2,4531.47,5203.35,2582.23,527.91
2025Q2,可隆-电商,鞋,383,227,139,621,1957464.66,1429,749,2264.87,598.7,1127.34,1516.5,1875.72,2264.87,2654.02,3013.24,3522.13,1465.99,351.92
2025Q2,可隆-电商,马夹,190,312,66,447,1036651.66,818,568,1777.67,451.42,919.98,1213.4,1484.25,1777.67,2071.09,2341.94,2725.64,1211.51,198.28
2025Q2,可隆-电商,软壳夹克,1097,446,263,1473,4823298.91,2371,1806,2686.23,637.28,1475.41,1889.64,2272.0,2686.23,3100.46,3482.83,4024.51,1947.41,245.28
2025Q2,可隆-电商,配件,579,310,199,820,557181.95,1845,1088,403.7,67.06,276.29,319.88,360.11,403.7,447.28,487.52,544.51,314.13,74.98
2025Q2,可隆-电商,抓绒夹克,291,341,98,642,903403.11,817,730,1506.55,425.16,698.74,975.09,1230.19,1506.55,1782.9,2038.0,2399.39,1159.11,157.87
2025Q2,可隆-电商,防风夹克,396,483,164,798,2192564.18,1463,1043,2466.25,660.13,1212.01,1641.09,2037.17,2466.25,2895.33,3291.41,3852.51,1494.46,300.99
2025Q2,可隆-电商,其他,144,136,42,289,78419.45,465,322,260.63,74.99,118.16,166.9,211.89,260.63,309.38,354.37,418.11,160.65,34.37
2025Q2,可隆-电商,棉服,191,499,61,633,2229402.24,1086,751,2399.87,535.97,1381.53,1729.91,2051.49,2399.87,2748.26,3069.84,3525.42,2057.91,291.92
2025Q2,可隆-电商,连衣裙,84,98,22,171,324973.46,355,204,1322.05,196.47,948.76,1076.46,1194.34,1322.05,1449.75,1567.63,1734.63,878.55,160.96
2025Q2,可隆-电商,短裤,166,265,48,492,522114.25,786,479,898.4,211.96,495.67,633.44,760.62,898.4,1036.17,1163.35,1343.52,634.16,105.2
2025Q2,可隆-新疆,防水夹克,252,287,70,489,2046645.6,787,609,3112.46,810.33,1572.82,2099.54,2585.74,3112.46,3639.17,4125.37,4814.16,2481.2,671.85
2025Q2,可隆-新疆,卫衣,85,225,38,281,418077.36,595,348,1143.16,303.87,565.82,763.33,945.65,1143.16,1340.68,1523.0,1781.28,734.55,98.91
2025Q2,可隆-新疆,长袖T恤,126,164,38,297,276423.7,463,328,853.6,119.53,626.5,704.19,775.91,853.6,931.29,1003.01,1104.61,576.69,103.6
2025Q2,可隆-新疆,三合一夹克,91,132,35,233,1338724.79,383,258,4790.58,1043.35,2808.21,3486.39,4112.4,4790.58,5468.75,6094.77,6981.61,3831.52,778.13
2025Q2,可隆-新疆,POLO,59,141,29,258,295630.88,361,229,1044.38,186.91,689.25,810.74,922.89,1044.38,1165.88,1278.03,1436.91,824.87,118.79
2025Q2,可隆-新疆,短袖T恤,164,254,92,444,612898.92,951,510,852.9,141.75,583.58,675.72,760.76,852.9,945.03,1030.08,1150.56,631.67,145.92
2025Q2,可隆-新疆,长裤,188,231,24,389,839404.68,764,443,1528.09,467.87,639.13,943.25,1223.97,1528.09,1832.2,2112.93,2510.62,1188.89,193.82
2025Q2,可隆-新疆,衬衫,89,137,44,254,299152.46,447,270,1006.94,276.85,480.92,660.87,826.98,1006.94,1186.89,1353.0,1588.32,709.38,168.7
2025Q2,可隆-新疆,针织夹克,71,134,13,236,354205.07,334,218,1390.22,240.22,933.81,1089.95,1234.08,1390.22,1546.36,1690.49,1894.68,1073.11,262.51
2025Q2,可隆-新疆,羽绒服,104,217,20,330,1074217.02,452,341,3198.04,672.96,1919.41,2356.83,2760.61,3198.04,3635.46,4039.24,4611.26,2408.42,440.88
2025Q2,可隆-新疆,鞋,74,88,13,164,262557.77,205,175,2329.61,718.19,965.05,1431.87,1862.79,2329.61,2796.43,3227.34,3837.8,1362.53,358.46
2025Q2,可隆-新疆,马夹,82,82,21,144,375146.08,301,185,1738.32,509.45,770.38,1101.52,1407.18,1738.32,2069.46,2375.13,2808.16,1158.81,201.95
2025Q2,可隆-新疆,软壳夹克,192,207,61,398,1463664.02,869,460,2491.27,502.66,1536.21,1862.94,2164.54,2491.27,2818.0,3119.6,3546.86,1841.61,439.22
2025Q2,可隆-新疆,配件,86,121,29,246,90907.53,346,236,364.88,112.56,151.01,224.18,291.72,364.88,438.05,505.59,601.27,254.1,44.38
2025Q2,可隆-新疆,抓绒夹克,34,118,37,183,380126.91,299,189,1715.58,473.54,815.85,1123.65,1407.78,1715.58,2023.38,2307.51,2710.02,1268.28,276.49
2025Q2,可隆-新疆,防风夹克,271,280,77,446,1496185.26,839,628,2587.57,437.31,1756.67,2040.93,2303.32,2587.57,2871.83,3134.22,3505.93,1748.13,380.65
2025Q2,可隆-新疆,其他,32,25,7,45,25672.2,116,64,294.05,78.56,144.78,195.85,242.99,294.05,345.12,392.26,459.04,204.46,50.25
2025Q2,可隆-新疆,棉服,135,107,49,250,729398.4,412,291,2624.81,367.73,1926.11,2165.14,2385.78,2624.81,2863.84,3084.48,3397.05,1615.99,285.48
2025Q2,可隆-新疆,连衣裙,33,54,9,67,121987.56,123,96,1531.73,484.09,611.96,926.62,1217.07,1531.73,1846.39,2136.84,2548.32,1030.44,129.36
2025Q2,可隆-新疆,短裤,59,104,27,166,185073.22,283,190,755.9,180.96,412.08,529.7,638.28,755.9,873.53,982.1,1135.92,630.77,84.08
2025Q2,可隆-青海,防水夹克,78,62,26,128,694121.67,253,166,3432.13,811.84,1889.64,2417.33,2904.44,3432.13,3959.83,4446.93,5136.99,2753.17,534.31
2025Q2,可隆-青海,卫衣,77,86,19,164,202995.51,274,182,1285.45,337.85,643.54,863.14,1065.85,1285.45,1505.06,1707.76,1994.94,784.2,175.73
2025Q2,可隆-青海,长袖T恤,70,131,37,176,238210.09,389,238,990.95,167.43,672.82,781.65,882.11,990.95,1099.78,1200.24,1342.56,640.93,77.45
2025Q2,可隆-青海,三合一夹克,49,38,13,80,510517.63,142,100,4835.01,1248.9,2462.1,3273.88,4023.22,4835.01,5646.79,6396.13,7457.69,3420.89,488.56
2025Q2,可隆-青海,POLO,102,68,19,160,139777.5,315,189,855.21,170.28,531.67,642.36,744.53,855.21,965.89,1068.06,1212.8,466.99,73.07
2025Q2,可隆-青海,短袖T恤,44,83,28,145,169731.57,229,155,859.8,234.35,414.54,566.87,707.48,859.8,1012.13,1152.74,1351.94,708.11,167.87
2025Q2,可隆-青海,长裤,93,117,20,209,435316.7,408,230,1535.6,226.26,1105.72,1252.78,1388.54,1535.6,1682.67,1818.43,2010.74,1104.9,153.87
2025Q2,可隆-青海,衬衫,63,80,16,122,211394.03,298,159,956.1,199.75,576.58,706.42,826.27,956.1,1085.94,1205.79,1375.57,670.62,150.59
2025Q2,可隆-青海,针织夹克,43,55,8,91,152553.85,172,106,1385.94,426.08,576.39,853.35,1108.99,1385.94,1662.9,1918.54,2280.71,911.45,122.03
2025Q2,可隆-青海,羽绒服,43,54,11,103,449213.03,197,108,3557.63,685.66,2254.87,2700.55,3111.95,3557.63,4003.3,4414.7,4997.51,2370.97,486.91
2025Q2,可隆-青海,鞋,70,99,21,163,516317.19,301,190,2047.13,547.15,1007.55,1363.2,1691.49,2047.13,2402.78,2731.07,3196.14,1713.44,421.91
2025Q2,可隆-青海,马夹,35,67,14,79,256756.71,217,116,1926.85,455.95,1060.55,1356.91,1630.48,1926.85,2223.21,2496.78,2884.34,1330.78,241.41
2025Q2,可隆-青海,软壳夹克,54,74,22,149,436609.52,241,150,2574.2,629.58,1378.0,1787.22,2164.97,2574.2,2983.43,3361.17,3896.32,1671.73,321.34
2025Q2,可隆-青海,配件,42,101,15,118,90690.27,256,158,430.25,71.91,293.63,340.37,383.51,430.25,476.99,520.13,581.26,343.75,52.76
2025Q2,可隆-青海,抓绒夹克,21,36,7,52,76476.27,95,64,1427.04,431.3,607.58,887.92,1146.7,1427.04,1707.38,1966.16,2332.76,807.76,170.96
2025Q2,可隆-青海,防风夹克,48,55,21,106,420875.59,225,124,2319.22,599.69,1179.8,1569.6,1929.42,2319.22,2709.02,3068.84,3578.58,1752.11,351.1
2025Q2,可隆-青海,其他,14,13,5,27,8834.7,48,32,259.51,72.61,121.54,168.74,212.31,259.51,306.71,350.27,412.0,185.84,22.51
2025Q2,可隆-青海,棉服,40,75,7,123,321369.01,174,122,3182.4,752.42,1752.8,2241.88,2693.33,3182.4,3671.48,4122.93,4762.49,1961.06,414.6
2025Q2,可隆-青海,连衣裙,3,8,1,10,20835.75,19,12,1398.75,228.47,964.67,1113.17,1250.25,1398.75,1547.26,1684.34,1878.54,1089.85,230.13
2025Q2,可隆-青海,短裤,36,24,7,66,66888.94,99,67,828.79,178.49,489.66,605.68,712.77,828.79,944.81,1051.9,1203.62,655.3,90.64
2025Q2,可隆-线下山,防水夹克,275,431,92,647,2818167.55,1408,798,2762.62,586.6,1648.09,2029.38,2381.34,2762.62,3143.91,3495.87,3994.48,2004.66,332.72
2025Q2,可隆-线下山,卫衣,209,184,101,462,812363.71,779,494,1233.45,262.3,735.07,905.57,1062.95,1233.45,1403.94,1561.32,1784.28,976.5,168.43
2025Q2,可隆-线下山,长袖T恤,129,146,54,347,242190.21,433,329,961.33,233.41,517.85,669.57,809.61,961.33,1113.05,1253.09,1451.49,592.67,72.95
2025Q2,可隆-线下山,三合一夹克,112,99,18,235,1405681.64,430,229,4288.2,609.8,3129.59,3525.95,3891.83,4288.2,4684.56,5050.44,5568.77,3320.68,892.02
2025Q2,可隆-线下山,POLO,221,211,63,381,512000.4,833,495,887.53,140.03,621.47,712.49,796.51,887.53,978.55,1062.57,1181.59,628.74,166.77
2025Q2,可隆-线下山,短袖T恤,231,247,23,470,430599.92,725,501,777.22,224.72,350.25,496.32,631.15,777.22,923.29,1058.12,1249.13,593.97,121.49
2025Q2,可隆-线下山,长裤,136,327,56,432,880708.79,976,519,1217.68,294.69,657.77,849.32,1026.13,1217.68,1409.22,1586.04,1836.52,953.7,130.55
2025Q2,可隆-线下山,衬衫,128,164,35,269,373928.0,510,327,1110.94,202.55,726.09,857.75,979.28,1110.94,1242.6,1364.13,1536.3,772.9,182.49
2025Q2,可隆-线下山,针织夹克,109,184,30,296,569327.24,570,323,1449.97,281.71,914.72,1097.83,1266.86,1449.97,1633.09,1802.12,2041.57,980.97,153.29
2025Q2,可隆-线下山,羽绒服,89,142,31,338,713490.68,359,262,3585.4,597.16,2450.8,2838.95,3197.25,3585.4,3973.55,4331.85,4839.43,2146.54,320.32
2025Q2,可隆-线下山,鞋,127,240,45,369,868201.22,510,412,2434.41,514.62,1456.64,1791.14,2099.91,2434.41,2768.91,3077.68,3515.1,1717.14,340.42
2025Q2,可隆-线下山,马夹,124,109,34,220,529576.06,396,267,2047.62,517.53,1064.32,1400.71,1711.23,2047.62,2384.02,2694.53,3134.43,1339.48,162.27
2025Q2,可隆-线下山,软壳夹克,335,199,70,497,1872186.95,839,604,2841.47,440.34,2004.83,2291.05,2555.25,2841.47,3127.69,3391.89,3766.17,1928.22,303.63
2025Q2,可隆-线下山,配件,95,164,70,323,128153.71,489,329,370.99,100.08,180.83,245.88,305.93,370.99,436.04,496.09,581.16,262.77,45.32
2025Q2,可隆-线下山,抓绒夹克,32,139,29,186,406243.09,383,200,1694.71,360.07,1010.58,1244.63,1460.67,1694.71,1928.75,2144.79,2450.85,1117.28,205.74
2025Q2,可隆-线下山,防风夹克,160,202,78,460,919361.64,529,440,2579.1,636.57,1369.63,1783.4,2165.34,2579.1,2992.87,3374.81,3915.89,1761.13,346.41
2025Q2,可隆-线下山,其他,44,64,9,93,47195.87,209,117,297.06,90.48,125.14,183.96,238.25,297.06,355.88,410.17,487.08,237.73,48.18
2025Q2,可隆-线下山,棉服,109,66,26,188,511521.31,312,201,2673.01,696.17,1350.29,1802.8,2220.5,2673.01,3125.52,3543.22,4134.97,1677.18,348.14
2025Q2,可隆-线下山,连衣裙,26,48,7,82,131838.64,105,81,1638.71,256.87,1150.64,1317.61,1471.74,1638.71,1805.67,1959.8,2178.14,1213.71,178.26
2025Q2,可隆-线下山,短裤,106,190,24,266,337841.11,505,320,830.55,174.1,499.76,612.92,717.38,830.55,943.72,1048.18,1196.16,665.46,114.82
2025Q3,可隆-东北,防水夹克,706,870,106,1007,4703163.17,2072,1682,3044.67,656.35,1797.61,2224.24,2618.05,3044.67,3471.3,3865.11,4423.01,2053.43,421.44
2025Q3,可隆-东北,卫衣,177,335,85,569,984484.6,950,597,1267.68,324.27,651.57,862.35,1056.91,1267.68,1478.46,1673.02,1948.65,1106.1,268.66
2025Q3,可隆-东北,长袖T恤,333,171,64,713,516093.09,858,568,890.41,221.3,469.94,613.79,746.57,890.41,1034.26,1167.04,1355.14,623.93,121.62
2025Q3,可隆-东北,三合一夹克,175,206,98,466,2194399.99,800,479,3727.85,617.22,2555.14,2956.33,3326.66,3727.85,4129.05,4499.38,5024.01,2907.95,404.52
2025Q3,可隆-东北,POLO,157,518,93,631,1233895.06,1329,768,1109.97,351.87,441.41,670.13,881.25,1109.97,1338.69,1549.81,1848.9,934.56,200.9
2025Q3,可隆-东北,短袖T恤,298,367,47,698,609407.5,1184,712,715.78,200.16,335.47,465.58,585.67,715.78,845.89,965.98,1136.12,536.55,149.43
2025Q3,可隆-东北,长裤,216,213,44,424,725472.21,668,473,1416.15,277.15,889.56,1069.71,1236.0,1416.15,1596.3,1762.6,1998.18,1057.38,148.6
2025Q3,可隆-东北,衬衫,229,165,60,450,401102.7,728,454,1083.67,154.41,790.29,890.65,983.3,1083.67,1184.03,1276.68,1407.93,606.96,133.66
2025Q3,可隆-东北,针织夹克,153,158,28,355,441437.97,469,339,1370.42,435.09,543.75,826.56,1087.61,1370.42,1653.23,1914.29,2284.12,980.33,270.06
2025Q3,可隆-东北,羽绒服,210,486,29,586,3617038.21,1348,725,3569.4,656.58,2321.89,2748.67,3142.62,3569.4,3996.17,4390.12,4948.22,2646.62,553.72
2025Q3,可隆-东北,鞋,369,259,72,706,2240460.48,1275,700,2298.78,650.37,1063.09,1485.82,1876.05,2298.78,2721.52,3111.74,3664.56,1815.98,316.04
2025Q3,可隆-东北,马夹,137,168,83,316,603269.68,434,388,1899.73,595.34,768.59,1155.56,1512.76,1899.73,2286.7,2643.91,3149.94,1423.76,338.73
2025Q3,可隆-东北,软壳夹克,252,293,46,550,2015097.86,1029,591,2714.47,567.26,1636.68,2005.4,2345.75,2714.47,3083.18,3423.54,3905.71,1961.24,332.99
2025Q3,可隆-东北,配件,161,149,68,306,183251.72,605,378,374.32,100.36,183.64,248.87,309.09,374.32,439.55,499.76,585.07,295.78,56.77
2025Q3,可隆-东北,抓绒夹克,168,369,39,492,936259.25,787,576,1532.36,284.12,992.53,1177.21,1347.68,1532.36,1717.04,1887.51,2129.01,1252.87,316.21
2025Q3,可隆-东北,防风夹克,376,283,133,611,2366801.6,1215,792,2640.08,500.8,1688.56,2014.08,2314.56,2640.08,2965.61,3266.09,3691.77,1991.7,313.72
2025Q3,可隆-东北,其他,29,59,11,101,31212.47,129,99,288.64,87.09,123.17,179.78,232.03,288.64,345.25,397.51,471.54,230.73,33.15
2025Q3,可隆-东北,棉服,208,329,80,578,1840956.04,797,617,3209.25,459.09,2336.98,2635.39,2910.85,3209.25,3507.66,3783.12,4173.34,2232.3,577.47
2025Q3,可隆-东北,连衣裙,36,29,12,86,160241.45,111,77,1637.81,309.02,1050.68,1251.54,1436.95,1637.81,1838.67,2024.08,2286.75,1393.76,204.9
2025Q3,可隆-东北,短裤,152,240,46,392,578391.16,756,438,953.32,235.01,506.8,659.56,800.56,953.32,1106.07,1247.07,1446.83,764.7,190.89
2025Q3,可隆-华东,防水夹克,874,780,244,1755,7976188.76,3073,1898,3532.52,537.46,2511.35,2860.7,3183.17,3532.52,3881.86,4204.34,4661.17,2609.06,514.26
2025Q3,可隆-华东,卫衣,238,453,100,705,1093209.61,1388,791,1314.17,344.01,660.54,884.15,1090.56,1314.17,1537.78,1744.19,2036.6,818.54,139.19
2025Q3,可隆-华东,长袖T恤,366,545,135,1054,858418.82,1466,1046,794.7,243.11,332.79,490.81,636.68,794.7,952.72,1098.58,1305.22,581.43,83.41
2025Q3,可隆-华东,三合一夹克,264,527,95,725,3376533.31,1372,886,3681.37,855.52,2055.89,2611.97,3125.28,3681.37,4237.46,4750.77,5477.95,2520.77,305.44
2025Q3,可隆-华东,POLO,474,764,67,1122,1614005.71,2479,1305,965.26,299.33,396.53,591.1,770.7,965.26,1159.83,1339.42,1593.85,661.16,176.69
2025Q3,可隆-华东,短袖T恤,285,485,103,713,643594.62,1251,873,739.74,104.28,541.61,609.39,671.96,739.74,807.52,870.09,958.72,535.27,76.96
2025Q3,可隆-华东,长裤,294,377,56,727,888838.71,1030,727,1515.9,383.27,787.69,1036.81,1266.77,1515.9,1765.02,1994.98,2320.76,883.44,188.15
2025Q3,可隆-华东,衬衫,313,463,128,795,922358.38,1383,904,1127.05,244.51,662.48,821.41,968.12,1127.05,1285.99,1432.69,1640.53,668.53,153.94
2025Q3,可隆-华东,针织夹克,183,479,94,565,930534.75,1139,756,1322.35,409.07,545.11,811.01,1056.45,1322.35,1588.25,1833.69,2181.4,801.33,113.25
2025Q3,可隆-华东,羽绒服,164,474,91,692,2259422.37,1038,729,4123.72,1054.92,2119.38,2805.07,3438.02,4123.72,4809.41,5442.36,6339.04,2374.73,393.74
2025Q3,可隆-华东,鞋,270,314,88,663,1596688.66,962,672,2209.81,685.43,907.49,1353.02,1764.28,2209.81,2655.34,3066.6,3649.22,1620.6,234.8
2025Q3,可隆-华东,马夹,222,289,67,517,1021614.81,825,578,1739.61,339.4,1094.74,1315.35,1518.99,1739.61,1960.22,2163.86,2452.35,1211.02,170.5
2025Q3,可隆-华东,软壳夹克,589,370,168,902,4042234.0,1954,1127,2472.31,570.46,1388.44,1759.24,2101.51,2472.31,2843.1,3185.38,3670.27,2052.36,554.94
2025Q3,可隆-华东,配件,144,394,67,566,261505.7,890,605,367.61,92.12,192.58,252.46,307.73,367.61,427.49,482.76,561.07,285.37,61.71
2025Q3,可隆-华东,抓绒夹克,256,227,72,509,1651476.67,829,555,1797.75,268.27,1288.05,1462.42,1623.38,1797.75,1972.13,2133.09,2361.12,1882.31,312.67
2025Q3,可隆-华东,防风夹克,378,483,152,898,2610060.14,1365,1013,2504.04,526.69,1503.33,1845.68,2161.69,2504.04,2846.39,3162.4,3610.08,1926.17,401.79
2025Q3,可隆-华东,其他,73,120,19,190,85512.74,394,212,294.64,83.2,136.57,190.65,240.57,294.64,348.72,398.64,469.36,220.62,37.76
2025Q3,可隆-华东,棉服,210,305,106,547,2199445.69,957,621,2852.97,759.74,1409.46,1903.29,2359.14,2852.97,3346.81,3802.65,4448.43,2138.83,353.52
2025Q3,可隆-华东,连衣裙,44,37,11,98,113986.22,119,92,1609.88,255.85,1123.75,1290.06,1443.57,1609.88,1776.18,1929.69,2147.17,944.72,134.18
2025Q3,可隆-华东,短裤,150,293,50,401,451667.19,735,493,851.09,146.22,573.27,668.31,756.04,851.09,946.13,1033.86,1158.15,596.29,100.67
2025Q3,可隆-华北,防水夹克,503,502,96,902,4233781.23,1713,1101,3066.64,690.01,1755.61,2204.12,2618.13,3066.64,3515.15,3929.15,4515.67,2313.34,422.67
2025Q3,可隆-华北,卫衣,282,779,87,1058,1561950.96,2105,1148,1301.83,377.41,584.75,830.07,1056.51,1301.83,1547.14,1773.59,2094.38,758.57,121.68
2025Q3,可隆-华北,长袖T恤,513,460,146,1026,1397566.53,1713,1119,955.35,260.95,459.55,629.16,785.73,955.35,1124.96,1281.53,1503.33,867.25,236.77
2025Q3,可隆-华北,三合一夹克,291,317,130,617,3710417.19,1048,738,4370.14,797.38,2855.13,3373.42,3851.85,4370.14,4888.44,5366.86,6044.64,3540.44,719.12
2025Q3,可隆-华北,POLO,381,530,101,758,865537.78,1088,1012,988.29,294.32,429.08,620.39,796.98,988.29,1179.6,1356.19,1606.36,720.11,132.79
2025Q3,可隆-华北,短袖T恤,376,410,185,977,814695.75,1375,971,811.59,205.74,420.67,554.41,677.85,811.59,945.32,1068.76,1243.65,601.02,77.79
2025Q3,可隆-华北,长裤,357,606,143,968,1535589.03,1818,1106,1310.99,288.03,763.73,950.95,1123.77,1310.99,1498.21,1671.03,1915.86,817.19,212.4
2025Q3,可隆-华北,衬衫,145,322,62,473,474168.17,778,529,947.44,144.71,672.49,766.55,853.38,947.44,1041.5,1128.33,1251.33,601.34,114.71
2025Q3,可隆-华北,针织夹克,321,177,66,600,676147.41,919,564,1177.86,231.32,738.34,888.7,1027.5,1177.86,1328.22,1467.01,1663.64,720.83,174.79
2025Q3,可隆-华北,羽绒服,189,221,81,461,1602326.16,759,491,3335.67,946.29,1537.71,2152.8,2720.58,3335.67,3950.76,4518.53,5322.88,2202.66,299.82
2025Q3,可隆-华北,鞋,309,322,117,617,1821795.86,1149,748,2087.36,416.01,1296.94,1567.34,1816.95,2087.36,2357.77,2607.38,2960.99,1657.42,423.67
2025Q3,可隆-华北,马夹,192,207,67,410,785639.89,588,466,1942.95,436.98,1112.69,1396.72,1658.91,1942.95,2226.99,2489.18,2860.61,1396.09,363.63
2025Q3,可隆-华北,软壳夹克,245,347,73,587,2059258.38,1084,665,2745.54,660.7,1490.2,1919.66,2316.08,2745.54,3174.99,3571.42,4133.01,1820.51,459.54
2025Q3,可隆-华北,配件,146,346,89,480,403461.59,1040,581,431.7,85.09,270.03,325.34,376.4,431.7,487.01,538.07,610.39,391.64,103.75
2025Q3,可隆-华北,抓绒夹克,265,251,94,485,681484.9,610,610,1689.49,395.69,937.67,1194.87,1432.29,1689.49,1946.69,2184.11,2520.45,1138.7,196.82
2025Q3,可隆-华北,防风夹克,350,617,63,755,2996186.67,1463,1030,2371.77,671.3,1096.3,1532.64,1935.42,2371.77,2808.11,3210.89,3781.5,2113.5,560.75
2025Q3,可隆-华北,其他,29,79,12,110,34817.56,189,120,273.59,81.57,118.61,171.63,220.57,273.59,326.62,375.56,444.9,206.49,38.06
2025Q3,可隆-华北,棉服,210,309,54,510,2383993.4,1030,573,2743.54,743.44,1331.0,1814.24,2260.3,2743.54,3226.77,3672.84,4304.76,2190.03,353.74
2025Q3,可隆-华北,连衣裙,33,74,19,104,188250.52,202,126,1353.46,403.98,585.9,848.49,1090.87,1353.46,1616.04,1858.43,2201.81,997.28,246.65
2025Q3,可隆-华北,短裤,214,316,79,515,550247.3,935,609,827.77,236.14,379.11,532.6,674.28,827.77,981.26,1122.95,1323.67,616.11,84.9
2025Q3,可隆-华南,防水夹克,460,682,166,1190,5195435.55,1996,1308,2857.95,555.31,1802.87,2163.81,2497.0,2857.95,3218.89,3552.08,4024.09,2373.25,501.54
2025Q3,可隆-华南,卫衣,408,892,45,987,1691953.54,2082,1345,1143.9,288.25,596.22,783.58,956.53,1143.9,1331.26,1504.21,1749.22,827.94,137.48
2025Q3,可隆-华南,长袖T恤,554,395,197,879,810798.95,1679,1146,887.68,264.61,384.92,556.92,715.68,887.68,1059.68,1218.44,1443.36,484.71,100.43
2025Q3,可隆-华南,三合一夹克,350,321,131,699,5140836.19,1449,802,4204.21,646.03,2976.74,3396.66,3784.29,4204.21,4624.13,5011.75,5560.88,3410.66,521.64
2025Q3,可隆-华南,POLO,432,465,156,882,1325037.53,1734,1053,1094.72,312.99,500.04,703.48,891.28,1094.72,1298.16,1485.95,1751.99,746.69,188.76
2025Q3,可隆-华南,短袖T恤,339,564,127,962,798498.96,1519,1030,784.27,206.62,391.68,525.99,649.96,784.27,918.57,1042.55,1218.18,581.51,108.06
2025Q3,可隆-华南,长裤,238,486,97,762,1027808.69,1482,821,1137.44,342.68,486.35,709.09,914.7,1137.44,1360.19,1565.8,1857.08,731.25,197.88
2025Q3,可隆-华南,衬衫,159,330,56,526,593449.81,900,545,1055.49,233.41,612.0,763.72,903.77,1055.49,1207.21,1347.26,1545.66,640.66,116.72
2025Q3,可隆-华南,针织夹克,104,281,15,449,656675.88,616,400,1409.81,400.26,649.31,909.48,1149.64,1409.81,1669.99,1910.14,2250.37,1076.67,203.16
2025Q3,可隆-华南,羽绒服,247,541,36,610,2362983.35,1122,824,3115.16,655.62,1869.47,2295.63,2689.0,3115.16,3541.31,3934.68,4491.96,2275.27,485.1
2025Q3,可隆-华南,鞋,404,352,149,768,1853363.62,1247,905,1994.7,557.67,935.12,1297.61,1632.21,1994.7,2357.18,2691.78,3165.8,1351.5,246.44
2025Q3,可隆-华南,马夹,244,310,55,486,1290551.2,892,609,1949.44,370.81,1244.89,1485.92,1708.41,1949.44,2190.47,2412.96,2728.15,1483.47,283.84
2025Q3,可隆-华南,软壳夹克,470,406,93,691,3035210.33,1336,969,2507.84,456.39,1640.7,1937.35,2211.18,2507.84,2804.49,3078.32,3466.26,2108.24,286.02
2025Q3,可隆-华南,配件,255,358,58,538,222675.91,936,671,371.22,64.02,249.59,291.2,329.61,371.22,412.83,451.24,505.65,219.14,30.08
2025Q3,可隆-华南,抓绒夹克,156,141,21,324,597900.63,472,318,1696.7,423.29,892.45,1167.59,1421.56,1696.7,1971.84,2225.81,2585.6,1311.02,200.11
2025Q3,可隆-华南,防风夹克,155,330,47,539,1328335.06,904,532,2183.82,353.94,1511.33,1741.39,1953.76,2183.82,2413.88,2626.24,2927.09,1549.14,266.28
2025Q3,可隆-华南,其他,103,98,13,222,78412.67,416,214,293.13,47.92,202.09,233.23,261.99,293.13,324.28,353.03,393.76,178.82,33.22
2025Q3,可隆-华南,棉服,87,119,39,231,865487.44,440,245,2556.33,568.66,1475.87,1845.5,2186.7,2556.33,2925.96,3267.15,3750.51,1817.53,297.92
2025Q3,可隆-华南,连衣裙,57,75,16,144,222947.12,235,148,1486.14,228.24,1052.49,1200.85,1337.79,1486.14,1634.49,1771.44,1965.44,899.26,210.19
2025Q3,可隆-华南,短裤,105,198,37,348,347062.78,557,340,921.92,258.71,430.37,598.53,753.76,921.92,1090.08,1245.31,1465.22,671.59,163.61
2025Q3,可隆-华西,防水夹克,168,397,32,512,2563330.69,1184,597,2836.84,899.83,1127.17,1712.05,2251.95,2836.84,3421.72,3961.62,4726.47,2227.79,355.72
2025Q3,可隆-华西,卫衣,436,478,142,911,1664316.82,1605,1056,1236.73,349.53,572.62,799.81,1009.53,1236.73,1463.92,1673.64,1970.75,957.34,154.61
2025Q3,可隆-华西,长袖T恤,398,278,186,664,1320990.76,1474,862,973.54,266.08,467.99,640.94,800.59,973.54,1146.49,1306.13,1532.3,799.66,214.85
2025Q3,可隆-华西,三合一夹克,88,77,27,179,601593.49,195,192,4194.56,812.41,2650.99,3179.05,3666.5,4194.56,4722.62,5210.07,5900.61,3094.86,608.78
2025Q3,可隆-华西,POLO,209,351,101,580,645944.06,797,661,995.58,215.63,585.88,726.04,855.42,995.58,1135.75,1265.13,1448.41,749.81,125.77
2025Q3,可隆-华西,短袖T恤,334,758,150,989,1660158.07,2287,1242,889.2,188.88,530.34,653.11,766.43,889.2,1011.97,1125.29,1285.84,730.9,176.91
2025Q3,可隆-华西,长裤,268,317,139,584,1217724.76,1420,724,1218.48,349.82,553.82,781.2,991.09,1218.48,1445.86,1655.75,1953.09,840.11,121.64
2025Q3,可隆-华西,衬衫,256,285,37,460,650682.13,1020,578,1129.32,291.16,576.12,765.38,940.07,1129.32,1318.57,1493.26,1740.75,646.88,164.66
2025Q3,可隆-华西,针织夹克,219,218,63,434,695003.09,794,500,1449.47,367.05,752.08,990.66,1210.89,1449.47,1688.05,1908.28,2220.27,894.56,189.77
2025Q3,可隆-华西,羽绒服,341,301,44,624,2943453.68,1348,686,3359.28,531.47,2349.48,2694.94,3013.82,3359.28,3704.73,4023.62,4475.37,2213.65,409.11
2025Q3,可隆-华西,鞋,280,371,29,592,1929468.15,979,680,2334.24,664.14,1072.37,1504.06,1902.55,2334.24,2765.93,3164.41,3728.93,2005.4,351.28
2025Q3,可隆-华西,马夹,79,160,51,254,639869.01,466,290,2281.59,557.68,1221.99,1584.48,1919.09,2281.59,2644.08,2978.69,3452.72,1386.66,366.56
2025Q3,可隆-华西,软壳夹克,192,378,100,582,1365019.39,871,670,2321.46,333.48,1687.83,1904.6,2104.69,2321.46,2538.22,2738.31,3021.77,1710.04,444.41
2025Q3,可隆-华西,配件,161,263,64,501,206133.38,770,488,407.65,120.39,178.91,257.16,329.39,407.65,485.9,558.13,660.46,259.61,56.95
2025Q3,可隆-华西,抓绒夹克,113,163,57,265,686743.44,523,333,1708.9,387.47,972.72,1224.57,1457.05,1708.9,1960.75,2193.23,2522.58,1228.8,330.72
2025Q3,可隆-华西,防风夹克,267,280,89,508,1992527.73,1187,636,2103.86,643.91,880.43,1298.97,1685.32,2103.86,2522.4,2908.74,3456.07,1684.0,404.14
2025Q3,可隆-华西,其他,89,94,21,159,61717.83,314,204,288.31,70.87,153.66,199.72,242.25,288.31,334.38,376.9,437.14,193.61,31.82
2025Q3,可隆-华西,棉服,201,214,103,450,2752019.47,943,518,3154.81,930.43,1387.0,1991.78,2550.03,3154.81,3759.59,4317.85,5108.71,2656.43,645.41
2025Q3,可隆-华西,连衣裙,43,56,11,102,171235.47,146,110,1513.15,354.45,839.68,1070.08,1282.75,1513.15,1743.54,1956.22,2257.5,1202.53,155.79
2025Q3,可隆-华西,短裤,123,173,46,258,281349.17,449,342,817.76,260.94,321.98,491.59,648.15,817.76,987.37,1143.93,1365.72,665.86,110.65
2025Q3,可隆-安徽,防水夹克,411,567,157,825,4304999.45,1732,1135,3486.99,654.69,2243.08,2668.63,3061.44,3486.99,3912.54,4305.36,4861.84,2587.25,319.36
2025Q3,可隆-安徽,卫衣,177,186,62,336,669426.53,780,425,1303.02,253.42,821.52,986.25,1138.3,1303.02,1467.75,1619.8,1835.21,875.32,126.64
2025Q3,可隆-安徽,长袖T恤,203,388,65,533,408083.68,761,656,710.46,185.76,357.52,478.26,589.72,710.46,831.21,942.66,1100.56,550.94,86.79
2025Q3,可隆-安徽,三合一夹克,66,173,29,254,1363349.04,414,268,4403.38,752.24,2974.12,3463.07,3914.42,4403.38,4892.33,5343.68,5983.08,3285.52,640.31
2025Q3,可隆-安徽,POLO,249,295,34,445,566956.65,898,578,874.1,191.61,510.03,634.58,749.55,874.1,998.65,1113.62,1276.49,600.22,77.86
2025Q3,可隆-安徽,短袖T恤,309,431,69,709,469599.95,1026,809,726.58,197.04,352.21,480.28,598.5,726.58,854.65,972.87,1140.35,458.78,92.29
2025Q3,可隆-安徽,长裤,343,328,51,683,1166878.85,1242,722,1435.54,303.09,859.67,1056.68,1238.53,1435.54,1632.55,1814.4,2072.03,962.94,268.44
2025Q3,可隆-安徽,衬衫,153,141,34,345,489039.02,601,328,1121.72,250.31,646.14,808.84,959.02,1121.72,1284.42,1434.61,1647.37,871.26,109.4
2025Q3,可隆-安徽,针织夹克,94,193,38,350,440609.34,458,325,1416.46,283.49,877.83,1062.1,1232.19,1416.46,1600.73,1770.82,2011.78,1075.24,217.1
2025Q3,可隆-安徽,羽绒服,343,324,121,550,2550502.84,1098,788,3643.88,827.71,2071.23,2609.25,3105.87,3643.88,4181.9,4678.52,5382.08,2334.79,326.35
2025Q3,可隆-安徽,鞋,111,234,48,381,1040153.53,564,393,2333.0,552.52,1283.21,1642.35,1973.86,2333.0,2692.14,3023.66,3493.3,1770.4,491.06
2025Q3,可隆-安徽,马夹,73,115,16,238,289991.31,252,204,1936.84,414.69,1148.92,1418.48,1667.29,1936.84,2206.4,2455.21,2807.7,1253.91,283.09
2025Q3,可隆-安徽,软壳夹克,232,310,72,571,1979012.63,1030,614,2558.63,566.91,1481.49,1849.98,2190.13,2558.63,2927.12,3267.27,3749.15,1826.59,295.66
2025Q3,可隆-安徽,配件,147,254,16,320,206108.35,589,417,452.3,109.68,243.91,315.2,381.01,452.3,523.6,589.41,682.63,327.16,42.84
2025Q3,可隆-安徽,抓绒夹克,58,125,26,237,310237.9,304,209,1518.02,223.2,1093.94,1239.02,1372.94,1518.02,1663.1,1797.02,1986.73,991.0,200.37
2025Q3,可隆-安徽,防风夹克,194,257,125,483,1682097.31,825,576,2589.08,800.79,1067.58,1588.09,2068.57,2589.08,3109.59,3590.07,4270.74,2121.01,381.62
2025Q3,可隆-安徽,其他,41,69,15,136,41417.67,183,125,294.39,90.3,122.82,181.51,235.69,294.39,353.08,407.26,484.01,219.61,37.86
2025Q3,可隆-安徽,棉服,154,203,31,368,1125735.2,491,388,2940.02,899.03,1231.86,1816.23,2355.65,2940.02,3524.39,4063.81,4827.99,2194.75,289.41
2025Q3,可隆-安徽,连衣裙,35,70,12,102,179023.38,165,117,1467.15,205.41,1076.88,1210.39,1333.64,1467.15,1600.67,1723.91,1898.51,1091.71,202.47
2025Q3,可隆-安徽,短裤,117,139,25,290,347657.87,505,281,949.02,190.65,586.78,710.7,825.09,949.02,1072.94,1187.33,1349.38,701.11,172.12
2025Q3,可隆-山西,防水夹克,315,313,60,653,2947611.99,1116,688,3232.9,801.37,1710.31,2231.19,2712.01,3232.9,3753.79,4234.61,4915.77,2492.51,549.16
2025Q3,可隆-山西,卫衣,184,320,51,664,799989.81,872,555,1262.71,290.58,710.59,899.47,1073.83,1262.71,1451.59,1625.94,1872.93,967.59,119.69
2025Q3,可隆-山西,长袖T恤,157,315,66,519,454474.12,632,538,955.19,183.96,605.65,725.23,835.61,955.19,1074.76,1185.14,1341.51,698.43,177.24
2025Q3,可隆-山西,三合一夹克,240,152,70,384,1424398.6,589,462,4159.73,761.68,2712.54,3207.63,3664.64,4159.73,4654.83,5111.84,5759.27,2521.58,386.77
2025Q3,可隆-山西,POLO,120,125,25,215,254855.59,355,270,942.43,208.1,547.05,682.31,807.17,942.43,1077.7,1202.56,1379.44,768.72,97.37
2025Q3,可隆-山西,短袖T恤,235,282,71,480,800836.27,1128,588,942.98,160.39,638.24,742.49,838.73,942.98,1047.24,1143.47,1279.81,713.9,130.01
2025Q3,可隆-山西,长裤,121,148,53,341,467914.51,436,322,1279.29,222.79,855.98,1000.8,1134.48,1279.29,1424.11,1557.78,1747.16,959.2,154.34
2025Q3,可隆-山西,衬衫,115,169,38,297,574656.96,676,322,1174.22,195.25,803.25,930.16,1047.31,1174.22,1301.13,1418.28,1584.24,802.59,129.25
2025Q3,可隆-山西,针织夹克,87,137,17,263,420666.78,391,241,1424.93,325.08,807.29,1018.59,1213.63,1424.93,1636.23,1831.28,2107.6,1125.97,171.22
2025Q3,可隆-山西,羽绒服,244,233,66,384,2667153.02,924,543,3732.76,745.5,2316.31,2800.88,3248.18,3732.76,4217.33,4664.63,5298.31,2926.46,669.44
2025Q3,可隆-山西,鞋,105,354,74,570,1438596.12,824,533,2215.73,347.94,1554.65,1780.81,1989.57,2215.73,2441.89,2650.65,2946.4,1727.71,432.39
2025Q3,可隆-山西,马夹,110,101,25,218,401553.48,309,236,2124.35,467.27,1236.53,1540.25,1820.62,2124.35,2428.07,2708.44,3105.62,1478.54,361.1
2025Q3,可隆-山西,软壳夹克,259,383,76,469,2918240.8,1352,718,2763.61,524.56,1766.95,2107.91,2422.65,2763.61,3104.57,3419.3,3865.17,2043.15,545.56
2025Q3,可隆-山西,配件,158,183,64,371,137618.4,632,405,382.98,68.32,253.17,297.58,338.57,382.98,427.38,468.37,526.44,249.27,54.72
2025Q3,可隆-山西,抓绒夹克,109,214,51,325,649623.36,635,374,1600.33,246.13,1132.68,1292.67,1440.35,1600.33,1760.32,1908.0,2117.21,1109.18,155.33
2025Q3,可隆-山西,防风夹克,129,346,53,450,1582253.55,967,528,2217.48,324.37,1601.17,1812.01,2006.63,2217.48,2428.32,2622.95,2898.66,1683.52,389.88
2025Q3,可隆-山西,其他,28,42,13,79,25016.34,114,83,305.65,85.64,142.94,198.6,249.98,305.65,361.31,412.69,485.48,220.19,60.0
2025Q3,可隆-山西,棉服,129,121,32,229,958291.03,506,282,3120.74,646.39,1892.59,2312.75,2700.58,3120.74,3540.9,3928.73,4478.17,1904.95,316.79
2025Q3,可隆-山西,连衣裙,24,63,9,83,124506.64,121,96,1607.14,454.2,744.15,1039.39,1311.91,1607.14,1902.37,2174.9,2560.97,1142.02,164.97
2025Q3,可隆-山西,短裤,115,86,33,244,179695.63,293,234,800.31,199.09,422.03,551.44,670.9,800.31,929.72,1049.18,1218.41,584.3,79.39
2025Q3,可隆-西北,防水夹克,265,237,80,584,1270771.33,682,582,3241.5,561.08,2175.45,2540.15,2876.8,3241.5,3606.21,3942.86,4419.78,1946.15,358.35
2025Q3,可隆-西北,卫衣,186,253,48,566,687727.56,799,487,1203.08,261.19,706.82,876.6,1033.31,1203.08,1372.86,1529.57,1751.58,813.32,220.07
2025Q3,可隆-西北,长袖T恤,187,292,79,459,645422.0,982,558,940.69,146.94,661.5,757.01,845.18,940.69,1036.2,1124.37,1249.27,668.61,175.79
2025Q3,可隆-西北,三合一夹克,150,162,45,299,1510701.41,497,357,4710.19,681.71,3414.94,3858.05,4267.08,4710.19,5153.3,5562.32,6141.77,2974.32,520.57
2025Q3,可隆-西北,POLO,214,247,103,502,639942.98,974,564,915.95,190.56,553.89,677.75,792.08,915.95,1039.81,1154.14,1316.12,689.16,96.94
2025Q3,可隆-西北,短袖T恤,201,265,149,643,569172.42,982,615,779.68,236.81,329.74,483.67,625.76,779.68,933.61,1075.7,1276.99,594.94,125.29
2025Q3,可隆-西北,长裤,244,412,84,700,907736.47,1029,740,1179.77,280.81,646.22,828.75,997.24,1179.77,1362.3,1530.78,1769.48,912.86,192.1
2025Q3,可隆-西北,衬衫,119,155,38,299,380874.57,511,312,1034.43,210.86,633.8,770.85,897.37,1034.43,1171.49,1298.0,1477.23,750.6,193.84
2025Q3,可隆-西北,针织夹克,165,197,56,291,716786.56,743,418,1495.51,273.53,975.81,1153.61,1317.72,1495.51,1673.31,1837.42,2069.92,992.03,125.85
2025Q3,可隆-西北,羽绒服,206,204,69,444,1691141.61,795,479,3867.04,1046.91,1877.91,2558.4,3186.55,3867.04,4547.53,5175.67,6065.54,2095.33,263.33
2025Q3,可隆-西北,鞋,56,114,8,168,440147.47,232,178,2384.31,621.11,1204.2,1607.92,1980.59,2384.31,2788.03,3160.7,3688.64,1865.2,383.16
2025Q3,可隆-西北,马夹,150,81,39,219,478152.52,377,270,1828.77,455.35,963.61,1259.58,1532.79,1828.77,2124.74,2397.95,2785.0,1169.98,250.19
2025Q3,可隆-西北,软壳夹克,150,347,99,535,1331858.58,766,596,2685.29,634.31,1480.1,1892.4,2272.99,2685.29,3097.59,3478.18,4017.34,1756.72,347.25
2025Q3,可隆-西北,配件,121,116,36,230,108182.85,403,273,421.94,104.73,222.96,291.03,353.87,421.94,490.01,552.85,641.87,278.95,60.59
2025Q3,可隆-西北,抓绒夹克,60,158,12,217,461516.39,361,230,1718.11,496.56,774.64,1097.41,1395.34,1718.11,2040.88,2338.81,2760.89,1257.43,274.14
2025Q3,可隆-西北,防风夹克,189,235,44,392,1213853.49,920,468,2186.3,564.2,1114.32,1481.05,1819.57,2186.3,2553.04,2891.56,3371.13,1379.02,309.64
2025Q3,可隆-西北,其他,32,37,15,74,32905.24,129,84,309.26,54.34,206.0,241.33,273.94,309.26,344.58,377.19,423.38,238.69,47.75
2025Q3,可隆-西北,棉服,95,102,19,210,879720.11,343,216,3302.34,574.13,2211.5,2584.68,2929.16,3302.34,3675.52,4020.0,4508.0,2569.6,648.94
2025Q3,可隆-西北,连衣裙,29,40,11,74,99518.98,112,80,1411.29,350.22,745.87,973.52,1183.65,1411.29,1638.94,1849.07,2146.76,941.64,164.11
2025Q3,可隆-西北,短裤,102,172,51,272,287888.08,483,325,729.53,201.46,346.76,477.71,598.59,729.53,860.48,981.36,1152.59,545.19,138.3
2025Q3,可隆-电商,防水夹克,502,478,126,1360,4030296.28,1555,1106,3238.09,964.86,1404.86,2032.02,2610.93,3238.09,3865.25,4444.17,5264.3,2611.88,403.82
2025Q3,可隆-电商,卫衣,614,500,114,1310,1297158.29,1460,1228,1265.17,381.61,540.11,788.15,1017.12,1265.17,1513.22,1742.18,2066.55,924.61,235.79
2025Q3,可隆-电商,长袖T恤,483,792,106,1257,1620172.57,2030,1381,929.57,216.11,518.97,659.44,789.1,929.57,1070.04,1199.7,1383.39,756.0,201.04
2025Q3,可隆-电商,三合一夹克,141,379,70,572,3320293.27,1058,590,4124.13,698.81,2796.4,3250.62,3669.9,4124.13,4578.35,4997.64,5591.62,3215.86,476.36
2025Q3,可隆-电商,POLO,503,593,144,984,1205678.15,2082,1240,788.0,157.93,487.94,590.59,685.35,788.0,890.66,985.41,1119.65,551.13,154.02
2025Q3,可隆-电商,短袖T恤,647,732,156,1153,1129936.35,2945,1535,628.32,144.23,354.28,448.03,534.57,628.32,722.08,808.61,931.21,433.09,80.23
2025Q3,可隆-电商,长裤,307,441,149,930,1026892.75,1107,897,1073.29,177.96,735.16,850.84,957.61,1073.29,1188.96,1295.74,1447.0,881.86,193.58
2025Q3,可隆-电商,衬衫,432,207,80,732,765815.99,1293,719,987.88,218.22,573.27,715.11,846.04,987.88,1129.73,1260.66,1446.14,682.3,94.57
2025Q3,可隆-电商,针织夹克,250,453,125,729,1371001.41,1304,828,1518.15,369.97,815.22,1055.69,1277.67,1518.15,1758.63,1980.61,2295.08,1086.58,292.74
2025Q3,可隆-电商,羽绒服,282,198,69,498,1996497.49,880,549,3407.45,1035.38,1440.23,2113.22,2734.45,3407.45,4080.44,4701.67,5581.75,2404.83,338.47
2025Q3,可隆-电商,鞋,489,405,86,866,1984443.29,1195,980,2308.91,548.68,1266.41,1623.06,1952.26,2308.91,2665.55,2994.76,3461.14,1659.18,453.13
2025Q3,可隆-电商,马夹,280,354,96,737,1871155.93,1261,730,1878.89,523.21,884.79,1224.88,1538.8,1878.89,2218.97,2532.9,2977.62,1419.81,265.85
2025Q3,可隆-电商,软壳夹克,176,282,47,510,1521276.91,930,505,2829.97,755.44,1394.63,1885.67,2338.93,2829.97,3321.0,3774.27,4416.39,1623.31,200.24
2025Q3,可隆-电商,配件,242,362,114,568,345782.49,1330,718,411.8,93.88,233.43,294.45,350.78,411.8,472.81,529.14,608.93,248.54,66.58
2025Q3,可隆-电商,抓绒夹克,138,265,66,457,1385625.87,698,469,2144.7,442.38,1304.17,1591.72,1857.15,2144.7,2432.24,2697.67,3073.69,1909.46,364.81
2025Q3,可隆-电商,防风夹克,568,455,113,1046,2151970.81,1781,1136,2099.98,464.68,1217.1,1519.14,1797.94,2099.98,2402.02,2680.83,3075.8,1283.78,184.42
2025Q3,可隆-电商,其他,78,227,19,267,96715.32,446,324,278.42,80.39,125.67,177.92,226.16,278.42,330.67,378.91,447.24,223.02,58.62
2025Q3,可隆-电商,棉服,278,315,46,569,2447271.54,1139,639,3456.65,806.83,1923.67,2448.11,2932.21,3456.65,3981.09,4465.19,5151.0,2113.63,273.04
2025Q3,可隆-电商,连衣裙,56,94,26,141,306091.59,362,176,1321.65,275.24,798.71,977.61,1142.75,1321.65,1500.56,1665.7,1899.65,766.78,157.38
2025Q3,可隆-电商,短裤,167,370,84,545,777156.04,1096,621,883.25,152.77,592.98,692.28,783.95,883.25,982.55,1074.21,1204.07,702.38,188.06
2025Q3,可隆-新疆,防水夹克,147,275,43,377,1186323.59,597,465,3244.67,741.45,1835.91,2317.86,2762.73,3244.67,3726.61,4171.48,4801.72,2119.97,551.76
2025Q3,可隆-新疆,卫衣,177,346,20,341,1069883.64,963,543,1300.69,271.99,783.91,960.7,1123.89,1300.69,1477.48,1640.67,1871.86,1105.88,176.86
2025Q3,可隆-新疆,长袖T恤,195,147,58,314,407991.23,521,400,879.14,200.38,498.43,628.67,748.9,879.14,1009.39,1129.62,1299.94,752.82,95.46
2025Q3,可隆-新疆,三合一夹克,129,141,39,262,1301852.09,474,309,4001.84,1190.23,1740.39,2514.05,3228.18,4001.84,4775.49,5489.63,6501.32,2614.45,612.52
2025Q3,可隆-新疆,POLO,172,165,56,292,474345.13,645,393,1052.64,199.94,672.75,802.72,922.68,1052.64,1182.6,1302.57,1472.52,771.99,160.84
2025Q3,可隆-新疆,短袖T恤,240,195,49,410,491768.37,738,484,871.1,161.62,564.02,669.07,766.05,871.1,976.16,1073.13,1210.51,653.43,132.27
2025Q3,可隆-新疆,长裤,72,153,33,223,428095.72,409,258,1464.38,280.15,932.1,1114.2,1282.28,1464.38,1646.47,1814.56,2052.69,1065.24,215.68
2025Q3,可隆-新疆,衬衫,93,84,24,170,261718.01,279,201,1205.42,312.64,611.4,814.62,1002.2,1205.42,1408.64,1596.23,1861.98,1006.67,122.58
2025Q3,可隆-新疆,针织夹克,94,126,7,181,416400.06,402,227,1609.84,232.73,1167.66,1318.93,1458.57,1609.84,1761.11,1900.74,2098.56,1037.43,239.75
2025Q3,可隆-新疆,羽绒服,60,117,27,221,843122.28,276,204,3431.69,819.62,1874.42,2407.17,2898.94,3431.69,3964.44,4456.22,5152.89,2682.26,404.87
2025Q3,可隆-新疆,鞋,119,139,18,212,589876.2,443,276,2175.24,583.73,1066.16,1445.58,1795.81,2175.24,2554.66,2904.89,3401.06,1272.97,333.69
2025Q3,可隆-新疆,马夹,34,85,15,137,290855.55,190,134,1974.01,313.73,1377.92,1581.84,1770.08,1974.01,2177.93,2366.17,2632.84,1532.22,409.4
2025Q3,可隆-新疆,软壳夹克,51,165,30,268,560269.42,385,246,2258.49,673.0,979.8,1417.25,1821.04,2258.49,2695.94,3099.74,3671.78,1408.17,249.81
2025Q3,可隆-新疆,配件,80,100,19,181,86001.17,318,199,421.69,63.0,301.99,342.94,380.74,421.69,462.64,500.44,553.99,270.14,64.03
2025Q3,可隆-新疆,抓绒夹克,69,85,23,160,368657.11,249,177,1770.34,539.55,745.2,1095.91,1419.64,1770.34,2121.05,2444.78,2903.39,1340.92,261.5
2025Q3,可隆-新疆,防风夹克,103,192,22,314,1118393.86,535,317,2707.07,839.64,1111.76,1657.52,2161.31,2707.07,3252.84,3756.62,4470.32,2108.05,559.46
2025Q3,可隆-新疆,其他,19,21,8,47,11624.98,58,48,301.02,84.88,139.74,194.91,245.84,301.02,356.19,407.12,479.27,235.31,35.79
2025Q3,可隆-新疆,棉服,56,183,16,206,1145462.84,457,255,2897.61,723.17,1523.59,1993.65,2427.55,2897.61,3367.67,3801.58,4416.27,2641.54,534.89
2025Q3,可隆-新疆,连衣裙,22,27,5,44,107021.22,90,54,1717.81,256.74,1230.0,1396.88,1550.93,1717.81,1884.69,2038.73,2256.96,1169.42,280.89
2025Q3,可隆-新疆,短裤,40,121,23,149,129202.25,283,184,762.27,158.48,461.16,564.17,659.26,762.27,865.28,960.37,1095.07,446.43,97.3
2025Q3,可隆-青海,防水夹克,63,109,12,142,983760.03,331,184,3753.7,1160.86,1548.07,2302.63,2999.15,3753.7,4508.26,5204.78,6191.51,2859.25,419.96
2025Q3,可隆-青海,卫衣,73,62,35,144,231129.37,264,170,1221.39,238.27,768.68,923.55,1066.52,1221.39,1376.27,1519.23,1721.76,864.83,240.4
2025Q3,可隆-青海,长袖T恤,127,76,27,193,251026.38,368,230,916.17,255.75,430.23,596.47,749.93,916.17,1082.41,1235.86,1453.25,742.46,132.47
2025Q3,可隆-青海,三合一夹克,63,49,20,124,477623.23,185,132,3919.51,950.67,2113.25,2731.18,3301.58,3919.51,4537.45,5107.85,5915.91,2465.07,417.28
2025Q3,可隆-青海,POLO,55,62,20,160,150981.52,221,137,942.47,211.62,540.39,677.94,804.92,942.47,1080.02,1206.99,1386.87,675.55,161.13
2025Q3,可隆-青海,短袖T恤,39,96,11,145,86080.01,184,146,796.17,170.41,472.39,583.16,685.4,796.17,906.93,1009.18,1154.03,515.89,101.43
2025Q3,可隆-青海,长裤,102,143,16,212,434777.03,409,261,1321.01,385.24,589.06,839.46,1070.6,1321.01,1571.41,1802.56,2130.01,1117.53,295.84
2025Q3,可隆-青海,衬衫,31,58,9,90,87997.42,115,98,1134.32,230.53,696.31,846.15,984.47,1134.32,1284.16,1422.48,1618.44,827.14,164.65
2025Q3,可隆-青海,针织夹克,27,45,14,71,162064.82,131,86,1556.3,218.81,1140.56,1282.79,1414.07,1556.3,1698.53,1829.81,2015.8,1154.66,263.33
2025Q3,可隆-青海,羽绒服,31,108,28,155,776482.95,276,167,4139.18,1234.54,1793.54,2596.0,3336.72,4139.18,4941.63,5682.36,6731.72,2878.91,452.58
2025Q3,可隆-青海,鞋,75,88,37,181,466626.13,311,200,2386.96,678.2,1098.38,1539.21,1946.13,2386.96,2827.8,3234.72,3811.19,1508.14,395.57
2025Q3,可隆-青海,马夹,40,30,15,62,152745.02,120,85,1800.94,370.27,1097.42,1338.09,1560.26,1800.94,2041.62,2263.78,2578.51,1228.73,294.74
2025Q3,可隆-青海,软壳夹克,89,163,23,216,720514.72,471,275,2487.29,646.85,1258.27,1678.72,2066.83,2487.29,2907.74,3295.85,3845.67,1752.27,485.84
2025Q3,可隆-青海,配件,26,47,15,89,65562.77,164,88,529.16,131.43,279.45,364.88,443.74,529.16,614.59,693.45,805.16,376.37,97.56
2025Q3,可隆-青海,抓绒夹克,33,32,9,66,102875.96,96,74,1680.52,536.75,660.68,1009.57,1331.63,1680.52,2029.41,2351.46,2807.7,1123.44,160.22
2025Q3,可隆-青海,防风夹克,51,77,7,111,389411.87,216,135,2350.02,474.84,1447.83,1756.48,2041.38,2350.02,2658.67,2943.57,3347.18,1722.38,244.07
2025Q3,可隆-青海,其他,5,7,1,11,5604.78,22,13,322.1,61.78,204.72,244.87,281.94,322.1,362.26,399.33,451.84,259.91,69.67
2025Q3,可隆-青海,棉服,42,54,12,80,374856.27,185,108,2812.34,493.48,1874.72,2195.48,2491.57,2812.34,3133.1,3429.2,3848.66,1933.66,514.37
2025Q3,可隆-青海,连衣裙,19,16,4,34,77266.12,64,39,1442.09,366.82,745.12,983.56,1203.65,1442.09,1680.52,1900.61,2212.41,1234.31,268.03
2025Q3,可隆-青海,短裤,21,26,5,45,39377.66,68,52,792.63,205.73,401.74,535.47,658.91,792.63,926.35,1049.79,1224.66,572.26,136.25
2025Q3,可隆-线下山,防水夹克,214,303,69,508,1565300.27,811,586,2754.46,563.41,1683.98,2050.2,2388.25,2754.46,3120.68,3458.73,3937.63,2031.06,364.54
2025Q3,可隆-线下山,卫衣,173,232,55,412,597264.69,676,460,1174.84,185.79,821.84,942.6,1054.08,1174.84,1295.6,1407.07,1564.99,956.94,202.39
2025Q3,可隆-线下山,长袖T恤,218,176,53,463,401050.06,594,447,875.8,148.2,594.22,690.55,779.47,875.8,972.14,1061.06,1187.03,683.88,183.77
2025Q3,可隆-线下山,三合一夹克,107,177,25,241,1469292.33,544,309,3800.19,913.05,2065.39,2658.88,3206.71,3800.19,4393.68,4941.51,5717.61,2613.74,326.54
2025Q3,可隆-线下山,POLO,98,183,66,315,468527.3,574,347,881.11,180.5,538.17,655.49,763.79,881.11,998.44,1106.73,1260.16,743.82,165.38
2025Q3,可隆-线下山,短袖T恤,176,269,70,563,369920.61,717,515,780.86,123.75,545.75,626.18,700.43,780.86,861.3,935.55,1040.73,525.4,99.5
2025Q3,可隆-线下山,长裤,180,144,33,283,488545.79,603,357,1230.31,290.78,677.83,866.84,1041.3,1230.31,1419.32,1593.79,1840.96,829.16,138.9
2025Q3,可隆-线下山,衬衫,106,183,38,253,468902.23,544,327,1038.49,295.44,477.16,669.19,846.46,1038.49,1230.53,1407.79,1658.91,834.19,173.37
2025Q3,可隆-线下山,针织夹克,114,128,15,255,484174.68,434,257,1296.74,333.15,663.76,880.3,1080.2,1296.74,1513.29,1713.18,1996.36,1017.16,150.09
2025Q3,可隆-线下山,羽绒服,184,164,49,326,1419839.54,552,397,3365.53,1075.62,1321.85,2021.0,2666.38,3365.53,4064.68,4710.06,5624.33,2667.13,545.09
2025Q3,可隆-线下山,鞋,176,133,70,326,1050184.25,637,379,2223.88,587.35,1107.93,1489.7,1842.11,2223.88,2605.66,2958.07,3457.31,1664.19,309.08
2025Q3,可隆-线下山,马夹,56,200,43,250,497940.02,486,299,1697.74,304.96,1118.31,1316.53,1499.51,1697.74,1895.96,2078.94,2338.16,994.45,120.45
2025Q3,可隆-线下山,软壳夹克,205,312,79,451,1456167.14,886,596,2877.46,435.31,2050.37,2333.32,2594.51,2877.46,3160.41,3421.6,3791.61,1695.5,333.74
2025Q3,可隆-线下山,配件,85,145,56,253,139278.92,481,286,407.36,73.25,268.19,315.8,359.75,407.36,454.97,498.92,561.18,297.93,65.27
2025Q3,可隆-线下山,抓绒夹克,99,70,40,201,372099.93,248,209,1655.18,373.57,945.39,1188.21,1412.36,1655.18,1898.0,2122.14,2439.68,1524.94,390.02
2025Q3,可隆-线下山,防风夹克,132,149,72,271,620464.84,402,353,2544.01,385.28,1811.98,2062.41,2293.58,2544.01,2794.45,3025.62,3353.11,1597.9,374.72
2025Q3,可隆-线下山,其他,55,62,18,101,39072.11,167,135,349.34,75.19,206.47,255.35,300.46,349.34,398.21,443.33,507.25,230.96,64.09
2025Q3,可隆-线下山,棉服,108,132,31,240,1452470.1,503,271,3472.32,1088.69,1403.82,2111.46,2764.68,3472.32,4179.97,4833.18,5758.56,2848.11,588.48
2025Q3,可隆-线下山,连衣裙,40,43,7,71,170752.36,168,90,1367.35,228.25,933.68,1082.04,1218.99,1367.35,1515.71,1652.66,1846.67,1059.38,143.17
2025Q3,可隆-线下山,短裤,80,115,31,177,221228.61,405,226,771.88,214.57,364.2,503.67,632.41,771.88,911.36,1040.1,1222.49,577.98,139.0
2025Q4,可隆-东北,防水夹克,395,430,106,795,4343780.47,1671,931,3076.83,612.46,1913.16,2311.26,2678.73,3076.83,3474.93,3842.4,4362.99,2424.59,589.85
2025Q4,可隆-东北,卫衣,216,414,38,536,824140.95,1135,668,1212.68,355.61,537.03,768.17,981.54,1212.68,1443.82,1657.19,1959.45,739.62,161.87
2025Q4,可隆-东北,长袖T恤,480,165,99,877,654192.6,989,744,924.75,276.28,399.82,579.4,745.17,924.75,1104.33,1270.1,1504.93,667.21,128.45
2025Q4,可隆-东北,三合一夹克,338,219,130,495,2801513.0,934,687,4192.37,873.89,2531.98,3100.01,3624.34,4192.37,4760.4,5284.74,6027.55,2913.25,770.34
2025Q4,可隆-东北,POLO,401,504,129,856,1432084.68,1743,1034,1040.15,323.77,424.98,635.43,829.7,1040.15,1250.6,1444.87,1720.07,878.06,158.78
2025Q4,可隆-东北,短袖T恤,365,321,142,776,758580.9,1563,828,662.08,177.03,325.73,440.79,547.01,662.08,777.14,883.36,1033.83,507.96,71.63
2025Q4,可隆-东北,长裤,133,619,127,698,1112051.03,1334,879,1320.88,330.22,693.47,908.11,1106.24,1320.88,1535.53,1733.66,2014.35,911.63,191.87
2025Q4,可隆-东北,衬衫,287,293,91,533,844118.49,1136,671,1022.27,183.46,673.69,792.94,903.02,1022.27,1141.52,1251.6,1407.54,754.23,173.24
2025Q4,可隆-东北,针织夹克,114,415,65,537,668315.99,1059,594,1260.73,203.73,873.64,1006.07,1128.3,1260.73,1393.15,1515.39,1688.55,606.2,94.6
2025Q4,可隆-东北,羽绒服,341,285,52,582,2171039.29,1120,678,3137.45,800.26,1616.94,2137.12,2617.28,3137.45,3657.62,4137.78,4818.0,2117.44,368.36
2025Q4,可隆-东北,鞋,387,354,158,609,2008634.37,1431,899,2137.32,462.04,1259.43,1559.76,1836.99,2137.32,2437.65,2714.88,3107.61,1474.81,273.75
2025Q4,可隆-东北,马夹,137,266,45,370,740626.93,683,448,1571.63,325.44,953.28,1164.82,1360.09,1571.63,1783.16,1978.43,2255.06,1129.66,246.37
2025Q4,可隆-东北,软壳夹克,152,144,47,364,1069645.84,592,343,2300.51,612.16,1137.4,1535.3,1902.6,2300.51,2698.41,3065.71,3586.05,1867.16,357.76
2025Q4,可隆-东北,配件,109,203,33,318,200656.98,583,345,422.19,122.74,188.99,268.77,342.41,422.19,501.97,575.61,679.93,337.9,77.0
2025Q4,可隆-东北,抓绒夹克,164,232,101,402,1131522.85,864,497,1849.42,561.96,781.69,1146.97,1484.14,1849.42,2214.69,2551.87,3029.53,1269.43,160.71
2025Q4,可隆-东北,防风夹克,203,253,76,462,1454579.4,805,532,2405.91,570.49,1321.99,1692.8,2035.09,2405.91,2776.72,3119.02,3603.93,1677.02,312.13
2025Q4,可隆-东北,其他,35,52,9,90,30453.22,167,96,302.15,67.76,173.41,217.45,258.11,302.15,346.2,386.85,444.45,176.88,37.39
2025Q4,可隆-东北,棉服,163,207,50,372,1718531.98,669,420,2921.37,794.42,1411.97,1928.34,2405.0,2921.37,3437.75,3914.4,4589.66,2540.36,376.67
2025Q4,可隆-东北,连衣裙,53,65,10,98,133519.04,160,128,1386.11,222.57,963.23,1107.9,1241.44,1386.11,1530.78,1664.32,1853.5,817.34,186.07
2025Q4,可隆-东北,短裤,143,147,49,287,268397.59,528,339,830.13,219.28,413.5,556.03,687.6,830.13,972.65,1104.22,1290.6,537.21,122.38
2025Q4,可隆-华东,防水夹克,796,623,161,1482,5788515.11,2347,1580,3211.22,514.56,2233.56,2568.02,2876.76,3211.22,3545.69,3854.42,4291.8,2469.85,503.71
2025Q4,可隆-华东,卫衣,456,560,194,1079,1616520.7,1720,1210,1297.78,202.86,912.34,1044.2,1165.92,1297.78,1429.64,1551.35,1723.78,928.45,149.66
2025Q4,可隆-华东,长袖T恤,363,539,175,977,1194372.31,1658,1077,923.24,130.26,675.75,760.41,838.57,923.24,1007.91,1086.06,1196.79,685.62,189.25
2025Q4,可隆-华东,三合一夹克,345,401,95,583,3673921.22,1245,841,4101.64,1143.95,1928.15,2671.71,3358.08,4101.64,4845.21,5531.58,6503.93,2990.83,412.92
2025Q4,可隆-华东,POLO,385,483,108,904,1164099.09,1532,976,980.67,259.7,487.24,656.04,811.86,980.67,1149.48,1305.3,1526.04,798.13,115.75
2025Q4,可隆-华东,短袖T恤,347,662,168,1159,926700.08,1912,1177,778.86,195.71,407.01,534.22,651.65,778.86,906.07,1023.49,1189.85,540.49,126.11
2025Q4,可隆-华东,长裤,386,621,194,1095,1447617.11,1681,1201,1422.31,209.57,1024.12,1160.34,1286.09,1422.31,1558.53,1684.28,1862.42,879.33,225.27
2025Q4,可隆-华东,衬衫,132,214,54,460,506414.22,729,400,1001.05,299.99,431.07,626.06,806.06,1001.05,1196.04,1376.04,1631.03,685.73,135.65
2025Q4,可隆-华东,针织夹克,137,592,59,743,1092052.39,1072,788,1609.15,344.46,954.68,1178.58,1385.25,1609.15,1833.05,2039.73,2332.52,945.11,126.23
2025Q4,可隆-华东,羽绒服,186,280,47,434,2031049.97,749,513,3909.68,683.52,2611.0,3055.28,3465.39,3909.68,4353.97,4764.08,5345.07,2770.4,727.7
2025Q4,可隆-华东,鞋,502,446,115,920,2205096.53,1827,1063,1714.77,350.22,1049.36,1277.0,1487.13,1714.77,1942.41,2152.54,2450.23,1220.67,257.64
2025Q4,可隆-华东,马夹,189,340,60,557,1512901.86,1058,589,1543.37,331.72,913.1,1128.72,1327.75,1543.37,1758.98,1958.02,2239.98,1331.85,309.28
2025Q4,可隆-华东,软壳夹克,758,488,234,1016,2747124.25,1832,1480,2644.77,426.5,1834.43,2111.65,2367.55,2644.77,2922.0,3177.9,3540.42,1539.45,349.54
2025Q4,可隆-华东,配件,359,376,118,792,239510.29,1201,853,399.24,103.88,201.86,269.39,331.72,399.24,466.77,529.1,617.4,200.25,49.87
2025Q4,可隆-华东,抓绒夹克,208,208,76,501,1016479.95,684,492,1815.2,404.86,1045.96,1309.12,1552.04,1815.2,2078.36,2321.28,2665.42,1392.48,355.56
2025Q4,可隆-华东,防风夹克,600,486,99,798,3647473.62,1945,1185,2517.08,395.83,1764.99,2022.28,2259.78,2517.08,2774.37,3011.87,3348.33,2011.63,324.32
2025Q4,可隆-华东,其他,162,110,24,217,90184.7,443,296,292.45,56.55,185.0,221.76,255.69,292.45,329.21,363.14,411.21,206.73,31.41
2025Q4,可隆-华东,棉服,132,186,51,387,1682072.08,615,369,3208.12,1019.61,1270.86,1933.61,2545.37,3208.12,3870.86,4482.62,5349.29,2689.67,499.13
2025Q4,可隆-华东,连衣裙,75,129,27,190,519479.77,441,231,1465.46,274.54,943.84,1122.29,1287.01,1465.46,1643.91,1808.63,2041.99,1159.62,251.85
2025Q4,可隆-华东,短裤,151,181,46,403,426762.47,679,378,881.18,163.02,571.44,677.4,775.22,881.18,987.15,1084.96,1223.53,636.84,133.65
2025Q4,可隆-华北,防水夹克,455,799,138,1212,3911313.99,1898,1392,3296.0,1051.88,1297.43,1981.15,2612.28,3296.0,3979.72,4610.85,5504.95,2164.02,557.32
2025Q4,可隆-华北,卫衣,431,376,155,844,1580521.98,1546,962,1171.69,288.1,624.29,811.55,984.42,1171.69,1358.95,1531.82,1776.71,961.31,167.44
2025Q4,可隆-华北,长袖T恤,538,611,291,1327,1567845.36,1858,1440,1064.25,327.22,442.54,655.23,851.56,1064.25,1276.94,1473.27,1751.41,822.49,224.94
2025Q4,可隆-华北,三合一夹克,157,199,46,458,2423766.74,759,402,4041.35,1049.33,2047.63,2729.69,3359.29,4041.35,4723.41,5353.01,6244.93,3310.16,628.63
2025Q4,可隆-华北,POLO,411,574,161,921,1009687.14,1742,1146,881.77,242.98,420.12,578.05,723.84,881.77,1039.7,1185.49,1392.02,590.82,135.43
2025Q4,可隆-华北,短袖T恤,429,670,264,1197,1149093.33,2296,1363,695.77,102.44,501.13,567.72,629.19,695.77,762.36,823.83,910.9,475.78,86.26
2025Q4,可隆-华北,长裤,386,845,63,1013,2849598.99,2747,1294,1405.75,350.51,739.79,967.62,1177.92,1405.75,1633.58,1843.89,2141.82,1085.32,179.03
2025Q4,可隆-华北,衬衫,345,342,117,652,1158325.93,1336,804,1128.06,211.47,726.26,863.71,990.6,1128.06,1265.51,1392.4,1572.15,899.67,141.8
2025Q4,可隆-华北,针织夹克,223,305,102,497,951022.17,813,630,1545.26,216.8,1133.34,1274.26,1404.34,1545.26,1686.18,1816.25,2000.53,1129.56,303.32
2025Q4,可隆-华北,羽绒服,201,353,97,429,2491082.03,1057,651,3375.53,773.42,1906.03,2408.76,2872.81,3375.53,3878.25,4342.31,4999.71,2466.95,642.94
2025Q4,可隆-华北,鞋,292,370,132,860,2025852.15,1235,794,2306.84,385.85,1573.72,1824.52,2056.03,2306.84,2557.64,2789.15,3117.13,1611.4,374.96
2025Q4,可隆-华北,马夹,179,188,68,453,789705.19,609,435,1663.12,298.46,1096.05,1290.05,1469.12,1663.12,1857.12,2036.19,2289.88,1270.44,334.58
2025Q4,可隆-华北,软壳夹克,323,466,37,756,1656681.04,893,826,2676.87,597.72,1541.2,1929.72,2288.35,2676.87,3065.39,3424.03,3932.09,1867.54,320.44
2025Q4,可隆-华北,配件,183,411,97,667,314600.87,839,691,466.36,145.41,190.07,284.59,371.84,466.36,560.87,648.12,771.72,385.37,55.3
2025Q4,可隆-华北,抓绒夹克,179,289,75,377,1022195.77,803,543,1856.53,427.31,1044.65,1322.4,1578.78,1856.53,2134.29,2390.67,2753.89,1389.12,264.61
2025Q4,可隆-华北,防风夹克,663,482,179,1003,4084065.05,2013,1324,2641.78,815.12,1093.06,1622.89,2111.96,2641.78,3171.61,3660.68,4353.52,1923.29,437.42
2025Q4,可隆-华北,其他,66,96,29,150,63845.25,302,191,291.57,87.6,125.13,182.07,234.63,291.57,348.51,401.07,475.53,214.39,33.36
2025Q4,可隆-华北,棉服,183,198,55,446,1002714.01,566,436,2878.83,897.74,1173.13,1756.66,2295.3,2878.83,3462.36,4001.0,4764.08,1623.04,268.85
2025Q4,可隆-华北,连衣裙,70,91,28,177,321467.17,295,189,1630.74,296.77,1066.89,1259.79,1437.85,1630.74,1823.64,2001.7,2253.95,1061.7,230.32
2025Q4,可隆-华北,短裤,146,199,45,385,327840.61,522,390,858.48,244.76,393.43,552.53,699.38,858.48,1017.57,1164.42,1372.47,657.13,97.95
2025Q4,可隆-华南,防水夹克,350,764,150,1052,4742314.71,1944,1264,3029.36,609.0,1872.27,2268.12,2633.51,3029.36,3425.21,3790.61,4308.25,2294.31,517.86
2025Q4,可隆-华南,卫衣,550,719,94,1258,1705341.34,1906,1363,1241.08,223.45,816.53,961.77,1095.84,1241.08,1386.32,1520.39,1710.32,924.13,130.54
2025Q4,可隆-华南,长袖T恤,213,478,64,774,718139.04,1141,755,828.32,216.81,416.38,557.31,687.39,828.32,969.24,1099.33,1283.62,648.34,165.46
2025Q4,可隆-华南,三合一夹克,280,215,124,600,3747214.57,1064,619,4350.49,1251.9,1971.88,2785.61,3536.75,4350.49,5164.22,5915.37,6979.48,3502.42,840.11
2025Q4,可隆-华南,POLO,225,368,79,581,513347.72,942,672,892.61,209.37,494.8,630.89,756.51,892.61,1028.7,1154.32,1332.28,595.88,83.68
2025Q4,可隆-华南,短袖T恤,522,550,254,1049,1333026.61,2251,1326,784.95,181.77,439.58,557.73,666.8,784.95,903.1,1012.16,1166.66,598.8,142.41
2025Q4,可隆-华南,长裤,301,638,163,866,1626605.5,1742,1102,1121.78,185.29,769.73,890.17,1001.34,1121.78,1242.22,1353.39,1510.89,923.15,198.98
2025Q4,可隆-华南,衬衫,145,192,37,275,431505.13,598,374,1014.4,214.08,607.64,746.8,875.25,1014.4,1153.55,1282.0,1463.97,822.74,109.32
2025Q4,可隆-华南,针织夹克,217,290,94,412,942705.91,718,601,1508.24,310.97,917.39,1119.53,1306.11,1508.24,1710.38,1896.96,2161.29,1351.68,330.52
2025Q4,可隆-华南,羽绒服,366,390,89,814,2696314.76,1532,845,3349.04,647.0,2119.75,2540.29,2928.49,3349.04,3769.59,4157.78,4707.73,1897.92,408.84
2025Q4,可隆-华南,鞋,293,190,101,494,867660.54,607,584,1965.56,532.9,953.04,1299.43,1619.17,1965.56,2311.94,2631.68,3084.65,1315.58,228.44
2025Q4,可隆-华南,马夹,110,254,49,398,1238915.14,862,413,1743.09,515.36,763.9,1098.88,1408.1,1743.09,2078.07,2387.29,2825.35,1524.15,222.74
2025Q4,可隆-华南,软壳夹克,465,576,146,934,3278156.0,1939,1187,2559.54,650.67,1323.27,1746.2,2136.6,2559.54,2982.48,3372.88,3925.95,1704.77,384.05
2025Q4,可隆-华南,配件,191,467,56,564,267214.67,785,714,465.25,73.31,325.95,373.61,417.59,465.25,512.9,556.89,619.21,314.18,39.06
2025Q4,可隆-华南,抓绒夹克,273,173,92,418,1039190.61,957,538,1533.61,442.73,692.42,980.2,1245.83,1533.61,1821.38,2087.02,2463.34,1129.39,273.65
2025Q4,可隆-华南,防风夹克,236,343,64,660,1804077.75,1215,643,2433.66,667.35,1165.69,1599.47,1999.88,2433.66,2867.44,3267.85,3835.09,1471.45,286.9
2025Q4,可隆-华南,其他,54,92,13,152,40786.73,225,159,260.36,57.04,151.98,189.06,223.28,260.36,297.43,331.66,380.14,178.21,47.19
2025Q4,可隆-华南,棉服,435,294,97,649,2200474.25,1253,826,2772.66,504.27,1814.55,2142.33,2444.89,2772.66,3100.44,3403.0,3831.63,1748.59,370.5
2025Q4,可隆-华南,连衣裙,52,77,19,125,266865.11,245,148,1756.09,488.52,827.9,1145.44,1438.55,1756.09,2073.63,2366.74,2781.99,1142.09,198.05
2025Q4,可隆-华南,短裤,147,174,41,285,366946.48,607,362,823.58,124.92,586.24,667.43,742.38,823.58,904.78,979.73,1085.91,625.1,145.56
2025Q4,可隆-华西,防水夹克,424,658,139,969,4066968.1,1882,1221,2854.5,551.84,1806.0,2164.7,2495.8,2854.5,3213.2,3544.31,4013.38,2272.66,359.67
2025Q4,可隆-华西,卫衣,297,463,33,663,810802.99,1054,793,1209.15,237.8,757.33,911.9,1054.58,1209.15,1363.72,1506.41,1708.54,830.76,110.62
2025Q4,可隆-华西,长袖T恤,417,322,194,865,822637.05,1345,933,910.92,230.74,472.51,622.49,760.94,910.92,1060.91,1199.36,1395.49,629.98,129.3
2025Q4,可隆-华西,三合一夹克,88,157,17,232,1366120.24,429,262,4622.2,1154.24,2429.14,3179.4,3871.95,4622.2,5372.46,6065.01,7046.11,3167.6,554.03
2025Q4,可隆-华西,POLO,214,440,134,644,579755.46,1079,788,849.27,151.15,562.08,660.33,751.02,849.27,947.52,1038.21,1166.7,562.61,154.06
2025Q4,可隆-华西,短袖T恤,399,427,83,750,720777.61,1349,909,801.88,223.51,377.22,522.5,656.6,801.88,947.16,1081.26,1271.24,526.9,72.42
2025Q4,可隆-华西,长裤,352,472,54,816,1113226.57,1220,878,1250.1,291.57,696.12,885.64,1060.58,1250.1,1439.62,1614.57,1862.4,901.62,213.64
2025Q4,可隆-华西,衬衫,158,329,72,454,816407.04,1008,559,1084.74,304.41,506.35,704.22,886.87,1084.74,1282.6,1465.25,1724.0,768.47,151.35
2025Q4,可隆-华西,针织夹克,136,108,13,228,321676.27,444,257,1219.72,381.95,494.01,742.28,971.45,1219.72,1467.99,1697.16,2021.82,772.66,167.63
2025Q4,可隆-华西,羽绒服,226,234,70,477,1638827.11,649,530,4347.62,1344.55,1792.97,2666.93,3473.66,4347.62,5221.58,6028.31,7171.17,2498.66,498.43
2025Q4,可隆-华西,鞋,185,373,54,656,1538695.35,972,612,2340.75,480.58,1427.66,1740.03,2028.38,2340.75,2653.13,2941.48,3349.97,1602.64,439.53
2025Q4,可隆-华西,马夹,97,319,69,409,710792.76,630,485,1721.49,371.2,1016.22,1257.5,1480.22,1721.49,1962.77,2185.49,2501.01,1209.39,298.75
2025Q4,可隆-华西,软壳夹克,328,582,103,783,2467826.52,1213,1013,2653.19,406.48,1880.87,2145.08,2388.97,2653.19,2917.4,3161.29,3506.8,1992.95,538.05
2025Q4,可隆-华西,配件,219,432,53,611,335784.61,987,704,459.72,119.27,233.11,310.63,382.19,459.72,537.25,608.81,710.19,321.25,39.62
2025Q4,可隆-华西,抓绒夹克,181,313,59,452,840213.35,882,553,1596.93,359.26,914.33,1147.85,1363.41,1596.93,1830.45,2046.0,2351.38,953.51,133.79
2025Q4,可隆-华西,防风夹克,200,353,68,545,2336015.02,1049,621,2491.41,375.72,1777.54,2021.76,2247.19,2491.41,2735.63,2961.06,3280.42,2211.26,411.42
2025Q4,可隆-华西,其他,74,59,28,160,55576.55,291,161,298.76,59.31,186.08,224.62,260.21,298.76,337.31,372.89,423.3,192.95,35.48
2025Q4,可隆-华西,棉服,86,196,21,289,906451.52,474,303,2606.07,768.72,1145.5,1645.17,2106.4,2606.07,3105.73,3566.97,4220.38,1787.07,352.21
2025Q4,可隆-华西,连衣裙,40,27,10,66,119079.79,135,77,1594.97,231.85,1154.45,1305.15,1444.26,1594.97,1745.67,1884.78,2081.86,909.94,159.87
2025Q4,可隆-华西,短裤,250,195,60,424,477434.59,782,505,827.32,142.58,556.41,649.09,734.64,827.32,920.0,1005.55,1126.74,669.64,80.49
2025Q4,可隆-安徽,防水夹克,207,283,118,631,2044349.74,922,608,3669.29,683.22,2371.17,2815.26,3225.2,3669.29,4113.39,4523.32,5104.06,2269.05,533.29
2025Q4,可隆-安徽,卫衣,176,315,79,502,784670.69,955,570,1299.76,304.96,720.34,918.57,1101.54,1299.76,1497.98,1680.95,1940.16,781.29,103.37
2025Q4,可隆-安徽,长袖T恤,359,239,82,622,595328.88,984,680,816.0,235.68,368.19,521.39,662.8,816.0,969.19,1110.6,1310.93,640.27,110.97
2025Q4,可隆-安徽,三合一夹克,119,113,7,210,928140.91,382,239,3328.31,1045.61,1341.66,2021.31,2648.67,3328.31,4007.96,4635.32,5524.09,2513.88,326.62
2025Q4,可隆-安徽,POLO,247,376,79,502,661454.06,1145,702,902.05,153.39,610.62,710.32,802.35,902.05,1001.75,1093.79,1224.16,614.24,84.78
2025Q4,可隆-安徽,短袖T恤,180,388,90,601,648667.93,1094,658,743.42,185.74,390.51,511.24,622.69,743.42,864.15,975.6,1133.48,621.22,154.02
2025Q4,可隆-安徽,长裤,99,131,41,321,268424.14,424,271,1168.24,270.86,653.6,829.66,992.18,1168.24,1344.3,1506.82,1737.06,668.72,169.75
2025Q4,可隆-安徽,衬衫,151,200,39,403,522543.19,622,390,1303.83,311.49,712.0,914.47,1101.36,1303.83,1506.3,1693.19,1957.96,865.44,186.56
2025Q4,可隆-安徽,针织夹克,126,205,35,360,665470.41,546,366,1583.09,301.34,1010.54,1206.41,1387.22,1583.09,1778.97,1959.77,2215.92,1145.09,270.22
2025Q4,可隆-安徽,羽绒服,292,331,111,706,1893987.99,938,734,3650.14,668.23,2380.51,2814.86,3215.79,3650.14,4084.49,4485.42,5053.41,2046.5,484.87
2025Q4,可隆-安徽,鞋,211,141,55,461,1214378.09,619,407,2581.21,458.17,1710.69,2008.5,2283.4,2581.21,2879.02,3153.92,3543.37,1794.58,303.09
2025Q4,可隆-安徽,马夹,72,75,30,190,274989.92,279,177,1550.92,432.59,729.01,1010.19,1269.74,1550.92,1832.1,2091.66,2459.36,1074.53,246.17
2025Q4,可隆-安徽,软壳夹克,215,362,60,689,2312264.34,1037,637,2715.15,830.59,1137.03,1676.91,2175.27,2715.15,3255.04,3753.39,4459.39,2159.03,366.1
2025Q4,可隆-安徽,配件,205,221,27,417,213302.44,555,453,432.55,82.32,276.14,329.65,379.05,432.55,486.06,535.46,605.43,367.84,46.25
2025Q4,可隆-安徽,抓绒夹克,164,220,28,309,696623.62,542,412,1643.89,270.83,1129.31,1305.35,1467.85,1643.89,1819.93,1982.42,2212.63,1309.74,186.08
2025Q4,可隆-安徽,防风夹克,217,269,72,481,1329609.43,765,558,2065.19,485.16,1143.38,1458.74,1749.84,2065.19,2380.55,2671.64,3084.03,1651.84,260.24
2025Q4,可隆-安徽,其他,15,55,9,89,27318.84,125,79,335.21,60.46,220.33,259.64,295.91,335.21,374.52,410.79,462.19,224.83,45.89
2025Q4,可隆-安徽,棉服,162,232,34,335,2030934.73,895,428,3210.55,964.63,1377.76,2004.77,2583.55,3210.55,3837.56,4416.34,5236.27,2283.19,469.23
2025Q4,可隆-安徽,连衣裙,58,59,9,105,235693.46,223,126,1452.73,440.85,615.11,901.66,1166.17,1452.73,1739.28,2003.79,2378.51,1021.38,134.45
2025Q4,可隆-安徽,短裤,118,138,31,289,229214.85,356,287,863.95,196.64,490.34,618.15,736.14,863.95,991.77,1109.75,1276.89,629.52,152.28
2025Q4,可隆-山西,防水夹克,369,278,118,731,2092519.53,1263,765,2984.9,513.57,2009.1,2342.93,2651.07,2984.9,3318.72,3626.86,4063.4,1525.17,260.69
2025Q4,可隆-山西,卫衣,157,291,49,419,673455.6,788,497,1253.75,253.64,771.83,936.7,1088.88,1253.75,1418.62,1570.81,1786.4,852.92,113.13
2025Q4,可隆-山西,长袖T恤,179,331,59,383,648946.84,969,569,830.86,254.24,347.81,513.07,665.61,830.86,996.11,1148.65,1364.75,652.87,117.43
2025Q4,可隆-山西,三合一夹克,64,82,21,179,749116.77,307,167,4030.84,863.69,2389.83,2951.23,3469.44,4030.84,4592.24,5110.46,5844.6,2503.24,482.43
2025Q4,可隆-山西,POLO,270,295,25,547,683354.69,862,590,964.82,300.02,394.77,589.79,769.8,964.82,1159.83,1339.85,1594.87,826.37,102.68
2025Q4,可隆-山西,短袖T恤,328,501,95,806,979171.98,1671,924,770.83,153.09,479.95,579.46,671.32,770.83,870.34,962.19,1092.32,567.9,97.06
2025Q4,可隆-山西,长裤,294,216,81,474,634910.32,675,591,1435.87,365.18,742.02,979.39,1198.5,1435.87,1673.24,1892.35,2202.75,1013.43,136.73
2025Q4,可隆-山西,衬衫,200,184,20,353,452888.55,613,404,903.03,139.19,638.57,729.04,812.56,903.03,993.51,1077.02,1195.33,716.39,119.53
2025Q4,可隆-山西,针织夹克,106,102,43,231,430227.6,432,251,1142.68,334.53,507.09,724.53,925.24,1142.68,1360.13,1560.84,1845.19,957.58,252.91
2025Q4,可隆-山西,羽绒服,91,143,40,242,1352871.56,494,274,3620.65,1099.72,1531.18,2246.0,2905.83,3620.65,4335.47,4995.3,5930.06,2596.02,312.53
2025Q4,可隆-山西,鞋,170,208,75,429,735279.11,627,453,1989.79,475.1,1087.09,1395.91,1680.97,1989.79,2298.6,2583.67,2987.5,1091.7,192.88
2025Q4,可隆-山西,马夹,73,55,17,119,265327.78,184,145,2139.12,585.18,1027.28,1407.64,1758.75,2139.12,2519.49,2870.59,3368.0,1519.36,303.26
2025Q4,可隆-山西,软壳夹克,159,317,55,459,1730258.19,839,531,2703.98,757.7,1264.34,1756.85,2211.47,2703.98,3196.49,3651.11,4295.16,1997.65,555.62
2025Q4,可隆-山西,配件,144,123,28,310,118683.34,359,295,431.49,63.85,310.18,351.68,389.99,431.49,472.99,511.3,565.57,350.78,65.13
2025Q4,可隆-山西,抓绒夹克,109,196,23,275,669062.34,551,328,1775.24,423.54,970.51,1245.81,1499.93,1775.24,2050.54,2304.67,2664.68,1281.94,289.78
2025Q4,可隆-山西,防风夹克,131,187,50,323,657094.39,426,368,2261.68,570.4,1177.92,1548.68,1890.92,2261.68,2632.45,2974.69,3459.53,1500.51,393.99
2025Q4,可隆-山西,其他,36,51,12,79,45841.91,178,99,337.56,61.17,221.34,261.1,297.8,337.56,377.32,414.02,466.01,257.55,63.4
2025Q4,可隆-山西,棉服,145,243,14,303,1217087.91,677,402,2281.43,363.91,1590.01,1826.55,2044.89,2281.43,2517.97,2736.31,3045.63,1825.46,259.32
2025Q4,可隆-山西,连衣裙,22,30,5,58,125281.57,98,57,1552.86,411.86,770.33,1038.04,1285.15,1552.86,1820.57,2067.68,2417.76,1304.1,249.84
2025Q4,可隆-山西,短裤,86,123,34,215,197354.28,353,243,716.48,122.7,483.36,563.11,636.73,716.48,796.24,869.85,974.14,569.57,150.8
2025Q4,可隆-西北,防水夹克,302,446,89,841,2647249.12,1207,837,3298.26,956.51,1480.89,2102.62,2676.52,3298.26,3919.99,4493.89,5306.93,2159.16,529.54
2025Q4,可隆-西北,卫衣,153,259,28,329,490831.24,689,440,1121.33,347.53,461.01,686.91,895.43,1121.33,1347.22,1555.74,1851.15,757.13,180.05
2025Q4,可隆-西北,长袖T恤,210,193,50,341,349461.66,536,453,918.26,150.42,632.46,730.23,820.48,918.26,1016.03,1106.28,1234.14,631.18,113.73
2025Q4,可隆-西北,三合一夹克,194,147,44,303,1935081.1,645,385,4535.97,1168.44,2315.94,3075.42,3776.49,4535.97,5295.45,5996.51,6989.69,2897.67,498.75
2025Q4,可隆-西北,POLO,260,153,48,420,503818.33,756,461,932.3,200.46,551.42,681.72,802.0,932.3,1062.59,1182.87,1353.26,681.73,164.04
2025Q4,可隆-西北,短袖T恤,401,529,116,808,790987.89,1330,1046,875.71,134.58,620.01,707.49,788.24,875.71,963.19,1043.94,1158.33,561.26,149.88
2025Q4,可隆-西北,长裤,177,230,69,471,567573.51,727,476,1311.92,279.37,781.12,962.71,1130.33,1311.92,1493.51,1661.13,1898.59,823.75,116.59
2025Q4,可隆-西北,衬衫,126,168,31,244,356828.43,497,325,1208.66,235.23,761.73,914.62,1055.76,1208.66,1361.55,1502.69,1702.63,706.56,156.28
2025Q4,可隆-西北,针织夹克,86,113,35,239,407412.95,395,234,1491.55,377.54,774.22,1019.62,1246.15,1491.55,1736.95,1963.47,2284.38,1042.79,186.4
2025Q4,可隆-西北,羽绒服,132,257,45,438,1273350.06,509,434,3223.47,569.24,2141.92,2511.92,2853.46,3223.47,3593.47,3935.01,4418.86,2351.86,313.6
2025Q4,可隆-西北,鞋,112,244,11,326,799916.09,628,367,2150.03,602.83,1004.65,1396.49,1758.19,2150.03,2541.87,2903.57,3415.97,1329.95,176.13
2025Q4,可隆-西北,马夹,111,116,30,217,398189.17,350,257,1782.72,254.64,1298.91,1464.43,1617.21,1782.72,1948.23,2101.01,2317.45,1104.46,285.39
2025Q4,可隆-西北,软壳夹克,306,304,59,550,1841624.33,1009,669,2104.43,586.01,991.0,1371.91,1723.52,2104.43,2485.34,2836.95,3335.06,1843.98,488.61
2025Q4,可隆-西北,配件,167,224,33,306,218127.21,728,424,439.54,126.68,198.84,281.19,357.19,439.54,521.88,597.89,705.57,311.48,38.76
2025Q4,可隆-西北,抓绒夹克,80,177,16,237,617817.47,410,273,1881.4,477.78,973.62,1284.18,1570.84,1881.4,2191.96,2478.63,2884.74,1503.95,405.76
2025Q4,可隆-西北,防风夹克,262,334,101,530,2102686.63,1002,697,2221.17,467.19,1333.51,1637.19,1917.5,2221.17,2524.84,2805.16,3202.26,2037.92,279.94
2025Q4,可隆-西北,其他,44,53,11,94,32234.47,161,108,279.7,78.99,129.61,180.96,228.35,279.7,331.04,378.44,445.58,206.82,35.56
2025Q4,可隆-西北,棉服,110,109,37,175,935014.38,398,256,2947.85,611.62,1785.78,2183.33,2550.3,2947.85,3345.4,3712.37,4232.24,2235.31,478.8
2025Q4,可隆-西北,连衣裙,49,57,14,95,144216.19,184,120,1325.96,306.91,742.83,942.32,1126.47,1325.96,1525.45,1709.6,1970.47,795.45,174.28
2025Q4,可隆-西北,短裤,115,153,31,242,232322.01,480,299,772.89,218.25,358.21,500.07,631.03,772.89,914.76,1045.71,1231.22,493.94,100.07
2025Q4,可隆-电商,防水夹克,689,976,361,1544,6347157.15,3047,2026,2922.32,411.76,2139.99,2407.63,2654.68,2922.32,3189.96,3437.01,3787.01,2097.11,512.43
2025Q4,可隆-电商,卫衣,335,448,93,787,1165575.84,1374,876,1192.51,285.11,650.8,836.12,1007.19,1192.51,1377.83,1548.9,1791.24,865.5,148.03
2025Q4,可隆-电商,长袖T恤,256,495,77,854,797211.59,1003,828,940.78,178.79,601.08,717.3,824.57,940.78,1056.99,1164.27,1316.23,773.26,120.69
2025Q4,可隆-电商,三合一夹克,187,469,86,715,2351804.33,812,742,4759.64,1430.61,2041.49,2971.38,3829.75,4759.64,5689.54,6547.9,7763.92,2948.77,684.68
2025Q4,可隆-电商,POLO,411,697,173,1072,978351.44,1633,1281,1000.8,249.67,526.42,688.71,838.51,1000.8,1163.09,1312.89,1525.11,636.19,77.93
2025Q4,可隆-电商,短袖T恤,442,490,146,1135,954115.14,1831,1078,779.5,205.46,389.13,522.68,645.95,779.5,913.04,1036.31,1210.95,524.65,128.23
2025Q4,可隆-电商,长裤,939,707,235,1682,2744386.08,2846,1881,1277.02,255.83,790.94,957.23,1110.73,1277.02,1443.31,1596.81,1814.26,932.25,197.86
2025Q4,可隆-电商,衬衫,407,440,110,782,1514020.16,1732,957,1094.24,332.39,462.7,678.75,878.18,1094.24,1310.29,1509.73,1792.26,789.92,204.96
2025Q4,可隆-电商,针织夹克,293,351,67,714,1011996.88,1136,711,1442.16,366.26,746.27,984.33,1204.09,1442.16,1680.23,1899.98,2211.3,894.8,107.98
2025Q4,可隆-电商,羽绒服,257,738,81,995,6158223.97,1953,1076,4367.16,992.21,2481.96,3126.9,3722.22,4367.16,5012.1,5607.42,6450.8,3146.05,528.41
2025Q4,可隆-电商,鞋,552,722,96,960,4596872.96,2540,1370,2258.28,435.94,1430.0,1713.36,1974.92,2258.28,2541.64,2803.21,3173.75,1805.18,315.74
2025Q4,可隆-电商,马夹,74,167,23,249,542619.09,433,264,1856.0,287.98,1308.83,1496.02,1668.81,1856.0,2043.18,2215.97,2460.75,1332.06,213.68
2025Q4,可隆-电商,软壳夹克,507,638,189,967,4854499.68,2062,1334,3024.32,625.33,1836.2,2242.67,2617.86,3024.32,3430.78,3805.98,4337.51,2275.81,530.57
2025Q4,可隆-电商,配件,332,304,75,596,363179.6,1121,711,463.25,125.18,225.41,306.78,381.88,463.25,544.61,619.72,726.12,348.1,46.97
2025Q4,可隆-电商,抓绒夹克,147,281,80,504,1041844.95,869,508,1863.57,567.25,785.79,1154.5,1494.85,1863.57,2232.28,2572.64,3054.8,1244.9,212.07
2025Q4,可隆-电商,防风夹克,422,454,153,996,2816935.96,1768,1029,2186.66,446.49,1338.32,1628.54,1896.44,2186.66,2476.88,2744.78,3124.3,1721.23,420.59
2025Q4,可隆-电商,其他,140,160,22,254,97483.79,464,322,291.74,46.07,204.19,234.14,261.79,291.74,321.68,349.33,388.49,194.41,40.28
2025Q4,可隆-电商,棉服,267,182,122,538,2000346.86,901,571,2799.46,865.92,1154.22,1717.07,2236.62,2799.46,3362.31,3881.86,4617.88,2248.1,278.15
2025Q4,可隆-电商,连衣裙,61,198,40,260,519612.99,461,299,1538.53,490.0,607.53,926.03,1220.03,1538.53,1857.03,2151.03,2567.53,1114.93,194.87
2025Q4,可隆-电商,短裤,103,49,43,215,240834.64,304,195,921.2,189.3,561.53,684.58,798.16,921.2,1044.25,1157.83,1318.73,730.96,143.23
2025Q4,可隆-新疆,防水夹克,233,211,97,578,2023900.73,707,541,3204.74,519.63,2217.44,2555.2,2866.98,3204.74,3542.5,3854.28,4295.97,2649.19,357.18
2025Q4,可隆-新疆,卫衣,212,101,34,279,394724.31,506,347,1251.27,302.18,677.13,873.55,1054.86,1251.27,1447.69,1629.0,1885.86,814.2,109.56
2025Q4,可隆-新疆,长袖T恤,141,128,66,314,244256.35,453,335,900.77,261.16,404.56,574.32,731.02,900.77,1070.53,1227.22,1449.21,587.21,82.89
2025Q4,可隆-新疆,三合一夹克,46,138,20,214,945760.26,315,204,4250.77,1146.27,2072.86,2817.94,3505.7,4250.77,4995.85,5683.61,6657.94,3105.99,448.44
2025Q4,可隆-新疆,POLO,107,188,27,314,265529.53,457,322,940.08,298.42,373.07,567.05,746.1,940.08,1134.05,1313.11,1566.77,594.27,73.26
2025Q4,可隆-新疆,短袖T恤,71,216,69,272,364635.3,572,356,839.53,205.78,448.54,582.3,705.77,839.53,973.29,1096.76,1271.67,639.9,113.25
2025Q4,可隆-新疆,长裤,126,190,44,311,568183.03,599,360,1405.84,361.76,718.49,953.63,1170.69,1405.84,1640.99,1858.05,2165.54,947.33,199.42
2025Q4,可隆-新疆,衬衫,93,107,45,256,291618.63,412,245,1011.85,192.85,645.43,770.79,886.5,1011.85,1137.21,1252.92,1416.85,677.18,186.26
2025Q4,可隆-新疆,针织夹克,72,120,31,200,410815.33,383,223,1411.35,357.57,731.96,964.38,1178.93,1411.35,1643.77,1858.31,2162.25,1062.09,156.95
2025Q4,可隆-新疆,羽绒服,60,82,14,162,523503.46,216,156,3399.2,959.56,1576.04,2199.75,2775.49,3399.2,4022.91,4598.65,5414.27,2383.43,302.8
2025Q4,可隆-新疆,鞋,136,237,16,353,765442.86,607,389,1551.95,347.01,892.63,1118.19,1326.39,1551.95,1777.51,1985.72,2280.68,1267.3,250.17
2025Q4,可隆-新疆,马夹,75,76,16,174,382130.28,263,167,1953.76,279.06,1423.55,1604.94,1772.38,1953.76,2135.15,2302.59,2539.79,1495.06,299.61
2025Q4,可隆-新疆,软壳夹克,259,175,98,399,2092297.87,1018,532,2837.08,429.97,2020.14,2299.62,2557.6,2837.08,3116.56,3374.54,3740.02,1908.93,342.87
2025Q4,可隆-新疆,配件,93,76,37,170,69725.92,235,206,384.17,71.96,247.45,294.22,337.4,384.17,430.94,474.11,535.28,287.57,34.81
2025Q4,可隆-新疆,抓绒夹克,76,55,15,116,301128.48,267,146,1523.28,463.41,642.79,944.01,1222.06,1523.28,1824.5,2102.55,2496.45,1112.36,166.1
2025Q4,可隆-新疆,防风夹克,137,182,38,242,1067846.33,506,357,2560.91,708.19,1215.35,1675.67,2100.59,2560.91,3021.23,3446.14,4048.11,2211.94,287.87
2025Q4,可隆-新疆,其他,13,23,4,37,11440.46,60,40,300.17,54.74,196.16,231.74,264.58,300.17,335.75,368.59,415.12,187.38,50.95
2025Q4,可隆-新疆,棉服,88,88,18,176,572980.84,316,194,2812.64,828.96,1237.61,1776.44,2273.81,2812.64,3351.47,3848.84,4553.46,1740.71,403.69
2025Q4,可隆-新疆,连衣裙,27,29,8,68,101813.84,84,64,1553.64,366.78,856.76,1095.17,1315.23,1553.64,1792.04,2012.11,2323.87,1196.93,272.7
2025Q4,可隆-新疆,短裤,46,98,20,172,142925.06,220,164,833.15,172.12,506.13,618.01,721.28,833.15,945.03,1048.3,1194.6,638.74,151.04
2025Q4,可隆-青海,防水夹克,50,134,35,219,931368.97,437,219,2922.95,545.93,1885.69,2240.54,2568.09,2922.95,3277.8,3605.35,4069.39,2212.78,273.23
2025Q4,可隆-青海,卫衣,107,90,34,178,304655.49,330,231,1270.07,292.1,715.08,904.95,1080.21,1270.07,1459.93,1635.19,1883.48,879.81,210.91
2025Q4,可隆-青海,长袖T恤,91,92,28,168,193081.69,293,211,772.67,178.96,432.65,548.97,656.35,772.67,889.0,996.38,1148.49,617.46,166.5
2025Q4,可隆-青海,三合一夹克,19,32,7,64,202392.1,72,58,4259.71,611.75,3097.38,3495.02,3862.07,4259.71,4657.34,5024.39,5544.38,2860.59,723.46
2025Q4,可隆-青海,POLO,55,77,14,135,149049.32,220,146,1052.3,235.17,605.48,758.34,899.44,1052.3,1205.16,1346.26,1546.15,749.71,185.83
2025Q4,可隆-青海,短袖T恤,72,82,38,155,137653.4,215,192,858.83,268.94,347.85,522.66,684.02,858.83,1033.64,1195.0,1423.6,628.64,86.79
2025Q4,可隆-青海,长裤,41,96,21,165,272800.45,302,158,1306.0,378.71,586.44,832.61,1059.84,1306.0,1552.16,1779.39,2101.3,934.91,198.5
2025Q4,可隆-青海,衬衫,38,42,11,80,142515.21,127,91,1329.12,305.53,748.62,947.21,1130.53,1329.12,1527.72,1711.04,1970.74,1082.74,183.6
2025Q4,可隆-青海,针织夹克,32,56,3,93,195469.49,180,91,1601.41,494.48,661.89,983.31,1279.99,1601.41,1922.82,2219.51,2639.81,1178.93,202.77
2025Q4,可隆-青海,羽绒服,56,119,19,152,854411.21,375,194,3386.67,543.32,2354.37,2707.52,3033.51,3386.67,3739.82,4065.81,4527.63,2167.57,385.61
2025Q4,可隆-青海,鞋,81,54,13,135,295385.91,233,148,2106.4,535.55,1088.85,1436.96,1758.29,2106.4,2454.51,2775.84,3231.06,1218.88,322.44
2025Q4,可隆-青海,马夹,35,28,7,70,141831.69,132,70,1524.04,286.18,980.29,1166.31,1338.02,1524.04,1710.05,1881.76,2125.02,1078.55,296.71
2025Q4,可隆-青海,软壳夹克,59,48,23,119,322539.34,177,130,2182.36,692.05,867.46,1317.29,1732.52,2182.36,2632.19,3047.43,3635.67,1735.51,303.77
2025Q4,可隆-青海,配件,50,62,13,109,51250.61,188,125,421.0,128.8,176.28,260.0,337.28,421.0,504.72,582.0,691.47,272.78,66.91
2025Q4,可隆-青海,抓绒夹克,20,26,8,49,131927.32,80,54,1892.13,434.44,1066.7,1349.08,1609.74,1892.13,2174.51,2435.17,2804.44,1517.48,397.63
2025Q4,可隆-青海,防风夹克,47,72,20,103,297628.6,186,139,2455.14,678.25,1166.47,1607.33,2014.28,2455.14,2896.0,3302.95,3879.46,1611.97,361.38
2025Q4,可隆-青海,其他,28,32,7,63,17955.0,101,67,276.46,83.19,118.39,172.47,222.39,276.46,330.54,380.46,451.17,202.14,36.7
2025Q4,可隆-青海,棉服,31,44,15,68,233396.36,130,90,3036.63,655.66,1790.87,2217.05,2610.45,3036.63,3462.81,3856.21,4413.52,1822.34,346.71
2025Q4,可隆-青海,连衣裙,23,30,5,43,104807.86,86,58,1560.55,482.81,643.2,957.03,1246.72,1560.55,1874.38,2164.06,2574.46,1108.3,153.92
2025Q4,可隆-青海,短裤,29,27,13,79,62484.4,106,69,754.02,129.01,508.91,592.76,670.16,754.02,837.87,915.28,1024.93,569.78,150.85
2025Q4,可隆-线下山,防水夹克,165,349,79,573,1842255.17,1006,593,2820.45,601.94,1676.76,2068.02,2429.19,2820.45,3211.71,3572.88,4084.53,1902.73,334.81
2025Q4,可隆-线下山,卫衣,194,316,57,445,598002.12,747,567,1202.42,193.14,835.45,960.99,1076.88,1202.42,1327.96,1443.84,1608.01,807.47,205.44
2025Q4,可隆-线下山,长袖T恤,316,171,82,500,665430.84,1014,569,810.18,131.48,560.37,645.83,724.72,810.18,895.65,974.54,1086.29,681.92,183.45
2025Q4,可隆-线下山,三合一夹克,74,182,32,288,1012221.11,363,288,4655.69,732.63,3263.68,3739.89,4179.47,4655.69,5131.9,5571.48,6194.22,2894.89,630.53
2025Q4,可隆-线下山,POLO,281,251,52,436,476259.49,812,584,913.44,170.13,590.19,700.77,802.85,913.44,1024.02,1126.1,1270.71,606.61,115.02
2025Q4,可隆-线下山,短袖T恤,82,335,62,480,395818.96,678,479,715.86,134.02,461.22,548.34,628.75,715.86,802.98,883.39,997.31,569.44,112.77
2025Q4,可隆-线下山,长裤,239,164,54,493,598291.48,644,457,1417.94,346.01,760.53,985.44,1193.04,1417.94,1642.85,1850.45,2144.56,970.7,234.55
2025Q4,可隆-线下山,衬衫,65,85,21,157,170128.36,229,171,1200.82,374.71,488.87,732.43,957.26,1200.82,1444.39,1669.21,1987.72,736.56,163.68
2025Q4,可隆-线下山,针织夹克,88,188,27,279,812458.6,669,303,1516.27,248.55,1044.02,1205.58,1354.71,1516.27,1677.83,1826.96,2038.23,1176.02,246.77
2025Q4,可隆-线下山,羽绒服,100,115,34,193,698277.18,328,249,3249.4,641.22,2031.08,2447.88,2832.61,3249.4,3666.2,4050.93,4595.97,2074.71,409.16
2025Q4,可隆-线下山,鞋,205,241,64,455,1649102.91,885,510,2277.12,611.52,1115.23,1512.72,1879.63,2277.12,2674.61,3041.52,3561.31,1983.8,344.76
2025Q4,可隆-线下山,马夹,77,109,38,205,605932.84,396,224,1757.94,499.45,808.98,1133.62,1433.29,1757.94,2082.58,2382.26,2806.79,1432.1,237.62
2025Q4,可隆-线下山,软壳夹克,231,223,94,426,1540618.89,906,548,2755.15,495.54,1813.64,2135.73,2433.06,2755.15,3077.25,3374.57,3795.78,1703.95,443.48
2025Q4,可隆-线下山,配件,126,195,10,330,162236.55,552,331,399.62,70.03,266.57,312.09,354.1,399.62,445.14,487.16,546.68,312.79,40.81
2025Q4,可隆-线下山,抓绒夹克,110,175,51,247,346146.32,368,336,1707.91,259.21,1215.41,1383.89,1539.42,1707.91,1876.4,2031.93,2252.26,982.89,197.28
2025Q4,可隆-线下山,防风夹克,212,195,61,376,805526.15,624,468,2628.24,512.06,1655.32,1988.16,2295.4,2628.24,2961.08,3268.31,3703.57,1199.36,228.73
2025Q4,可隆-线下山,其他,34,87,22,122,47030.63,229,143,268.58,64.04,146.91,188.53,226.96,268.58,310.21,348.64,403.07,201.86,40.53
2025Q4,可隆-线下山,棉服,73,103,33,162,866130.9,356,209,3150.66,671.62,1874.57,2311.13,2714.11,3150.66,3587.22,3990.19,4561.07,2513.84,544.35
2025Q4,可隆-线下山,连衣裙,10,27,2,43,61127.58,52,39,1429.06,283.5,890.41,1074.68,1244.78,1429.06,1613.34,1783.44,2024.42,1201.82,149.72
2025Q4,可隆-线下山,短裤,79,146,24,192,161701.78,316,249,697.07,207.34,303.12,437.89,562.29,697.07,831.84,956.24,1132.48,527.92,92.8
2026Q1,可隆-东北,防水夹克,334,427,136,979,3485476.59,1451,897,3094.7,879.18,1424.25,1995.72,2523.23,3094.7,3666.17,4193.68,4940.99,2482.4,657.45
2026Q1,可隆-东北,卫衣,379,537,138,755,1800551.77,1573,1054,1243.5,257.36,754.51,921.8,1076.21,1243.5,1410.78,1565.2,1783.95,1122.78,257.02
2026Q1,可隆-东北,长袖T恤,329,313,84,559,734992.16,1214,726,949.19,174.97,616.73,730.47,835.45,949.19,1062.92,1167.9,1316.63,590.52,152.86
2026Q1,可隆-东北,三合一夹克,238,274,72,432,3514442.85,990,584,4353.5,1198.86,2075.67,2854.93,3574.24,4353.5,5132.76,5852.08,6871.11,3419.28,899.27
2026Q1,可隆-东北,POLO,254,445,93,802,936045.61,1343,792,1088.71,344.62,433.93,657.94,864.71,1088.71,1312.71,1519.48,1812.41,702.39,124.38
2026Q1,可隆-东北,短袖T恤,496,913,44,1108,1353084.38,2265,1453,763.35,236.65,313.71,467.53,609.53,763.35,917.17,1059.16,1260.32,608.46,88.76
2026Q1,可隆-东北,长裤,468,378,193,861,1584278.41,1580,1039,1457.67,450.63,601.47,894.38,1164.76,1457.67,1750.58,2020.96,2404.0,936.26,190.24
2026Q1,可隆-东北,衬衫,169,180,43,345,347192.12,477,392,1056.97,247.42,586.87,747.69,896.14,1056.97,1217.79,1366.24,1576.55,712.95,127.29
2026Q1,可隆-东北,针织夹克,125,313,37,368,562122.55,576,475,1488.48,305.09,908.81,1107.12,1290.17,1488.48,1686.79,1869.84,2129.16,1011.3,164.51
2026Q1,可隆-东北,羽绒服,159,387,109,666,2193597.55,1066,655,3217.37,501.53,2264.46,2590.45,2891.37,3217.37,3543.36,3844.28,4270.58,2198.35,382.61
2026Q1,可隆-东北,鞋,273,308,93,441,1485410.86,1170,674,2432.93,418.55,1637.68,1909.74,2160.87,2432.93,2704.99,2956.12,3311.9,1407.4,252.43
2026Q1,可隆-东北,马夹,208,369,62,521,1580293.92,965,639,1870.6,594.78,740.52,1127.13,1483.99,1870.6,2257.21,2614.07,3119.64,1441.84,369.1
2026Q1,可隆-东北,软壳夹克,285,276,50,441,1966678.23,1113,611,2741.29,710.35,1391.63,1853.36,2279.57,2741.29,3203.02,3629.23,4233.02,1810.81,305.6
2026Q1,可隆-东北,配件,271,178,101,533,295348.94,905,550,437.5,83.18,279.46,333.53,383.44,437.5,491.57,541.48,612.18,311.68,52.33
2026Q1,可隆-东北,抓绒夹克,151,238,39,376,816424.77,552,428,1772.5,398.26,1015.81,1274.68,1513.63,1772.5,2031.37,2270.33,2608.85,1475.31,209.81
2026Q1,可隆-东北,防风夹克,309,246,17,497,1821424.14,799,572,2741.65,447.71,1890.99,2182.0,2450.63,2741.65,3032.66,3301.29,3681.84,2021.35,500.94
2026Q1,可隆-东北,其他,48,46,9,94,39859.1,185,103,328.44,89.96,157.51,215.99,269.97,328.44,386.92,440.89,517.36,220.46,38.86
2026Q1,可隆-东北,棉服,261,241,78,493,1512195.98,817,580,3283.18,703.66,1946.22,2403.6,2825.8,3283.18,3740.56,4162.76,4760.87,1895.31,379.08
2026Q1,可隆-东北,连衣裙,39,61,16,118,190218.11,176,116,1558.31,431.5,738.46,1018.93,1277.83,1558.31,1838.78,2097.68,2464.45,1080.53,146.41
2026Q1,可隆-东北,短裤,98,130,24,235,178599.03,419,252,747.02,233.35,303.66,455.34,595.35,747.02,898.7,1038.71,1237.06,393.64,62.8
2026Q1,可隆-华东,防水夹克,440,655,82,1031,3777308.29,1742,1177,2889.52,442.7,2048.39,2336.14,2601.76,2889.52,3177.28,3442.9,3819.19,2196.79,447.97
2026Q1,可隆-华东,卫衣,106,254,92,411,653710.67,722,452,1201.05,322.31,588.67,798.17,991.55,1201.05,1410.55,1603.94,1877.9,1000.84,174.76
2026Q1,可隆-华东,长袖T恤,388,453,99,1028,1093859.14,1566,940,919.97,200.09,539.81,669.87,789.92,919.97,1050.03,1170.08,1340.15,682.06,189.2
2026Q1,可隆-华东,三合一夹克,345,381,89,628,3981078.45,1280,815,4167.83,779.19,2687.36,3193.84,3661.35,4167.83,4674.3,5141.81,5804.13,3403.4,933.16
2026Q1,可隆-华东,POLO,409,480,121,962,1172549.86,1561,1010,1008.52,282.48,471.82,655.43,824.91,1008.52,1192.13,1361.62,1601.72,711.74,142.49
2026Q1,可隆-华东,短袖T恤,222,301,89,551,580277.72,986,612,744.64,128.91,499.71,583.5,660.85,744.64,828.43,905.78,1015.35,549.99,153.79
2026Q1,可隆-华东,长裤,254,255,102,666,1187103.46,921,611,1638.35,361.12,952.22,1186.94,1403.62,1638.35,1873.07,2089.75,2396.7,1144.4,240.15
2026Q1,可隆-华东,衬衫,156,376,29,501,666661.8,886,561,1029.04,258.93,537.08,705.38,860.74,1029.04,1197.34,1352.7,1572.79,701.7,102.19
2026Q1,可隆-华东,针织夹克,170,425,89,599,972981.88,1009,684,1454.28,260.38,959.56,1128.81,1285.04,1454.28,1623.53,1779.75,2001.07,1032.09,197.3
2026Q1,可隆-华东,羽绒服,257,785,32,751,3969731.7,1627,1074,3847.21,1181.46,1602.44,2370.38,3079.26,3847.21,4615.15,5324.03,6328.27,2477.99,304.92
2026Q1,可隆-华东,鞋,284,566,77,814,1634855.95,1112,927,2037.03,463.67,1156.05,1457.44,1735.64,2037.03,2338.42,2616.62,3010.75,1441.54,323.73
2026Q1,可隆-华东,马夹,108,298,63,459,976494.23,698,469,1981.38,564.58,908.67,1275.65,1614.4,1981.38,2348.35,2687.1,3166.99,1508.65,393.07
2026Q1,可隆-华东,软壳夹克,606,389,225,1283,3920777.1,1989,1220,2230.89,556.72,1173.12,1534.99,1869.02,2230.89,2592.76,2926.79,3400.0,1838.51,245.32
2026Q1,可隆-华东,配件,282,458,101,740,338052.09,967,841,389.4,73.45,249.85,297.59,341.66,389.4,437.14,481.21,543.65,351.11,42.17
2026Q1,可隆-华东,抓绒夹克,152,203,41,477,807935.98,676,396,1946.77,485.7,1023.95,1339.65,1631.07,1946.77,2262.47,2553.89,2966.73,1220.36,300.94
2026Q1,可隆-华东,防风夹克,763,169,158,940,2943543.97,1882,1090,2567.78,453.57,1705.99,2000.81,2272.96,2567.78,2862.6,3134.74,3520.28,1712.76,229.27
2026Q1,可隆-华东,其他,123,74,43,191,56064.38,359,240,243.54,50.04,148.46,180.99,211.02,243.54,276.07,306.1,348.64,171.96,26.27
2026Q1,可隆-华东,棉服,184,549,90,717,2403973.58,1228,823,2540.21,801.01,1018.28,1538.94,2019.55,2540.21,3060.87,3541.47,4222.34,2099.44,587.04
2026Q1,可隆-华东,连衣裙,77,119,19,176,333518.45,348,215,1188.51,280.89,654.83,837.4,1005.94,1188.51,1371.09,1539.62,1778.37,904.94,220.8
2026Q1,可隆-华东,短裤,275,480,96,711,832387.01,1327,851,799.91,212.87,395.45,533.82,661.54,799.91,938.27,1066.0,1246.94,581.64,105.44
2026Q1,可隆-华北,防水夹克,294,475,144,985,3639795.31,1854,913,3190.85,1003.99,1283.26,1935.85,2538.25,3190.85,3843.44,4445.84,5299.23,1945.51,359.65
2026Q1,可隆-华北,卫衣,214,357,21,555,620063.67,820,592,1145.75,259.69,652.33,821.13,976.95,1145.75,1314.55,1470.37,1691.11,754.89,155.45
2026Q1,可隆-华北,长袖T恤,479,743,187,1173,1580635.07,2508,1409,840.83,228.98,405.77,554.6,691.99,840.83,989.67,1127.06,1321.7,658.46,135.89
2026Q1,可隆-华北,三合一夹克,190,407,53,613,2838604.87,1014,650,3846.1,1079.48,1795.08,2496.74,3144.43,3846.1,4547.76,5195.45,6113.01,2850.41,345.72
2026Q1,可隆-华北,POLO,478,662,87,1095,1421432.47,1907,1227,899.85,258.24,409.2,577.06,732.0,899.85,1067.71,1222.65,1442.15,757.11,185.56
2026Q1,可隆-华北,短袖T恤,433,371,143,811,676632.11,1580,947,725.82,154.6,432.09,532.58,625.34,725.82,826.31,919.07,1050.47,435.34,68.06
2026Q1,可隆-华北,长裤,269,613,74,715,1859147.36,1580,956,1467.24,372.51,759.47,1001.61,1225.11,1467.24,1709.38,1932.88,2249.52,1116.23,261.34
2026Q1,可隆-华北,衬衫,190,278,40,384,595612.07,830,508,1217.48,385.66,484.73,735.41,966.81,1217.48,1468.16,1699.55,2027.36,739.89,93.48
2026Q1,可隆-华北,针织夹克,165,165,45,440,449500.12,457,375,1460.76,239.11,1006.44,1161.86,1305.33,1460.76,1616.18,1759.65,1962.89,1106.17,196.6
2026Q1,可隆-华北,羽绒服,190,317,72,551,1600028.54,667,579,3637.47,847.2,2027.79,2578.47,3086.79,3637.47,4188.14,4696.46,5416.58,2516.92,692.17
2026Q1,可隆-华北,鞋,295,420,104,716,2458007.81,1404,819,2513.78,459.16,1641.37,1939.83,2215.32,2513.78,2812.23,3087.73,3478.02,1806.88,417.5
2026Q1,可隆-华北,马夹,207,73,84,325,739400.81,443,364,2011.8,642.48,791.08,1208.69,1594.18,2011.8,2429.41,2814.9,3361.01,1786.28,318.11
2026Q1,可隆-华北,软壳夹克,280,300,111,606,2565540.51,1133,691,2858.43,686.88,1553.36,1999.83,2411.96,2858.43,3304.9,3717.03,4300.88,2337.1,592.7
2026Q1,可隆-华北,配件,342,384,75,646,335603.58,1066,801,429.35,66.6,302.8,346.09,386.05,429.35,472.64,512.6,569.21,312.97,53.5
2026Q1,可隆-华北,抓绒夹克,197,273,46,535,1096055.63,995,516,1689.37,408.32,913.56,1178.97,1423.96,1689.37,1954.78,2199.78,2546.85,1168.38,209.94
2026Q1,可隆-华北,防风夹克,353,447,141,909,2415085.76,1500,941,2388.27,598.9,1250.36,1639.64,1998.98,2388.27,2777.55,3136.89,3645.95,1770.57,244.46
2026Q1,可隆-华北,其他,67,81,10,136,37035.15,176,158,292.11,65.75,167.19,209.92,249.37,292.11,334.85,374.3,430.19,198.92,53.56
2026Q1,可隆-华北,棉服,296,366,104,636,2586698.72,1006,766,3199.09,797.05,1684.68,2202.77,2681.0,3199.09,3717.17,4195.4,4872.9,2479.95,606.53
2026Q1,可隆-华北,连衣裙,63,86,17,173,221166.59,210,166,1520.83,482.4,604.27,917.83,1207.27,1520.83,1834.4,2123.84,2533.88,1066.44,183.55
2026Q1,可隆-华北,短裤,246,181,51,412,347231.86,724,478,872.09,181.63,526.98,645.05,754.03,872.09,990.15,1099.13,1253.52,484.53,132.51
2026Q1,可隆-华南,防水夹克,777,735,242,1254,6429974.15,2567,1754,3343.59,820.4,1784.83,2318.09,2810.33,3343.59,3876.85,4369.09,5066.43,2534.72,630.0
2026Q1,可隆-华南,卫衣,285,297,65,586,993708.92,971,647,1279.41,383.29,551.15,800.29,1030.27,1279.41,1528.55,1758.53,2084.33,1031.61,183.44
2026Q1,可隆-华南,长袖T恤,255,471,111,737,651681.14,1145,837,912.37,263.17,412.35,583.41,741.31,912.37,1083.43,1241.33,1465.02,651.97,99.05
2026Q1,可隆-华南,三合一夹克,191,227,50,506,3261640.48,928,468,4483.41,1430.4,1765.65,2695.41,3553.65,4483.41,5413.17,6271.41,7487.25,3565.42,475.2
2026Q1,可隆-华南,POLO,402,427,87,717,995279.65,1475,916,998.49,289.59,448.28,636.51,810.26,998.49,1186.72,1360.47,1606.62,661.39,121.14
2026Q1,可隆-华南,短袖T恤,538,603,92,1090,858642.33,1871,1233,614.66,117.4,391.6,467.91,538.35,614.66,690.97,761.4,861.19,481.35,70.29
2026Q1,可隆-华南,长裤,522,649,287,1295,2240552.81,2244,1458,1540.34,432.65,718.3,999.52,1259.12,1540.34,1821.57,2081.16,2448.91,995.98,217.58
2026Q1,可隆-华南,衬衫,223,284,92,510,969876.17,1044,599,1138.8,191.5,774.94,899.42,1014.32,1138.8,1263.27,1378.18,1540.96,879.17,224.31
2026Q1,可隆-华南,针织夹克,126,296,50,450,831361.52,767,472,1412.71,309.23,825.17,1026.17,1211.71,1412.71,1613.71,1799.24,2062.09,1031.6,272.84
2026Q1,可隆-华南,羽绒服,312,492,49,866,3711336.87,1289,853,3857.77,625.47,2669.38,3075.93,3451.22,3857.77,4264.33,4639.61,5171.26,2718.07,620.26
2026Q1,可隆-华南,鞋,285,636,222,998,2663652.83,1718,1143,2198.41,323.09,1584.54,1794.55,1988.4,2198.41,2408.42,2602.28,2876.9,1442.16,310.51
2026Q1,可隆-华南,马夹,90,165,26,270,612474.67,426,281,1709.38,289.72,1158.91,1347.23,1521.06,1709.38,1897.7,2071.53,2317.79,1448.8,254.91
2026Q1,可隆-华南,软壳夹克,560,540,136,1236,4178136.53,1999,1236,2848.58,676.82,1562.62,2002.55,2408.64,2848.58,3288.51,3694.6,4269.9,2083.32,374.27
2026Q1,可隆-华南,配件,333,337,90,581,410944.79,1354,760,400.95,80.73,247.56,300.04,348.48,400.95,453.43,501.87,570.49,302.86,43.5
2026Q1,可隆-华南,抓绒夹克,151,178,57,345,749336.19,529,386,1735.8,363.82,1044.53,1281.02,1499.31,1735.8,1972.28,2190.58,2499.83,1589.12,236.05
2026Q1,可隆-华南,防风夹克,307,431,88,669,2082500.86,1240,826,1933.03,299.92,1363.2,1558.14,1738.09,1933.03,2127.98,2307.93,2562.86,1589.68,255.15
2026Q1,可隆-华南,其他,123,97,46,221,108385.03,453,266,338.04,83.6,179.2,233.54,283.7,338.04,392.38,442.53,513.59,234.1,35.94
2026Q1,可隆-华南,棉服,248,266,60,539,1370914.01,849,574,2950.08,420.53,2151.08,2424.42,2676.73,2950.08,3223.42,3475.74,3833.19,1578.0,433.54
2026Q1,可隆-华南,连衣裙,48,118,14,132,260717.74,256,180,1609.06,379.74,887.56,1134.38,1362.23,1609.06,1855.88,2083.73,2406.5,1019.19,247.19
2026Q1,可隆-华南,短裤,231,144,92,395,322528.1,685,467,721.9,143.38,449.48,542.68,628.7,721.9,815.1,901.13,1023.01,439.03,117.08
2026Q1,可隆-华西,防水夹克,165,727,67,996,3451483.67,1359,959,3274.5,1003.09,1368.64,2020.64,2622.49,3274.5,3926.51,4528.36,5380.98,2626.88,583.85
2026Q1,可隆-华西,卫衣,172,187,57,541,664525.04,698,416,1213.74,192.32,848.32,973.33,1088.73,1213.74,1338.75,1454.14,1617.62,899.02,142.45
2026Q1,可隆-华西,长袖T恤,175,626,101,711,914532.79,1470,902,906.4,151.84,617.91,716.6,807.7,906.4,1005.09,1096.19,1225.25,635.73,91.54
2026Q1,可隆-华西,三合一夹克,177,147,32,290,1822903.39,558,356,3763.92,1189.37,1504.13,2277.22,2990.84,3763.92,4537.01,5250.63,6261.6,3099.26,560.89
2026Q1,可隆-华西,POLO,145,507,24,654,472162.14,870,676,887.96,163.51,577.29,683.57,781.68,887.96,994.24,1092.35,1231.33,546.06,72.0
2026Q1,可隆-华西,短袖T恤,393,447,46,834,719846.16,1397,886,790.98,237.94,338.9,493.56,636.32,790.98,945.65,1088.41,1290.66,528.52,66.36
2026Q1,可隆-华西,长裤,430,502,129,1090,1468239.26,1382,1061,1324.1,336.75,684.27,903.16,1105.21,1324.1,1542.98,1745.03,2031.27,1073.09,287.11
2026Q1,可隆-华西,衬衫,129,149,34,257,341912.75,493,312,1004.55,166.91,687.43,795.92,896.06,1004.55,1113.04,1213.19,1355.06,741.39,193.3
2026Q1,可隆-华西,针织夹克,175,349,38,515,797284.1,940,562,1084.9,342.94,433.31,656.22,861.99,1084.9,1307.81,1513.57,1805.07,857.11,192.69
2026Q1,可隆-华西,羽绒服,171,408,26,483,2386445.9,870,605,3473.16,1022.85,1529.75,2194.6,2808.31,3473.16,4138.01,4751.72,5621.14,2735.4,594.78
2026Q1,可隆-华西,鞋,295,348,60,745,1715795.66,963,703,2220.4,431.61,1400.34,1680.88,1939.85,2220.4,2500.95,2759.92,3126.79,1852.04,276.03
2026Q1,可隆-华西,马夹,197,141,43,290,879448.91,620,381,2020.91,520.87,1031.26,1369.83,1682.35,2020.91,2359.48,2672.0,3114.73,1426.43,189.45
2026Q1,可隆-华西,软壳夹克,199,526,109,788,2752469.75,1202,834,2707.06,614.6,1539.31,1938.8,2307.56,2707.06,3106.55,3475.31,3997.72,2316.79,317.73
2026Q1,可隆-华西,配件,329,363,102,591,360234.67,1130,794,468.29,103.72,271.23,338.64,400.87,468.29,535.71,597.94,686.1,329.37,65.39
2026Q1,可隆-华西,抓绒夹克,184,278,76,461,877344.18,796,538,1847.61,515.42,868.32,1203.34,1512.59,1847.61,2182.63,2491.88,2929.98,1237.84,226.38
2026Q1,可隆-华西,防风夹克,180,369,34,530,1553995.6,802,583,2608.31,479.71,1696.86,2008.67,2296.5,2608.31,2920.12,3207.95,3615.71,1985.76,441.23
2026Q1,可隆-华西,其他,63,72,32,135,64476.0,249,167,324.13,61.95,206.42,246.69,283.86,324.13,364.4,401.58,454.24,255.62,36.47
2026Q1,可隆-华西,棉服,131,170,32,306,1390470.53,558,333,3340.35,996.65,1446.72,2094.54,2692.53,3340.35,3988.18,4586.17,5433.32,2505.05,638.02
2026Q1,可隆-华西,连衣裙,45,55,15,121,187066.34,187,115,1381.85,238.19,929.28,1084.11,1227.02,1381.85,1536.67,1679.58,1882.04,1038.53,209.11
2026Q1,可隆-华西,短裤,78,96,46,264,224135.58,348,220,745.42,228.89,310.53,459.31,596.64,745.42,894.2,1031.53,1226.09,618.81,85.76
2026Q1,可隆-安徽,防水夹克,335,461,85,801,2458967.05,1284,881,3202.98,937.09,1422.52,2031.62,2593.87,3202.98,3812.09,4374.34,5170.86,1821.32,386.73
2026Q1,可隆-安徽,卫衣,265,383,69,654,944089.74,1124,717,1122.1,201.68,738.91,870.0,991.01,1122.1,1253.19,1374.2,1545.63,862.33,155.49
2026Q1,可隆-安徽,长袖T恤,165,245,55,483,553055.75,856,465,965.82,184.59,615.11,735.09,845.84,965.82,1085.81,1196.56,1353.46,646.71,132.23
2026Q1,可隆-安徽,三合一夹克,171,224,79,492,1944870.97,623,474,4836.73,1334.18,2301.79,3169.01,3969.51,4836.73,5703.95,6504.46,7638.51,3315.31,580.52
2026Q1,可隆-安徽,POLO,168,258,20,411,422183.49,780,446,910.82,214.99,502.34,642.09,771.08,910.82,1050.56,1179.56,1362.3,563.11,77.89
2026Q1,可隆-安徽,短袖T恤,310,331,88,686,648236.48,1017,729,789.57,178.27,450.85,566.73,673.69,789.57,905.45,1012.41,1163.94,668.86,166.2
2026Q1,可隆-安徽,长裤,280,357,106,689,1020697.91,1244,743,1315.05,216.32,904.04,1044.65,1174.44,1315.05,1455.66,1585.45,1769.33,784.31,206.0
2026Q1,可隆-安徽,衬衫,98,223,51,349,523905.43,565,372,1212.79,227.26,781.0,928.72,1065.07,1212.79,1360.51,1496.86,1690.03,935.52,130.76
2026Q1,可隆-安徽,针织夹克,94,125,21,249,442473.68,395,240,1620.49,319.31,1013.81,1221.36,1412.94,1620.49,1828.04,2019.62,2291.03,1073.23,250.07
2026Q1,可隆-安徽,羽绒服,214,163,31,383,2128761.75,793,408,3415.69,724.84,2038.5,2509.64,2944.54,3415.69,3886.83,4321.73,4937.84,2829.01,791.22
2026Q1,可隆-安徽,鞋,158,188,61,398,1336292.16,813,407,2405.47,755.9,969.26,1460.59,1914.13,2405.47,2896.81,3350.35,3992.86,1663.18,339.34
2026Q1,可隆-安徽,马夹,122,120,17,227,431219.27,406,259,1779.66,555.68,723.87,1085.07,1418.47,1779.66,2140.86,2474.26,2946.59,1058.46,251.76
2026Q1,可隆-安徽,软壳夹克,218,171,64,412,1862134.84,786,453,2656.57,767.32,1198.66,1697.42,2157.81,2656.57,3155.33,3615.72,4267.94,2292.98,299.82
2026Q1,可隆-安徽,配件,128,154,34,318,173524.91,527,316,457.8,140.46,190.93,282.23,366.51,457.8,549.1,633.38,752.77,325.86,79.4
2026Q1,可隆-安徽,抓绒夹克,122,128,37,260,450788.05,424,287,1398.92,238.42,945.93,1100.9,1243.95,1398.92,1553.9,1696.95,1899.6,1186.94,289.03
2026Q1,可隆-安徽,防风夹克,144,209,48,379,1028319.63,674,401,2116.27,552.3,1066.9,1425.89,1757.27,2116.27,2475.27,2806.65,3276.1,1579.21,298.14
2026Q1,可隆-安徽,其他,59,64,17,109,64703.31,246,140,308.34,81.97,152.59,205.87,255.05,308.34,361.62,410.8,480.48,238.84,31.13
2026Q1,可隆-安徽,棉服,246,231,116,424,1838772.53,879,593,2832.02,448.52,1979.84,2271.38,2540.49,2832.02,3123.56,3392.67,3773.91,2159.27,294.84
2026Q1,可隆-安徽,连衣裙,24,53,11,89,141744.87,150,88,1162.2,186.06,808.69,929.63,1041.27,1162.2,1283.14,1394.78,1552.93,965.44,173.99
2026Q1,可隆-安徽,短裤,126,151,59,279,324318.22,574,336,801.64,204.38,413.32,546.17,668.8,801.64,934.49,1057.12,1230.85,604.57,152.11
2026Q1,可隆-山西,防水夹克,432,522,164,942,3978099.19,2137,1118,2750.62,755.42,1315.32,1806.35,2259.6,2750.62,3241.64,3694.89,4336.99,1955.4,296.9
2026Q1,可隆-山西,卫衣,298,403,88,627,1203798.46,1241,789,1266.24,353.53,594.53,824.33,1036.45,1266.24,1496.03,1708.15,2008.65,944.4,125.45
2026Q1,可隆-山西,长袖T恤,169,210,74,401,604021.66,663,453,1085.36,341.31,436.87,658.72,863.51,1085.36,1307.22,1512.01,1802.12,904.64,215.4
2026Q1,可隆-山西,三合一夹克,169,134,48,386,1792346.42,555,351,4015.97,712.18,2662.83,3125.75,3553.05,4015.97,4478.89,4906.19,5511.54,2943.44,549.57
2026Q1,可隆-山西,POLO,238,286,52,469,551383.32,871,576,907.48,261.22,411.16,580.96,737.69,907.48,1077.27,1234.0,1456.03,712.55,180.81
2026Q1,可隆-山西,短袖T恤,368,432,82,772,1020679.65,1418,882,866.74,123.41,632.26,712.48,786.52,866.74,946.96,1021.01,1125.91,687.89,147.75
2026Q1,可隆-山西,长裤,148,207,62,386,622709.8,694,417,1253.45,333.95,618.94,836.01,1036.38,1253.45,1470.51,1670.89,1954.75,838.26,156.18
2026Q1,可隆-山西,衬衫,146,124,50,258,370039.23,485,320,991.64,266.15,485.95,658.95,818.64,991.64,1164.63,1324.32,1550.55,712.8,86.92
2026Q1,可隆-山西,针织夹克,136,201,44,397,489771.04,638,381,1353.35,286.06,809.84,995.78,1167.41,1353.35,1539.29,1710.93,1954.08,806.1,126.36
2026Q1,可隆-山西,羽绒服,132,143,36,304,1573558.57,462,311,4163.17,801.27,2640.75,3161.57,3642.34,4163.17,4684.0,5164.76,5845.84,3424.37,791.86
2026Q1,可隆-山西,鞋,112,337,20,459,900901.01,579,469,2253.77,547.33,1213.85,1569.61,1898.01,2253.77,2609.53,2937.93,3403.16,1523.56,303.22
2026Q1,可隆-山西,马夹,102,119,20,193,634540.93,432,241,2023.66,639.69,808.24,1224.04,1607.86,2023.66,2439.46,2823.28,3367.02,1428.37,246.74
2026Q1,可隆-山西,软壳夹克,330,302,48,590,1953903.8,1114,680,2456.19,514.63,1478.41,1812.91,2121.69,2456.19,2790.7,3099.48,3536.91,1701.77,273.92
2026Q1,可隆-山西,配件,115,157,32,276,119451.27,438,304,418.97,80.18,266.62,318.74,366.85,418.97,471.09,519.2,587.35,272.56,55.98
2026Q1,可隆-山西,抓绒夹克,75,65,25,159,290437.08,278,165,1543.21,327.55,920.86,1133.77,1330.3,1543.21,1756.12,1952.65,2231.07,1073.19,234.8
2026Q1,可隆-山西,防风夹克,172,243,73,421,1442477.98,699,488,2451.98,505.28,1491.94,1820.38,2123.55,2451.98,2780.41,3083.58,3513.07,1960.14,413.53
2026Q1,可隆-山西,其他,50,85,4,133,44088.33,203,139,291.56,45.28,205.52,234.96,262.13,291.56,321.0,348.17,386.66,227.77,39.24
2026Q1,可隆-山西,棉服,89,128,35,218,843651.16,410,252,2746.68,506.6,1784.14,2113.43,2417.39,2746.68,3075.98,3379.94,3810.55,2099.51,498.14
2026Q1,可隆-山西,连衣裙,52,90,29,135,255140.1,234,171,1580.93,262.27,1082.61,1253.09,1410.45,1580.93,1751.41,1908.77,2131.71,1075.56,133.92
2026Q1,可隆-山西,短裤,101,127,21,242,216065.84,434,249,851.61,227.73,418.93,566.95,703.59,851.61,999.64,1136.28,1329.84,524.14,109.12
2026Q1,可隆-西北,防水夹克,332,635,165,793,2649227.61,1406,1132,3022.85,904.3,1304.69,1892.48,2435.06,3022.85,3610.64,4153.22,4921.87,1798.91,444.55
2026Q1,可隆-西北,卫衣,197,329,61,494,684523.32,838,587,1149.35,298.35,582.48,776.41,955.42,1149.35,1343.28,1522.29,1775.89,813.14,100.0
2026Q1,可隆-西北,长袖T恤,188,147,47,346,551408.24,523,382,1061.12,270.9,546.42,722.5,885.04,1061.12,1237.2,1399.74,1630.0,964.34,200.47
2026Q1,可隆-西北,三合一夹克,179,246,70,419,3463348.02,957,495,4742.93,664.5,3480.38,3912.3,4311.01,4742.93,5174.86,5573.56,6138.39,3362.56,635.39
2026Q1,可隆-西北,POLO,177,236,40,420,402742.66,571,453,907.46,279.61,376.21,557.95,725.71,907.46,1089.2,1256.96,1494.63,670.4,180.35
2026Q1,可隆-西北,短袖T恤,152,283,55,381,384040.19,705,490,676.57,136.6,417.03,505.82,587.78,676.57,765.36,847.32,963.43,565.52,93.92
2026Q1,可隆-西北,长裤,181,288,64,522,606391.83,772,533,1345.61,236.96,895.39,1049.42,1191.59,1345.61,1499.63,1641.81,1843.22,749.68,159.48
2026Q1,可隆-西北,衬衫,141,150,41,364,382907.91,474,332,1078.6,268.15,569.11,743.41,904.3,1078.6,1252.9,1413.79,1641.72,764.21,146.92
2026Q1,可隆-西北,针织夹克,91,81,18,243,192439.45,247,190,1140.46,363.19,450.4,686.48,904.39,1140.46,1376.54,1594.45,1903.16,786.11,197.19
2026Q1,可隆-西北,羽绒服,135,199,31,283,1802466.31,578,365,4119.95,947.72,2319.28,2935.3,3503.93,4119.95,4735.97,5304.61,6110.17,2816.48,473.06
2026Q1,可隆-西北,鞋,132,377,55,615,857838.21,667,564,1790.71,548.98,747.65,1104.49,1433.87,1790.71,2147.54,2476.93,2943.56,1377.66,313.66
2026Q1,可隆-西北,马夹,144,145,59,253,621121.84,452,348,1982.63,584.82,871.46,1251.6,1602.49,1982.63,2362.76,2713.66,3210.76,1384.32,324.85
2026Q1,可隆-西北,软壳夹克,185,161,28,458,977648.82,579,374,2305.92,534.22,1290.89,1638.14,1958.67,2305.92,2653.16,2973.7,3427.79,1634.51,208.75
2026Q1,可隆-西北,配件,180,192,30,321,147040.97,542,402,442.76,136.44,183.53,272.21,354.08,442.76,531.44,613.3,729.27,264.13,34.0
2026Q1,可隆-西北,抓绒夹克,141,140,27,269,648335.04,496,308,1654.25,253.11,1173.34,1337.86,1489.73,1654.25,1818.77,1970.64,2185.78,1285.92,332.93
2026Q1,可隆-西北,防风夹克,171,330,47,490,1099408.02,898,548,1921.9,479.49,1010.86,1322.53,1610.23,1921.9,2233.57,2521.26,2928.83,1260.69,210.61
2026Q1,可隆-西北,其他,34,57,10,106,35865.32,152,101,259.39,37.95,187.28,211.95,234.72,259.39,284.06,306.83,339.09,217.04,50.19
2026Q1,可隆-西北,棉服,211,187,96,341,1305414.38,565,494,3202.41,832.0,1621.6,2162.41,2661.61,3202.41,3743.21,4242.41,4949.62,2248.73,606.91
2026Q1,可隆-西北,连衣裙,43,75,11,98,200340.19,177,129,1751.29,447.33,901.35,1192.12,1460.52,1751.29,2042.06,2310.46,2690.69,1153.84,196.55
2026Q1,可隆-西北,短裤,114,124,13,167,188811.11,384,251,744.03,177.67,406.47,521.95,628.55,744.03,859.52,966.12,1117.13,560.72,135.98
2026Q1,可隆-电商,防水夹克,425,631,234,1097,3793886.4,2103,1290,2973.39,749.82,1548.74,2036.12,2486.01,2973.39,3460.78,3910.67,4548.01,1826.04,464.93
2026Q1,可隆-电商,卫衣,185,542,124,752,847969.41,1214,851,1272.47,203.97,884.93,1017.51,1139.89,1272.47,1405.05,1527.43,1700.8,748.8,131.45
2026Q1,可隆-电商,长袖T恤,587,683,136,1312,1792378.76,2243,1406,1011.2,198.66,633.75,762.88,882.08,1011.2,1140.33,1259.53,1428.39,762.57,142.19
2026Q1,可隆-电商,三合一夹克,250,297,92,594,2663298.94,860,639,4337.06,1077.29,2290.21,2990.45,3636.82,4337.06,5037.3,5683.67,6599.37,3075.92,787.51
2026Q1,可隆-电商,POLO,527,595,125,1132,1406541.27,2046,1247,947.96,173.89,617.57,730.6,834.93,947.96,1060.99,1165.32,1313.13,716.69,87.45
2026Q1,可隆-电商,短袖T恤,434,586,250,1303,1051594.64,1790,1270,818.39,177.74,480.68,596.21,702.85,818.39,933.92,1040.56,1191.64,604.93,116.48
2026Q1,可隆-电商,长裤,778,542,222,1192,1915496.0,2256,1542,1412.66,423.42,608.17,883.39,1137.44,1412.66,1687.88,1941.93,2301.84,841.4,129.54
2026Q1,可隆-电商,衬衫,330,509,80,884,1300884.07,1370,919,1228.87,308.61,642.52,843.11,1028.28,1228.87,1429.47,1614.63,1876.95,925.58,147.1
2026Q1,可隆-电商,针织夹克,202,235,43,513,709074.1,640,480,1587.59,356.53,910.19,1141.94,1355.85,1587.59,1819.34,2033.25,2336.3,1095.56,135.38
2026Q1,可隆-电商,羽绒服,435,506,106,858,3778273.28,1512,1047,3573.98,716.14,2213.32,2678.81,3108.49,3573.98,4039.46,4469.14,5077.86,2495.58,610.8
2026Q1,可隆-电商,鞋,388,457,138,863,2159603.99,1349,983,2217.12,344.14,1563.26,1786.95,1993.43,2217.12,2440.81,2647.29,2939.81,1715.22,423.59
2026Q1,可隆-电商,马夹,111,356,78,485,637617.72,588,545,1709.65,294.87,1149.39,1341.06,1517.98,1709.65,1901.32,2078.24,2328.88,1189.84,146.66
2026Q1,可隆-电商,软壳夹克,403,767,185,1281,4083449.0,2048,1355,2682.56,811.34,1141.01,1668.38,2155.19,2682.56,3209.94,3696.74,4386.38,1916.41,477.22
2026Q1,可隆-电商,配件,541,480,144,871,520261.81,1751,1165,415.16,125.87,176.02,257.83,333.35,415.16,496.98,572.5,679.48,299.06,39.32
2026Q1,可隆-电商,抓绒夹克,224,254,97,455,1214045.92,936,575,1891.12,447.38,1041.1,1331.9,1600.33,1891.12,2181.92,2450.35,2830.62,1364.52,302.95
2026Q1,可隆-电商,防风夹克,332,321,122,854,1482034.5,1179,775,1772.93,444.04,929.25,1217.88,1484.3,1772.93,2061.55,2327.97,2705.41,1263.52,298.36
2026Q1,可隆-电商,其他,83,168,22,274,91902.12,507,273,275.42,60.42,160.61,199.89,236.14,275.42,314.69,350.95,402.31,189.81,23.1
2026Q1,可隆-电商,棉服,157,567,53,655,2377785.7,1193,777,2795.36,849.75,1180.83,1733.17,2243.02,2795.36,3347.7,3857.55,4579.84,2148.1,570.93
2026Q1,可隆-电商,连衣裙,64,81,12,152,159373.12,187,157,1222.29,255.36,737.11,903.09,1056.31,1222.29,1388.27,1541.48,1758.54,833.51,126.02
2026Q1,可隆-电商,短裤,107,333,68,509,376479.93,800,508,651.33,158.22,350.72,453.56,548.49,651.33,754.17,849.1,983.59,454.63,91.7
2026Q1,可隆-新疆,防水夹克,190,308,60,451,1441728.25,781,558,3012.25,863.51,1371.58,1932.86,2450.97,3012.25,3573.54,4091.64,4825.63,1788.18,495.84
2026Q1,可隆-新疆,卫衣,173,252,41,368,531230.37,685,466,1024.62,210.15,625.34,761.94,888.03,1024.62,1161.22,1287.31,1465.93,811.83,170.27
2026Q1,可隆-新疆,长袖T恤,113,81,25,186,165095.87,354,219,785.38,194.75,415.36,541.94,658.79,785.38,911.97,1028.82,1194.36,425.92,58.87
2026Q1,可隆-新疆,三合一夹克,131,173,33,230,1374886.08,472,337,3928.2,797.66,2412.63,2931.11,3409.71,3928.2,4446.68,4925.28,5603.29,3022.78,547.61
2026Q1,可隆-新疆,POLO,158,82,61,337,290748.56,526,301,888.56,253.99,405.99,571.08,723.47,888.56,1053.65,1206.05,1421.94,569.62,74.9
2026Q1,可隆-新疆,短袖T恤,101,73,32,181,160403.8,277,206,840.98,249.48,366.97,529.13,678.82,840.98,1003.15,1152.84,1364.9,597.79,151.94
2026Q1,可隆-新疆,长裤,156,189,49,320,647919.48,624,394,1306.8,384.99,575.33,825.57,1056.56,1306.8,1557.04,1788.03,2115.27,993.6,173.18
2026Q1,可隆-新疆,衬衫,64,153,41,243,401529.97,441,258,1242.82,231.99,802.03,952.83,1092.02,1242.82,1393.62,1532.81,1730.01,912.66,186.23
2026Q1,可隆-新疆,针织夹克,107,172,10,227,446791.67,496,289,1455.63,363.34,765.28,1001.45,1219.45,1455.63,1691.8,1909.81,2218.65,956.26,154.74
2026Q1,可隆-新疆,羽绒服,89,100,26,162,685063.73,363,215,3365.73,900.77,1654.27,2239.77,2780.23,3365.73,3951.23,4491.69,5257.34,1968.04,320.34
2026Q1,可隆-新疆,鞋,93,150,39,301,604290.25,490,282,1971.23,278.99,1441.14,1622.48,1789.88,1971.23,2152.57,2319.97,2557.11,1107.92,158.14
2026Q1,可隆-新疆,马夹,43,41,16,89,246887.52,173,100,2100.16,518.48,1115.05,1452.06,1763.15,2100.16,2437.17,2748.26,3188.96,1600.44,221.3
2026Q1,可隆-新疆,软壳夹克,140,190,31,340,1535170.13,646,361,2950.64,598.3,1813.86,2202.76,2561.74,2950.64,3339.54,3698.52,4207.08,2312.64,473.9
2026Q1,可隆-新疆,配件,50,104,32,162,98702.64,306,186,427.97,136.29,169.02,257.61,339.38,427.97,516.55,598.32,714.17,317.09,53.88
2026Q1,可隆-新疆,抓绒夹克,70,119,28,220,393766.41,329,217,1599.05,334.47,963.56,1180.96,1381.64,1599.05,1816.45,2017.13,2301.42,1154.41,253.44
2026Q1,可隆-新疆,防风夹克,148,212,48,339,1066320.21,690,408,2133.44,548.45,1091.39,1447.88,1776.95,2133.44,2489.94,2819.01,3285.19,1644.74,325.26
2026Q1,可隆-新疆,其他,17,67,4,72,24843.76,93,88,316.47,45.35,230.3,259.78,286.99,316.47,345.94,373.15,411.7,252.79,58.03
2026Q1,可隆-新疆,棉服,70,156,40,198,1031528.13,449,266,2768.77,688.92,1459.82,1907.62,2320.97,2768.77,3216.57,3629.92,4215.5,2157.41,322.18
2026Q1,可隆-新疆,连衣裙,16,16,6,29,63520.07,63,38,1709.51,408.4,933.55,1199.01,1444.05,1709.51,1974.97,2220.01,2567.15,980.87,211.42
2026Q1,可隆-新疆,短裤,87,145,51,224,240470.73,428,283,752.93,212.6,348.99,487.18,614.74,752.93,891.12,1018.68,1199.39,553.94,103.6
2026Q1,可隆-青海,防水夹克,122,169,59,252,1264590.59,486,350,3217.25,938.7,1433.73,2043.88,2607.1,3217.25,3827.4,4390.62,5188.51,2566.63,584.52
2026Q1,可隆-青海,卫衣,66,87,13,132,216216.41,243,166,1297.25,222.43,874.63,1019.21,1152.67,1297.25,1441.82,1575.28,1764.34,911.72,225.17
2026Q1,可隆-青海,长袖T恤,101,129,25,233,247172.77,396,255,980.66,137.94,718.57,808.23,891.0,980.66,1070.32,1153.09,1270.34,635.9,84.39
2026Q1,可隆-青海,三合一夹克,85,62,20,124,1019573.92,301,167,4463.38,825.19,2895.52,3431.89,3927.0,4463.38,4999.75,5494.86,6196.27,3491.07,847.45
2026Q1,可隆-青海,POLO,80,93,12,162,219692.18,294,185,970.0,149.9,685.18,782.62,872.56,970.0,1067.44,1157.38,1284.8,695.36,89.27
2026Q1,可隆-青海,短袖T恤,87,81,31,161,173416.23,345,199,777.51,142.26,507.23,599.69,685.05,777.51,869.98,955.33,1076.25,527.59,65.89
2026Q1,可隆-青海,长裤,80,96,24,200,395479.39,413,200,1249.71,347.83,588.83,814.92,1023.62,1249.71,1475.8,1684.49,1980.15,911.85,152.82
2026Q1,可隆-青海,衬衫,37,72,25,113,120804.87,201,134,959.78,194.18,590.84,717.05,833.56,959.78,1085.99,1202.5,1367.56,602.59,110.16
2026Q1,可隆-青海,针织夹克,43,39,22,96,179287.99,194,104,1397.99,354.39,724.63,954.99,1167.63,1397.99,1628.34,1840.98,2142.21,927.86,192.36
2026Q1,可隆-青海,羽绒服,27,34,7,65,203508.29,88,68,3481.8,862.14,1843.74,2404.13,2921.41,3481.8,4042.19,4559.47,5292.29,2363.0,333.48
2026Q1,可隆-青海,鞋,28,72,11,107,208582.94,173,111,2088.82,324.51,1472.25,1683.18,1877.89,2088.82,2299.75,2494.46,2770.29,1261.72,346.82
2026Q1,可隆-青海,马夹,63,52,12,95,241812.85,207,127,1759.41,447.11,909.91,1200.53,1468.79,1759.41,2050.03,2318.29,2698.33,1178.31,311.03
2026Q1,可隆-青海,软壳夹克,65,88,32,163,472878.65,280,185,2549.16,401.83,1785.68,2046.87,2287.97,2549.16,2810.35,3051.45,3393.0,1812.31,356.85
2026Q1,可隆-青海,配件,35,41,12,68,55450.67,143,88,491.47,128.99,246.4,330.24,407.63,491.47,575.32,652.71,762.35,363.28,78.31
2026Q1,可隆-青海,抓绒夹克,41,48,11,85,162640.9,159,100,1382.16,435.44,554.83,837.86,1099.12,1382.16,1665.19,1926.45,2296.58,979.32,267.55
2026Q1,可隆-青海,防风夹克,101,87,20,177,562638.52,319,208,2654.23,701.84,1320.73,1776.93,2198.03,2654.23,3110.42,3531.53,4128.09,1797.79,450.68
2026Q1,可隆-青海,其他,10,10,5,25,8715.29,35,25,316.0,45.19,230.14,259.51,286.63,316.0,345.37,372.49,410.9,246.4,49.74
2026Q1,可隆-青海,棉服,23,26,11,62,177845.54,84,60,2796.41,488.42,1868.42,2185.89,2478.94,2796.41,3113.89,3406.94,3822.1,1938.71,460.44
2026Q1,可隆-青海,连衣裙,14,22,6,37,67977.3,69,42,1288.34,340.49,641.4,862.72,1067.02,1288.34,1509.66,1713.95,2003.37,974.57,146.4
2026Q1,可隆-青海,短裤,40,43,9,85,119482.22,157,92,946.21,180.58,603.11,720.49,828.84,946.21,1063.59,1171.94,1325.43,752.4,165.73
2026Q1,可隆-线下山,防水夹克,168,213,75,395,1309710.67,650,456,2993.22,591.57,1869.23,2253.75,2608.7,2993.22,3377.74,3732.68,4235.51,2147.51,553.9
2026Q1,可隆-线下山,卫衣,101,177,42,294,401660.99,502,320,1293.19,391.89,548.61,803.33,1038.46,1293.19,1547.92,1783.05,2116.15,771.04,186.75
2026Q1,可隆-线下山,长袖T恤,208,458,112,595,620370.6,1100,778,845.91,214.5,438.36,577.79,706.49,845.91,985.34,1114.04,1296.37,584.11,102.02
2026Q1,可隆-线下山,三合一夹克,129,105,50,235,981143.19,470,284,3975.49,868.58,2325.19,2889.76,3410.91,3975.49,4540.06,5061.21,5799.5,2028.14,532.81
2026Q1,可隆-线下山,POLO,198,309,83,435,847911.59,993,590,1098.43,334.29,463.27,680.56,881.14,1098.43,1315.72,1516.3,1800.45,909.43,227.06
2026Q1,可隆-线下山,短袖T恤,135,170,72,351,218016.61,452,377,661.19,149.8,376.56,473.93,563.82,661.19,758.56,848.44,975.78,501.36,139.25
2026Q1,可隆-线下山,长裤,243,251,56,443,823880.97,953,550,1254.78,384.26,524.69,774.45,1005.01,1254.78,1504.55,1735.1,2061.73,891.27,148.85
2026Q1,可隆-线下山,衬衫,83,97,36,177,315927.18,378,216,1190.98,259.7,697.55,866.36,1022.18,1190.98,1359.79,1515.61,1736.35,861.52,171.48
2026Q1,可隆-线下山,针织夹克,132,221,19,281,618013.84,584,372,1576.29,443.87,732.94,1021.46,1287.78,1576.29,1864.81,2131.13,2508.42,1101.95,274.32
2026Q1,可隆-线下山,羽绒服,187,138,61,314,1190893.73,513,386,3194.72,811.4,1653.06,2180.47,2667.31,3194.72,3722.13,4208.97,4898.67,2606.64,474.63
2026Q1,可隆-线下山,鞋,117,151,42,290,837915.6,535,310,2315.33,639.04,1101.16,1516.53,1899.96,2315.33,2730.7,3114.13,3657.31,1633.7,388.74
2026Q1,可隆-线下山,马夹,80,71,8,154,364532.77,229,159,2062.29,622.18,880.14,1284.56,1657.87,2062.29,2466.71,2840.02,3368.88,1493.98,329.98
2026Q1,可隆-线下山,软壳夹克,222,156,31,379,1039099.47,554,409,2734.16,584.68,1623.26,2003.3,2354.11,2734.16,3114.2,3465.01,3961.98,1719.02,435.55
2026Q1,可隆-线下山,配件,131,171,43,297,148105.41,571,345,388.91,80.71,235.56,288.02,336.45,388.91,441.38,489.81,558.41,249.15,59.4
2026Q1,可隆-线下山,抓绒夹克,103,79,23,191,264439.72,256,205,1613.12,371.8,906.7,1148.37,1371.45,1613.12,1854.79,2077.87,2393.9,1011.27,164.87
2026Q1,可隆-线下山,防风夹克,155,125,28,293,872055.97,462,308,2377.73,741.01,969.81,1451.47,1896.07,2377.73,2859.38,3303.98,3933.84,1803.66,238.85
2026Q1,可隆-线下山,其他,29,38,7,52,21940.97,117,74,245.2,58.56,133.93,171.99,207.13,245.2,283.27,318.4,368.18,185.06,49.96
2026Q1,可隆-线下山,棉服,107,163,28,249,1112215.54,471,298,3174.06,923.94,1418.57,2019.13,2573.5,3174.06,3774.63,4328.99,5114.35,2292.18,567.62
2026Q1,可隆-线下山,连衣裙,28,26,8,53,89769.71,106,62,1211.1,276.2,686.32,865.85,1031.57,1211.1,1390.63,1556.36,1791.13,816.43,114.69
2026Q1,可隆-线下山,短裤,44,65,14,94,114228.73,192,123,725.78,108.15,520.3,590.6,655.48,725.78,796.07,860.96,952.88,578.5,132.51
2026Q2,可隆-东北,防水夹克,368,562,102,933,3913650.15,1787,1032,2685.69,759.51,1242.63,1736.31,2192.01,2685.69,3179.37,3635.08,4280.66,2170.93,565.12
2026Q2,可隆-东北,卫衣,128,341,43,579,513733.0,655,512,1024.74,283.86,485.42,669.92,840.24,1024.74,1209.25,1379.56,1620.84,838.14,226.73
2026Q2,可隆-东北,长袖T恤,395,594,120,944,1757921.49,2187,1109,933.46,261.99,435.68,605.97,763.16,933.46,1103.75,1260.94,1483.63,721.99,123.21
2026Q2,可隆-东北,三合一夹克,222,268,43,537,2937007.93,772,533,4533.37,1043.57,2550.6,3228.92,3855.05,4533.37,5211.69,5837.83,6724.86,3566.66,893.63
2026Q2,可隆-东北,POLO,270,378,78,771,921692.62,1103,726,970.83,181.36,626.23,744.12,852.94,970.83,1088.71,1197.53,1351.69,787.1,201.55
2026Q2,可隆-东北,短袖T恤,421,384,106,920,784402.3,1335,911,860.83,217.41,447.75,589.06,719.51,860.83,1002.14,1132.59,1317.39,601.6,90.58
2026Q2,可隆-东北,长裤,668,439,151,1026,1903562.06,2194,1258,1363.19,324.48,746.68,957.59,1152.28,1363.19,1574.1,1768.79,2044.59,885.76,163.23
2026Q2,可隆-东北,衬衫,122,200,32,278,372087.24,499,354,1054.35,333.1,421.47,637.98,837.83,1054.35,1270.86,1470.72,1753.85,717.29,142.93
2026Q2,可隆-东北,针织夹克,146,146,57,264,410093.14,415,349,1527.24,286.82,982.29,1168.72,1340.81,1527.24,1713.68,1885.77,2129.56,1054.43,220.46
2026Q2,可隆-东北,羽绒服,326,698,173,840,5334748.16,2294,1197,2481.13,511.03,1510.17,1842.34,2148.96,2481.13,2813.3,3119.92,3554.29,2218.9,300.69
2026Q2,可隆-东北,鞋,374,453,89,790,2350823.73,1520,916,2085.3,421.92,1283.66,1557.91,1811.06,2085.3,2359.55,2612.7,2971.33,1480.21,348.36
2026Q2,可隆-东北,马夹,85,165,26,304,572445.15,441,276,2048.36,613.25,883.18,1281.8,1649.75,2048.36,2446.97,2814.92,3336.19,1341.8,338.03
2026Q2,可隆-东北,软壳夹克,305,584,98,946,3939728.71,1729,987,2545.93,563.61,1475.07,1841.41,2179.58,2545.93,2912.27,3250.44,3729.51,2239.01,598.95
2026Q2,可隆-东北,配件,133,187,33,406,176386.3,619,353,421.24,106.64,218.62,287.94,351.92,421.24,490.55,554.54,645.18,279.69,44.68
2026Q2,可隆-东北,抓绒夹克,187,248,75,445,915435.8,809,510,1887.6,505.49,927.17,1255.74,1559.03,1887.6,2216.17,2519.47,2949.13,1182.61,144.76
2026Q2,可隆-东北,防风夹克,241,555,107,842,3427133.18,1707,903,2590.91,594.69,1460.99,1847.54,2204.36,2590.91,2977.46,3334.28,3839.77,1914.93,534.08
2026Q2,可隆-东北,其他,74,57,22,129,63886.12,274,153,326.91,61.62,209.83,249.88,286.86,326.91,366.96,403.93,456.31,238.18,48.56
2026Q2,可隆-东北,棉服,259,223,78,476,1331236.78,795,560,2984.74,529.76,1978.19,2322.54,2640.39,2984.74,3329.08,3646.94,4097.23,1744.06,466.97
2026Q2,可隆-东北,连衣裙,61,71,21,123,260417.16,231,153,1367.3,274.22,846.28,1024.52,1189.06,1367.3,1545.54,1710.08,1943.17,1026.81,165.83
2026Q2,可隆-东北,短裤,229,138,33,355,272044.8,591,400,727.43,107.38,523.41,593.2,657.63,727.43,797.23,861.66,952.93,447.59,77.77
2026Q2,可隆-华东,防水夹克,388,1417,135,1875,6649455.24,3004,1940,3070.14,843.77,1466.97,2015.42,2521.69,3070.14,3618.59,4124.86,4842.07,2161.12,504.25
2026Q2,可隆-华东,卫衣,523,647,230,990,2053804.89,2349,1400,1147.07,299.22,578.55,773.04,952.58,1147.07,1341.56,1521.09,1775.43,849.68,230.33
2026Q2,可隆-华东,长袖T恤,487,459,83,1136,762510.02,1514,1029,901.92,277.44,374.79,555.12,721.59,901.92,1082.26,1248.72,1484.54,519.44,95.83
2026Q2,可隆-华东,三合一夹克,218,395,125,676,3975188.32,1158,738,4354.0,1133.48,2200.39,2937.15,3617.24,4354.0,5090.76,5770.84,6734.3,3194.53,780.7
2026Q2,可隆-华东,POLO,445,509,120,913,949963.22,1591,1074,935.95,234.18,491.02,643.23,783.74,935.95,1088.16,1228.67,1427.72,605.29,110.12
2026Q2,可隆-华东,短袖T恤,838,778,209,1673,1952606.61,3053,1825,892.85,222.24,470.6,615.06,748.4,892.85,1037.31,1170.65,1359.55,699.75,123.22
2026Q2,可隆-华东,长裤,712,1016,248,1629,2387602.35,2761,1976,1246.17,276.39,721.03,900.68,1066.52,1246.17,1425.82,1591.66,1826.59,937.06,214.5
2026Q2,可隆-华东,衬衫,380,302,110,688,1047184.04,1432,792,1058.14,182.47,711.44,830.05,939.53,1058.14,1176.74,1286.22,1441.32,733.64,147.47
2026Q2,可隆-华东,针织夹克,161,235,53,385,600118.77,656,449,1515.98,371.49,810.15,1051.62,1274.51,1515.98,1757.45,1980.35,2296.11,896.19,131.33
2026Q2,可隆-华东,羽绒服,315,463,97,870,4065948.27,1705,875,3724.99,524.33,2728.77,3069.58,3384.18,3724.99,4065.81,4380.4,4826.08,2482.1,539.26
2026Q2,可隆-华东,鞋,422,654,169,1028,4084103.03,2170,1245,2297.54,386.62,1562.97,1814.27,2046.24,2297.54,2548.84,2780.81,3109.44,1790.83,489.51
2026Q2,可隆-华东,马夹,218,308,50,514,1528239.34,939,576,1916.29,509.08,949.05,1279.95,1585.39,1916.29,2247.19,2552.64,2985.35,1659.88,320.36
2026Q2,可隆-华东,软壳夹克,500,901,357,1554,4015584.72,1939,1758,2916.38,516.22,1935.55,2271.1,2580.83,2916.38,3251.92,3561.65,4000.44,2119.0,367.11
2026Q2,可隆-华东,配件,441,374,122,755,389594.1,1355,937,448.94,85.68,286.15,341.84,393.25,448.94,504.63,556.04,628.87,304.65,37.59
2026Q2,可隆-华东,抓绒夹克,185,402,115,661,799221.9,742,702,1515.27,286.49,970.94,1157.16,1329.05,1515.27,1701.49,1873.38,2116.89,1053.71,287.3
2026Q2,可隆-华东,防风夹克,243,500,111,751,2150825.74,1429,854,2017.64,349.68,1353.25,1580.54,1790.35,2017.64,2244.93,2454.74,2751.96,1366.51,359.69
2026Q2,可隆-华东,其他,78,58,30,168,52424.15,222,166,307.53,95.77,125.56,187.81,245.28,307.53,369.78,427.24,508.65,230.58,59.45
2026Q2,可隆-华东,棉服,279,263,95,601,2060335.86,910,637,2780.14,527.25,1778.36,2121.08,2437.43,2780.14,3122.86,3439.21,3887.37,2380.57,505.75
2026Q2,可隆-华东,连衣裙,60,82,7,127,233318.98,233,149,1522.09,424.79,714.99,991.1,1245.98,1522.09,1798.2,2053.07,2414.14,990.1,235.09
2026Q2,可隆-华东,短裤,301,354,43,675,581276.47,996,698,833.31,205.17,443.49,576.85,699.95,833.31,966.67,1089.78,1264.17,588.71,133.11
2026Q2,可隆-华北,防水夹克,720,1172,64,1662,8701496.16,3470,1956,3382.43,537.93,2360.36,2710.01,3032.78,3382.43,3732.09,4054.85,4512.1,2504.66,570.45
2026Q2,可隆-华北,卫衣,286,466,119,786,1219754.93,1573,871,1250.47,187.29,894.62,1016.36,1128.73,1250.47,1372.2,1484.57,1643.77,822.51,112.33
2026Q2,可隆-华北,长袖T恤,398,444,61,904,846775.55,1366,903,1037.79,318.8,432.07,639.29,830.57,1037.79,1245.01,1436.29,1707.27,640.05,126.06
2026Q2,可隆-华北,三合一夹克,268,297,52,639,2185811.57,815,617,3869.87,1085.28,1807.84,2513.27,3164.44,3869.87,4575.3,5226.47,6148.96,2856.15,754.7
2026Q2,可隆-华北,POLO,441,458,80,725,1156190.9,1680,979,892.67,239.41,437.8,593.41,737.06,892.67,1048.29,1191.93,1395.43,728.58,151.46
2026Q2,可隆-华北,短袖T恤,243,546,91,692,648459.48,1334,880,746.62,194.37,377.31,503.65,620.28,746.62,872.96,989.59,1154.8,539.97,125.33
2026Q2,可隆-华北,长裤,396,650,97,1145,1834242.19,1513,1143,1625.14,498.11,678.74,1002.51,1301.37,1625.14,1948.91,2247.78,2671.17,1159.86,163.67
2026Q2,可隆-华北,衬衫,228,272,41,438,562307.45,726,541,1056.82,193.71,688.76,814.68,930.91,1056.82,1182.73,1298.96,1463.62,723.89,113.44
2026Q2,可隆-华北,针织夹克,185,247,68,418,1202623.93,859,500,1529.65,217.01,1117.34,1258.39,1388.6,1529.65,1670.71,1800.91,1985.37,1350.62,230.99
2026Q2,可隆-华北,羽绒服,416,280,164,666,1761991.82,860,860,2871.92,854.86,1247.69,1803.35,2316.27,2871.92,3427.58,3940.5,4667.13,2066.05,268.96
2026Q2,可隆-华北,鞋,361,502,54,938,2105217.12,1434,917,2282.53,573.73,1192.44,1565.36,1909.6,2282.53,2655.46,2999.7,3487.37,1421.14,283.78
2026Q2,可隆-华北,马夹,155,105,57,342,586608.52,395,317,2030.12,450.71,1173.77,1466.73,1737.16,2030.12,2323.08,2593.51,2976.61,1390.11,211.66
2026Q2,可隆-华北,软壳夹克,371,344,179,764,1925369.38,1378,894,2498.05,426.99,1686.77,1964.31,2220.51,2498.05,2775.59,3031.78,3394.72,1478.46,206.21
2026Q2,可隆-华北,配件,93,367,45,406,259758.91,751,505,408.21,84.34,247.96,302.78,353.38,408.21,463.03,513.63,585.33,318.95,51.54
2026Q2,可隆-华北,抓绒夹克,179,263,74,457,753068.41,784,516,1686.77,535.21,669.87,1017.75,1338.88,1686.77,2034.66,2355.79,2810.72,1087.34,234.13
2026Q2,可隆-华北,防风夹克,500,488,110,1056,3497619.15,2059,1098,2166.04,553.15,1115.06,1474.61,1806.5,2166.04,2525.59,2857.48,3327.66,1566.38,286.49
2026Q2,可隆-华北,其他,126,158,42,239,68436.17,339,326,309.69,85.85,146.57,202.38,253.89,309.69,365.49,417.0,489.97,203.99,50.65
2026Q2,可隆-华北,棉服,267,299,83,557,1971566.67,991,649,2874.44,771.64,1408.31,1909.88,2372.87,2874.44,3376.01,3839.0,4494.89,2087.85,253.05
2026Q2,可隆-华北,连衣裙,74,84,21,135,375989.11,309,179,1512.55,435.61,684.89,968.04,1229.4,1512.55,1795.69,2057.06,2427.32,1202.65,205.83
2026Q2,可隆-华北,短裤,49,230,49,271,346387.9,533,328,922.55,136.63,662.95,751.76,833.74,922.55,1011.36,1093.34,1209.48,662.41,166.7
2026Q2,可隆-华南,防水夹克,511,595,170,1156,3821856.63,1853,1276,2877.46,506.89,1914.38,2243.85,2547.99,2877.46,3206.94,3511.07,3941.93,1890.57,457.51
2026Q2,可隆-华南,卫衣,323,182,47,560,648917.39,849,552,1103.61,273.89,583.23,761.25,925.59,1103.61,1281.64,1445.97,1678.77,826.82,226.57
2026Q2,可隆-华南,长袖T恤,255,687,90,891,891528.98,1350,1032,815.13,152.43,525.51,624.59,716.05,815.13,914.2,1005.66,1135.23,655.32,122.0
2026Q2,可隆-华南,三合一夹克,255,331,94,538,3590094.16,1122,680,4752.03,1486.59,1927.5,2893.78,3785.74,4752.03,5718.31,6610.27,7873.87,3430.82,744.93
2026Q2,可隆-华南,POLO,247,414,115,646,922305.47,1004,776,1039.15,243.56,576.38,734.7,880.83,1039.15,1197.47,1343.6,1550.63,904.0,124.83
2026Q2,可隆-华南,短袖T恤,582,1028,109,1475,1685790.96,3011,1719,844.54,137.24,583.78,672.98,755.33,844.54,933.74,1016.09,1132.74,562.65,141.66
2026Q2,可隆-华南,长裤,407,448,159,1057,1613204.5,1657,1014,1376.92,414.8,588.8,858.42,1107.3,1376.92,1646.55,1895.43,2248.01,985.88,220.96
2026Q2,可隆-华南,衬衫,444,316,149,845,901266.78,1235,909,1079.02,256.0,592.61,759.01,912.61,1079.02,1245.42,1399.02,1616.63,786.75,216.21
2026Q2,可隆-华南,针织夹克,91,156,50,247,420178.04,409,297,1545.96,343.09,894.1,1117.11,1322.96,1545.96,1768.97,1974.82,2266.45,1039.6,270.49
2026Q2,可隆-华南,羽绒服,350,524,149,895,5440474.1,1806,1023,3449.98,805.2,1920.09,2443.47,2926.59,3449.98,3973.36,4456.48,5140.9,2913.17,427.66
2026Q2,可隆-华南,鞋,212,333,82,638,1422679.23,896,627,2014.42,536.49,995.1,1343.82,1665.71,2014.42,2363.14,2685.03,3141.04,1542.54,319.15
2026Q2,可隆-华南,马夹,118,272,59,334,956150.07,689,449,1904.55,298.66,1337.09,1531.22,1710.42,1904.55,2098.69,2277.88,2531.75,1370.33,377.38
2026Q2,可隆-华南,软壳夹克,479,523,124,992,3252732.7,1718,1126,2514.32,693.21,1197.22,1647.8,2063.73,2514.32,2964.91,3380.84,3970.07,1835.96,229.91
2026Q2,可隆-华南,配件,200,360,101,605,277776.8,872,661,437.45,115.41,218.17,293.19,362.44,437.45,512.47,581.72,679.82,332.86,44.68
2026Q2,可隆-华南,抓绒夹克,258,372,84,670,1563449.89,1177,714,1699.3,512.39,725.75,1058.81,1366.24,1699.3,2032.35,2339.79,2775.32,1357.8,252.66
2026Q2,可隆-华南,防风夹克,223,269,26,459,1370353.26,788,518,2398.19,687.99,1091.02,1538.21,1951.0,2398.19,2845.38,3258.18,3842.97,1735.78,390.01
2026Q2,可隆-华南,其他,97,158,19,288,68846.29,461,274,257.03,50.27,161.51,194.18,224.35,257.03,289.7,319.87,362.6,160.18,25.33
2026Q2,可隆-华南,棉服,174,233,13,402,1405281.79,702,420,2818.49,805.58,1287.89,1811.52,2294.86,2818.49,3342.11,3825.46,4510.2,2253.44,597.58
2026Q2,可隆-华南,连衣裙,65,69,20,156,224260.29,215,154,1812.71,473.72,912.64,1220.56,1504.79,1812.71,2120.63,2404.86,2807.53,1122.52,264.09
2026Q2,可隆-华南,短裤,445,216,82,623,398441.72,881,743,896.13,147.09,616.66,712.27,800.52,896.13,991.74,1080.0,1205.03,484.73,119.85
2026Q2,可隆-华西,防水夹克,252,458,40,678,2461359.14,1042,750,3016.92,852.7,1396.78,1951.04,2462.66,3016.92,3571.18,4082.8,4807.59,2329.36,286.65
2026Q2,可隆-华西,卫衣,370,512,98,797,1412408.14,1436,980,1164.42,264.8,661.29,833.41,992.29,1164.42,1336.54,1495.42,1720.5,937.89,124.5
2026Q2,可隆-华西,长袖T恤,261,577,102,900,1091125.03,1457,940,959.5,269.95,446.59,622.06,784.03,959.5,1134.97,1296.94,1526.4,733.49,134.32
2026Q2,可隆-华西,三合一夹克,180,458,66,583,3475849.66,1306,704,4069.27,607.24,2915.51,3310.22,3674.57,4069.27,4463.98,4828.33,5344.48,2844.93,418.09
2026Q2,可隆-华西,POLO,365,568,90,882,862767.96,1255,1023,1088.98,239.3,634.3,789.85,933.43,1088.98,1244.53,1388.11,1591.52,676.85,101.98
2026Q2,可隆-华西,短袖T恤,427,543,154,887,776531.37,2146,1124,684.59,137.52,423.3,512.69,595.2,684.59,773.98,856.49,973.38,392.18,106.38
2026Q2,可隆-华西,长裤,235,338,104,547,1124681.41,965,677,1284.89,385.49,552.46,803.03,1034.32,1284.89,1535.46,1766.76,2094.43,1131.81,273.12
2026Q2,可隆-华西,衬衫,258,166,54,408,418591.52,583,478,1037.0,278.02,508.77,689.48,856.29,1037.0,1217.71,1384.52,1620.84,700.95,168.89
2026Q2,可隆-华西,针织夹克,115,249,29,349,570390.76,617,393,1424.72,209.31,1027.03,1163.08,1288.67,1424.72,1560.77,1686.35,1864.26,930.87,195.62
2026Q2,可隆-华西,羽绒服,305,210,66,615,3574406.48,1071,581,4007.31,887.01,2322.0,2898.55,3430.75,4007.31,4583.86,5116.06,5870.02,3344.51,499.62
2026Q2,可隆-华西,鞋,298,239,49,735,1200242.57,906,586,2020.96,528.03,1017.7,1360.92,1677.74,2020.96,2364.18,2681.0,3129.82,1340.74,186.61
2026Q2,可隆-华西,马夹,156,254,13,345,694683.39,617,423,1683.88,236.76,1234.03,1387.93,1529.98,1683.88,1837.78,1979.83,2181.08,1114.59,284.93
2026Q2,可隆-华西,软壳夹克,271,646,28,810,2968404.3,1584,945,2552.63,368.09,1853.26,2092.52,2313.37,2552.63,2791.88,3012.74,3325.61,1972.79,410.81
2026Q2,可隆-华西,配件,186,297,123,561,366358.82,1036,606,401.51,109.18,194.07,265.04,330.54,401.51,472.48,537.98,630.79,332.05,67.24
2026Q2,可隆-华西,抓绒夹克,232,293,48,494,924853.76,802,573,1723.1,459.05,850.91,1149.29,1424.72,1723.1,2021.48,2296.91,2687.1,1132.08,157.07
2026Q2,可隆-华西,防风夹克,198,310,32,526,1199536.0,921,540,2593.79,466.13,1708.15,2011.13,2290.81,2593.79,2896.77,3176.45,3572.65,1341.79,173.74
2026Q2,可隆-华西,其他,82,96,16,164,66365.4,319,194,302.89,73.39,163.44,211.15,255.18,302.89,350.6,394.63,457.02,208.54,55.34
2026Q2,可隆-华西,棉服,108,184,50,287,845782.37,497,342,2453.05,542.89,1421.56,1774.44,2100.17,2453.05,2805.92,3131.66,3593.11,1757.14,474.81
2026Q2,可隆-华西,连衣裙,23,52,9,72,128274.57,111,84,1397.6,423.63,592.72,868.07,1122.25,1397.6,1672.96,1927.14,2287.22,1094.88,294.11
2026Q2,可隆-华西,短裤,172,191,44,318,401991.25,710,407,850.26,244.54,385.64,544.59,691.31,850.26,1009.21,1155.94,1363.8,578.34,116.39
2026Q2,可隆-安徽,防水夹克,258,494,206,780,3557037.23,1324,958,3791.61,960.31,1967.01,2591.22,3167.4,3791.61,4415.81,4992.0,5808.27,2579.49,697.66
2026Q2,可隆-安徽,卫衣,282,200,88,503,510461.99,650,570,1232.88,310.42,643.07,844.85,1031.1,1232.88,1434.65,1620.91,1884.77,764.73,172.69
2026Q2,可隆-安徽,长袖T恤,296,314,32,512,651031.92,1039,642,894.12,270.33,380.49,556.2,718.4,894.12,1069.83,1232.03,1461.81,611.72,139.56
2026Q2,可隆-安徽,三合一夹克,233,190,27,369,1537845.3,685,450,4116.61,611.27,2955.2,3352.52,3719.29,4116.61,4513.94,4880.71,5400.29,2461.09,375.68
2026Q2,可隆-安徽,POLO,202,378,96,632,677268.12,963,676,899.4,193.38,531.97,657.67,773.7,899.4,1025.1,1141.12,1305.5,679.0,124.96
2026Q2,可隆-安徽,短袖T恤,201,436,99,664,304077.59,756,736,733.27,138.03,471.02,560.74,643.55,733.27,822.99,905.8,1023.13,428.61,60.69
2026Q2,可隆-安徽,长裤,229,250,63,497,737919.55,845,542,1496.41,218.84,1080.63,1222.87,1354.17,1496.41,1638.66,1769.96,1955.97,820.0,123.5
2026Q2,可隆-安徽,衬衫,123,244,31,314,455491.05,630,398,910.15,241.46,451.38,608.33,753.2,910.15,1067.1,1211.97,1417.21,704.39,156.51
2026Q2,可隆-安徽,针织夹克,96,235,50,361,666142.44,632,381,1328.16,391.96,583.43,838.21,1073.38,1328.16,1582.93,1818.11,2151.28,1067.02,287.08
2026Q2,可隆-安徽,羽绒服,216,346,109,569,2072150.46,854,671,3608.42,1073.78,1568.24,2266.2,2910.46,3608.42,4306.37,4950.64,5863.35,2611.59,546.4
2026Q2,可隆-安徽,鞋,311,211,144,579,1913852.1,1106,666,2079.97,412.14,1296.9,1564.79,1812.08,2079.97,2347.85,2595.14,2945.45,1811.11,397.4
2026Q2,可隆-安徽,马夹,111,95,33,219,569896.75,364,239,1945.4,430.62,1127.22,1407.12,1665.49,1945.4,2225.3,2483.67,2849.7,1456.81,278.31
2026Q2,可隆-安徽,软壳夹克,181,492,79,678,2761088.71,1265,752,3014.37,450.55,2158.33,2451.19,2721.51,3014.37,3307.22,3577.55,3960.51,2222.84,378.02
2026Q2,可隆-安徽,配件,164,243,76,368,160109.82,656,483,363.43,91.04,190.45,249.63,304.25,363.43,422.61,477.23,554.62,258.83,48.82
2026Q2,可隆-安徽,抓绒夹克,172,139,87,375,860763.74,723,398,1775.51,503.4,819.06,1146.27,1448.3,1775.51,2102.72,2404.76,2832.65,1199.34,291.66
2026Q2,可隆-安徽,防风夹克,285,404,125,613,2395460.02,1505,814,2146.64,620.0,968.64,1371.64,1743.64,2146.64,2549.64,2921.64,3448.64,1537.14,368.2
2026Q2,可隆-安徽,其他,44,70,14,118,57458.39,254,128,287.54,78.24,138.87,189.73,236.68,287.54,338.39,385.34,451.85,220.5,33.84
2026Q2,可隆-安徽,棉服,169,192,70,377,1421367.88,744,431,2410.31,567.48,1332.1,1700.96,2041.45,2410.31,2779.17,3119.65,3602.01,1893.06,473.63
2026Q2,可隆-安徽,连衣裙,38,60,8,88,192510.83,198,106,1308.13,211.86,905.59,1043.3,1170.42,1308.13,1445.84,1572.95,1753.03,993.15,195.74
2026Q2,可隆-安徽,短裤,114,143,37,296,349674.29,520,294,825.99,201.96,442.26,573.53,694.71,825.99,957.26,1078.44,1250.11,633.95,158.75
2026Q2,可隆-山西,防水夹克,435,425,83,736,3086353.19,1263,943,3315.84,659.63,2062.55,2491.31,2887.08,3315.84,3744.59,4140.37,4701.05,2462.81,661.84
2026Q2,可隆-山西,卫衣,383,232,152,627,1374166.26,1227,767,1248.48,374.26,537.39,780.66,1005.21,1248.48,1491.75,1716.31,2034.43,1091.53,137.46
2026Q2,可隆-山西,长袖T恤,241,292,53,552,617347.19,901,586,863.39,136.06,604.87,693.31,774.95,863.39,951.84,1033.48,1149.13,662.84,174.91
2026Q2,可隆-山西,三合一夹克,67,343,38,359,2190694.77,619,448,4523.35,1299.51,2054.27,2898.95,3678.66,4523.35,5368.03,6147.74,7252.33,3586.7,789.94
2026Q2,可隆-山西,POLO,221,278,15,491,330568.88,693,514,757.89,171.51,432.01,543.49,646.4,757.89,869.37,972.28,1118.06,515.68,108.11
2026Q2,可隆-山西,短袖T恤,302,492,44,699,1089079.55,1704,838,833.54,178.6,494.19,610.28,717.44,833.54,949.63,1056.79,1208.6,645.44,145.91
2026Q2,可隆-山西,长裤,188,379,84,616,822777.58,786,651,1267.65,231.9,827.04,977.78,1116.92,1267.65,1418.39,1557.53,1754.65,1039.6,172.7
2026Q2,可隆-山西,衬衫,154,218,61,396,521137.94,687,433,1103.49,252.79,623.2,787.51,939.18,1103.49,1267.81,1419.48,1634.35,737.5,197.07
2026Q2,可隆-山西,针织夹克,105,178,53,312,725539.94,558,336,1549.4,436.27,720.49,1004.06,1265.83,1549.4,1832.98,2094.74,2465.57,1237.97,269.38
2026Q2,可隆-山西,羽绒服,137,337,32,371,1526458.93,685,506,3235.0,664.97,1971.57,2403.8,2802.78,3235.0,3667.23,4066.21,4631.43,2314.74,298.29
2026Q2,可隆-山西,鞋,163,322,27,489,882499.5,720,512,2056.45,302.74,1481.25,1678.03,1859.67,2056.45,2253.23,2434.87,2692.2,1217.41,213.32
2026Q2,可隆-山西,马夹,93,83,35,260,352102.51,296,211,1665.6,468.21,776.01,1080.34,1361.26,1665.6,1969.93,2250.86,2648.83,1112.31,250.48
2026Q2,可隆-山西,软壳夹克,250,225,15,457,1090577.38,675,490,2197.25,467.14,1309.68,1613.32,1893.6,2197.25,2500.89,2781.17,3178.24,1775.76,391.98
2026Q2,可隆-山西,配件,77,208,36,308,212421.63,549,321,439.51,135.28,182.47,270.41,351.58,439.51,527.44,608.61,723.6,384.81,63.26
2026Q2,可隆-山西,抓绒夹克,188,249,57,403,901681.38,702,494,1623.56,405.75,852.62,1116.37,1359.82,1623.56,1887.3,2130.75,2475.64,1239.08,176.42
2026Q2,可隆-山西,防风夹克,269,275,45,512,953727.9,589,589,2559.89,372.17,1852.77,2094.68,2317.98,2559.89,2801.8,3025.1,3341.44,1682.85,419.5
2026Q2,可隆-山西,其他,53,135,18,174,68784.77,289,206,322.57,76.64,176.96,226.77,272.76,322.57,372.38,418.37,483.51,227.92,52.77
2026Q2,可隆-山西,棉服,141,109,14,251,744180.46,334,264,3108.88,687.3,1803.02,2249.76,2662.14,3108.88,3555.62,3968.0,4552.2,2372.6,393.71
2026Q2,可隆-山西,连衣裙,53,56,14,96,182929.78,187,123,1545.73,219.44,1128.79,1271.43,1403.09,1545.73,1688.37,1820.03,2006.55,1079.03,140.51
2026Q2,可隆-山西,短裤,111,231,69,365,323437.42,670,411,718.16,113.22,503.04,576.64,644.57,718.16,791.76,859.69,955.93,499.34,134.47
2026Q2,可隆-西北,防水夹克,456,348,160,904,5095600.49,1842,964,3779.51,1170.43,1555.68,2316.46,3018.73,3779.51,4540.29,5242.55,6237.42,2832.25,412.82
2026Q2,可隆-西北,卫衣,227,311,38,499,901890.08,1025,576,1288.04,315.49,688.61,893.68,1082.97,1288.04,1493.11,1682.4,1950.57,884.72,219.9
2026Q2,可隆-西北,长袖T恤,216,240,46,500,502329.44,854,502,865.77,188.7,507.24,629.89,743.11,865.77,988.43,1101.65,1262.04,565.25,103.65
2026Q2,可隆-西北,三合一夹克,148,161,51,305,1509449.57,567,360,3970.7,1251.77,1592.33,2405.98,3157.04,3970.7,4784.35,5535.41,6599.42,2685.24,746.52
2026Q2,可隆-西北,POLO,231,253,19,459,739580.77,807,503,1074.58,217.06,662.16,803.25,933.49,1074.58,1215.67,1345.91,1530.41,928.43,128.02
2026Q2,可隆-西北,短袖T恤,266,512,125,708,537078.38,1275,903,581.78,133.4,328.32,415.03,495.07,581.78,668.49,748.52,861.91,425.81,71.55
2026Q2,可隆-西北,长裤,204,440,67,467,818140.83,876,711,1187.76,181.53,842.86,960.85,1069.77,1187.76,1305.75,1414.67,1568.97,850.03,235.86
2026Q2,可隆-西北,衬衫,87,204,33,286,401528.22,503,324,1078.82,345.07,423.18,647.48,854.52,1078.82,1303.11,1510.15,1803.46,827.73,189.37
2026Q2,可隆-西北,针织夹克,76,157,34,229,486637.22,472,267,1651.88,384.16,921.98,1171.69,1402.18,1651.88,1901.58,2132.08,2458.61,1029.8,139.2
2026Q2,可隆-西北,羽绒服,201,158,38,382,1666216.76,611,397,3895.39,791.58,2391.39,2905.91,3380.86,3895.39,4409.92,4884.86,5557.71,2709.73,638.9
2026Q2,可隆-西北,鞋,220,246,22,441,1261307.17,851,488,2089.73,304.51,1511.15,1709.08,1891.79,2089.73,2287.66,2470.37,2729.21,1513.14,263.75
2026Q2,可隆-西北,马夹,79,105,27,165,478845.03,322,211,2065.68,392.23,1320.44,1575.39,1810.73,2065.68,2320.63,2555.96,2889.36,1478.26,393.56
2026Q2,可隆-西北,软壳夹克,211,422,93,592,2371623.98,1338,726,2363.97,552.9,1313.46,1672.85,2004.59,2363.97,2723.36,3055.1,3525.06,1803.89,236.38
2026Q2,可隆-西北,配件,190,241,38,347,133007.79,582,469,440.32,104.45,241.86,309.75,372.43,440.32,508.21,570.89,659.67,231.49,31.94
2026Q2,可隆-西北,抓绒夹克,125,172,49,270,595143.56,632,346,1502.51,470.76,608.06,914.05,1196.51,1502.51,1808.5,2090.96,2491.11,1057.69,159.59
2026Q2,可隆-西北,防风夹克,221,356,70,543,1183867.72,916,647,1969.15,565.28,895.11,1262.55,1601.72,1969.15,2336.58,2675.75,3156.25,1300.28,316.8
2026Q2,可隆-西北,其他,63,53,23,118,29120.02,184,139,266.38,49.96,171.45,203.93,233.91,266.38,298.86,328.84,371.31,167.25,29.41
2026Q2,可隆-西北,棉服,121,152,52,314,1441179.2,571,325,3152.63,782.11,1666.62,2174.99,2644.25,3152.63,3661.0,4130.26,4795.06,2284.77,596.18
2026Q2,可隆-西北,连衣裙,32,49,11,81,122307.68,137,92,1471.11,270.91,956.39,1132.48,1295.02,1471.11,1647.21,1809.75,2040.03,918.86,225.79
2026Q2,可隆-西北,短裤,103,131,43,269,228973.42,390,277,710.69,112.98,496.02,569.46,637.25,710.69,784.13,851.92,947.95,569.86,112.64
2026Q2,可隆-电商,防水夹克,464,904,69,1442,3510769.68,2134,1437,2606.45,405.84,1835.36,2099.15,2342.65,2606.45,2870.24,3113.74,3458.7,1652.0,312.2
2026Q2,可隆-电商,卫衣,769,616,69,1117,2436202.98,2364,1454,1336.79,247.49,866.55,1027.42,1175.91,1336.79,1497.66,1646.15,1856.52,1065.89,142.42
2026Q2,可隆-电商,长袖T恤,509,646,176,1056,1766548.59,2484,1331,864.72,137.93,602.66,692.31,775.07,864.72,954.37,1037.13,1154.37,701.79,155.72
2026Q2,可隆-电商,三合一夹克,234,454,59,747,2995606.7,1077,747,3873.17,983.09,2005.29,2644.3,3234.16,3873.17,4512.18,5102.04,5937.67,3169.93,590.09
2026Q2,可隆-电商,POLO,335,494,99,815,999744.36,1561,928,1030.57,261.52,533.68,703.67,860.58,1030.57,1200.56,1357.48,1579.77,692.55,185.54
2026Q2,可隆-电商,短袖T恤,556,699,143,1172,1964840.75,2869,1398,806.91,222.85,383.49,528.34,662.06,806.91,951.77,1085.48,1274.91,667.79,150.72
2026Q2,可隆-电商,长裤,585,559,159,1348,1499603.5,1637,1303,1406.04,250.25,930.56,1093.22,1243.37,1406.04,1568.7,1718.86,1931.57,885.67,145.4
2026Q2,可隆-电商,衬衫,406,484,123,873,798852.17,1402,1013,1005.1,318.55,399.84,606.9,798.03,1005.1,1212.16,1403.29,1674.06,591.48,105.75
2026Q2,可隆-电商,针织夹克,176,333,50,471,723388.75,798,559,1424.09,264.84,920.89,1093.04,1251.95,1424.09,1596.24,1755.15,1980.26,928.57,131.7
2026Q2,可隆-电商,羽绒服,414,561,122,1370,3993339.84,1753,1097,2960.07,781.58,1475.08,1983.1,2452.05,2960.07,3468.1,3937.04,4601.38,2261.9,562.23
2026Q2,可隆-电商,鞋,500,558,95,933,3616677.21,1917,1153,2173.3,594.84,1043.1,1429.75,1786.65,2173.3,2559.94,2916.85,3422.46,1839.22,499.83
2026Q2,可隆-电商,马夹,157,149,47,453,734791.59,590,353,1862.1,552.67,812.03,1171.26,1502.86,1862.1,2221.33,2552.93,3022.69,1272.27,214.97
2026Q2,可隆-电商,软壳夹克,472,1114,241,1452,5614331.5,3105,1827,2643.07,823.85,1077.75,1613.26,2107.57,2643.07,3178.58,3672.89,4373.17,1859.29,424.08
2026Q2,可隆-电商,配件,160,285,106,606,220887.41,978,551,373.26,74.87,231.01,279.67,324.6,373.26,421.92,466.85,530.48,238.23,60.61
2026Q2,可隆-电商,抓绒夹克,285,325,180,688,1256093.42,1234,790,1595.1,238.06,1142.79,1297.53,1440.36,1595.1,1749.83,1892.67,2095.01,1045.78,154.36
2026Q2,可隆-电商,防风夹克,498,823,221,1293,3654083.41,2524,1542,2213.42,492.03,1278.56,1598.38,1893.6,2213.42,2533.25,2828.47,3246.7,1409.73,275.73
2026Q2,可隆-电商,其他,122,107,27,270,63507.66,330,256,281.73,52.37,182.24,216.28,247.7,281.73,315.77,347.19,391.7,192.8,50.7
2026Q2,可隆-电商,棉服,312,498,167,762,3382694.78,1684,977,2727.87,512.83,1753.5,2086.83,2394.53,2727.87,3061.21,3368.9,3804.81,1938.66,348.87
2026Q2,可隆-电商,连衣裙,72,132,21,228,390458.41,478,225,1236.44,197.32,861.52,989.78,1108.18,1236.44,1364.7,1483.09,1650.82,793.22,194.43
2026Q2,可隆-电商,短裤,375,348,88,634,635344.48,982,811,775.28,138.12,512.85,602.63,685.5,775.28,865.06,947.93,1065.33,588.89,127.91
2026Q2,可隆-新疆,防水夹克,193,264,46,513,1790006.84,728,503,3350.12,711.37,1998.51,2460.9,2887.73,3350.12,3812.51,4239.33,4843.99,2322.78,299.47
2026Q2,可隆-新疆,卫衣,118,169,52,346,436480.87,488,339,1155.3,204.29,767.15,899.94,1022.51,1155.3,1288.09,1410.66,1584.31,867.08,180.51
2026Q2,可隆-新疆,长袖T恤,105,237,65,364,325531.87,536,407,803.66,193.32,436.35,562.01,678.0,803.66,929.32,1045.32,1209.64,598.77,73.18
2026Q2,可隆-新疆,三合一夹克,86,109,43,164,1075693.09,359,238,4363.24,1367.55,1764.9,2653.8,3474.33,4363.24,5252.14,6072.67,7235.08,3278.48,519.44
2026Q2,可隆-新疆,POLO,211,118,64,340,464684.39,602,393,948.92,283.96,409.39,593.97,764.35,948.92,1133.5,1303.87,1545.24,763.67,135.57
2026Q2,可隆-新疆,短袖T恤,213,288,79,450,349659.47,709,580,739.78,167.03,422.42,530.99,631.21,739.78,848.35,948.57,1090.55,506.57,105.02
2026Q2,可隆-新疆,长裤,147,138,45,277,455332.63,384,330,1586.78,420.12,788.55,1061.63,1313.7,1586.78,1859.87,2111.94,2469.04,1090.63,177.21
2026Q2,可隆-新疆,衬衫,139,152,36,299,402087.56,574,327,1046.89,213.84,640.59,779.59,907.89,1046.89,1185.88,1314.19,1495.95,722.05,90.55
2026Q2,可隆-新疆,针织夹克,131,116,37,265,502181.3,409,284,1402.16,287.01,856.84,1043.4,1215.6,1402.16,1588.71,1760.92,2004.87,1210.22,174.04
2026Q2,可隆-新疆,羽绒服,118,162,23,230,1096943.34,424,303,3414.71,660.51,2159.74,2589.07,2985.38,3414.71,3844.04,4240.34,4801.78,2680.73,641.51
2026Q2,可隆-新疆,鞋,136,151,30,258,773108.26,490,317,2415.39,659.26,1162.8,1591.32,1986.87,2415.39,2843.91,3239.47,3799.84,1597.06,353.38
2026Q2,可隆-新疆,马夹,72,70,15,144,306697.4,222,157,1904.65,569.51,822.58,1192.76,1534.47,1904.65,2274.82,2616.53,3100.61,1674.34,325.9
2026Q2,可隆-新疆,软壳夹克,146,141,58,310,1045969.88,490,345,2818.89,828.63,1244.48,1783.09,2280.27,2818.89,3357.5,3854.68,4559.02,2141.31,585.54
2026Q2,可隆-新疆,配件,100,112,35,228,124076.67,442,247,381.03,101.74,187.73,253.86,314.9,381.03,447.16,508.2,594.68,270.34,48.07
2026Q2,可隆-新疆,抓绒夹克,104,79,31,190,527282.78,342,214,1740.93,325.52,1122.45,1334.04,1529.35,1740.93,1952.52,2147.83,2424.52,1535.26,224.67
2026Q2,可隆-新疆,防风夹克,92,192,33,314,778444.29,435,317,2573.69,711.74,1221.38,1684.01,2111.06,2573.69,3036.32,3463.36,4068.34,1858.46,302.42
2026Q2,可隆-新疆,其他,18,45,5,72,17257.79,93,68,280.49,44.95,195.09,224.3,251.27,280.49,309.7,336.67,374.88,178.74,41.49
2026Q2,可隆-新疆,棉服,73,90,22,174,742921.23,336,185,3423.88,895.4,1722.62,2304.63,2841.87,3423.88,4005.89,4543.14,5304.23,2062.54,459.1
2026Q2,可隆-新疆,连衣裙,36,26,9,59,159641.95,122,71,1636.5,298.57,1069.22,1263.29,1442.43,1636.5,1830.58,2009.72,2263.5,1245.2,268.05
2026Q2,可隆-新疆,短裤,80,163,27,245,232253.0,391,270,766.41,148.72,483.85,580.51,669.74,766.41,863.08,952.31,1078.72,580.24,136.72
2026Q2,可隆-青海,防水夹克,79,111,37,211,794173.25,327,227,3467.7,912.4,1734.13,2327.19,2874.64,3467.7,4060.76,4608.2,5383.74,2491.59,391.02
2026Q2,可隆-青海,卫衣,85,112,16,180,245820.83,321,213,1101.46,172.06,774.54,886.38,989.62,1101.46,1213.29,1316.53,1462.78,740.04,131.18
2026Q2,可隆-青海,长袖T恤,74,79,18,139,148961.01,251,171,946.74,192.69,580.63,705.88,821.49,946.74,1071.98,1187.6,1351.38,577.61,136.63
2026Q2,可隆-青海,三合一夹克,40,44,13,106,573811.01,177,97,4326.44,850.94,2709.64,3262.76,3773.32,4326.44,4879.55,5390.12,6113.42,3376.81,438.81
2026Q2,可隆-青海,POLO,59,86,48,156,264280.8,351,193,957.99,167.4,639.92,748.73,849.17,957.99,1066.8,1167.24,1309.53,720.33,136.2
2026Q2,可隆-青海,短袖T恤,91,137,23,236,120245.59,328,251,625.98,151.79,337.59,436.25,527.32,625.98,724.64,815.71,944.73,365.77,101.19
2026Q2,可隆-青海,长裤,61,134,26,177,436897.18,388,221,1463.37,394.94,712.98,969.7,1206.66,1463.37,1720.09,1957.05,2292.75,1120.68,192.84
2026Q2,可隆-青海,衬衫,38,23,8,56,64742.12,69,69,1252.95,286.24,709.09,895.14,1066.89,1252.95,1439.0,1610.75,1854.05,1017.98,284.54
2026Q2,可隆-青海,针织夹克,42,56,7,86,155672.93,185,105,1492.31,213.58,1086.5,1225.33,1353.48,1492.31,1631.14,1759.29,1940.83,887.48,235.43
2026Q2,可隆-青海,羽绒服,60,99,8,132,784852.1,280,167,3769.25,927.2,2007.57,2610.25,3166.57,3769.25,4371.93,4928.25,5716.37,2843.44,489.97
2026Q2,可隆-青海,鞋,79,119,11,182,379320.18,237,209,2249.11,704.22,911.1,1368.84,1791.37,2249.11,2706.85,3129.38,3727.96,1645.08,418.8
2026Q2,可隆-青海,马夹,17,47,13,76,166315.09,99,77,2132.33,679.87,840.58,1282.49,1690.42,2132.33,2574.25,2982.17,3560.06,1716.03,254.65
2026Q2,可隆-青海,软壳夹克,86,64,31,154,466383.15,304,181,2551.01,668.5,1280.85,1715.38,2116.48,2551.01,2985.54,3386.64,3954.86,1658.6,428.32
2026Q2,可隆-青海,配件,55,49,12,100,61847.27,175,116,466.74,77.09,320.27,370.38,416.63,466.74,516.85,563.1,628.63,354.45,69.36
2026Q2,可隆-青海,抓绒夹克,19,30,6,45,67159.63,83,55,1628.21,350.08,963.05,1190.61,1400.66,1628.21,1855.77,2065.82,2363.39,788.37,166.3
2026Q2,可隆-青海,防风夹克,80,72,17,148,529486.66,270,169,2542.54,616.33,1371.51,1772.12,2141.92,2542.54,2943.15,3312.95,3836.83,1915.32,485.47
2026Q2,可隆-青海,其他,16,44,6,48,22877.34,93,66,297.89,57.72,188.23,225.75,260.38,297.89,335.4,370.03,419.09,247.55,51.43
2026Q2,可隆-青海,棉服,37,62,4,91,292309.15,174,103,2787.55,852.64,1167.53,1721.74,2233.33,2787.55,3341.77,3853.35,4578.1,1721.29,348.51
2026Q2,可隆-青海,连衣裙,9,6,2,19,32654.6,27,17,1494.61,426.23,684.77,961.82,1217.56,1494.61,1771.66,2027.39,2389.69,1218.94,262.98
2026Q2,可隆-青海,短裤,31,30,9,65,71059.92,99,70,920.25,231.52,480.37,630.85,769.76,920.25,1070.73,1209.64,1406.43,696.83,127.27
2026Q2,可隆-线下山,防水夹克,134,297,96,447,1702397.1,825,527,3719.72,925.86,1960.58,2562.39,3117.91,3719.72,4321.53,4877.05,5664.03,2361.47,487.53
2026Q2,可隆-线下山,卫衣,159,114,50,408,662499.01,682,323,1155.66,187.95,798.56,920.73,1033.5,1155.66,1277.83,1390.6,1550.35,945.59,136.0
2026Q2,可隆-线下山,长袖T恤,87,192,36,330,466553.31,592,315,907.85,269.21,396.35,571.34,732.86,907.85,1082.84,1244.37,1473.2,805.64,121.09
2026Q2,可隆-线下山,三合一夹克,151,120,58,252,1933321.29,600,329,4509.05,811.66,2966.9,3494.48,3981.47,4509.05,5036.62,5523.62,6213.53,3048.46,651.52
2026Q2,可隆-线下山,POLO,164,283,50,437,622785.54,881,497,990.31,214.81,582.17,721.8,850.68,990.31,1129.94,1258.83,1441.42,712.58,122.35
2026Q2,可隆-线下山,短袖T恤,186,361,77,571,525506.53,1063,624,736.61,208.79,339.91,475.62,600.89,736.61,872.32,997.59,1175.06,471.06,82.14
2026Q2,可隆-线下山,长裤,239,212,45,437,741197.88,726,496,1365.97,431.84,545.47,826.16,1085.27,1365.97,1646.67,1905.78,2272.85,976.02,186.63
2026Q2,可隆-线下山,衬衫,157,199,35,342,578461.39,596,391,1275.46,183.22,927.35,1046.44,1156.37,1275.46,1394.55,1504.48,1660.22,907.81,109.55
2026Q2,可隆-线下山,针织夹克,81,109,35,215,458004.63,392,225,1638.03,260.0,1144.04,1313.04,1469.04,1638.03,1807.03,1963.03,2184.03,1101.83,298.63
2026Q2,可隆-线下山,羽绒服,161,223,50,301,1421962.64,672,434,3540.61,699.76,2211.08,2665.92,3085.77,3540.61,3995.46,4415.31,5010.1,2224.09,463.03
2026Q2,可隆-线下山,鞋,103,197,14,233,746475.46,493,314,2261.46,446.07,1413.93,1703.87,1971.52,2261.46,2551.41,2819.05,3198.21,1431.06,229.82
2026Q2,可隆-线下山,马夹,93,94,33,173,530891.26,370,220,2064.84,463.53,1184.14,1485.43,1763.55,2064.84,2366.14,2644.25,3038.25,1372.27,379.13
2026Q2,可隆-线下山,软壳夹克,163,261,63,384,1450939.13,774,487,3070.02,922.24,1317.77,1917.22,2470.57,3070.02,3669.48,4222.82,5006.72,2081.47,346.3
2026Q2,可隆-线下山,配件,81,125,20,214,134278.49,419,226,424.7,71.52,288.81,335.3,378.21,424.7,471.19,514.1,574.9,296.77,70.0
2026Q2,可隆-线下山,抓绒夹克,58,90,8,158,366423.77,230,156,1873.19,262.73,1373.99,1544.77,1702.41,1873.19,2043.96,2201.6,2424.93,1542.28,417.74
2026Q2,可隆-线下山,防风夹克,227,153,55,401,1137602.58,661,435,2342.39,338.6,1699.05,1919.14,2122.3,2342.39,2562.48,2765.64,3053.46,1789.36,294.27
2026Q2,可隆-线下山,其他,30,59,12,94,36153.82,155,101,282.0,62.51,163.23,203.86,241.37,282.0,322.63,360.14,413.28,231.09,54.39
2026Q2,可隆-线下山,棉服,147,213,42,307,1027139.07,611,402,2588.07,414.34,1800.82,2070.14,2318.75,2588.07,2857.39,3106.0,3458.19,1629.94,347.03
2026Q2,可隆-线下山,连衣裙,20,27,7,62,120533.19,84,54,1578.85,361.77,891.49,1126.64,1343.7,1578.85,1814.0,2031.06,2338.56,1360.71,342.37
2026Q2,可隆-线下山,短裤,98,124,34,279,223514.15,403,256,861.78,150.78,575.3,673.31,763.77,861.78,959.79,1050.26,1178.42,600.95,123.22
